category	hgnc_id	hgnc_symbol	uniprot_acc	ensembl_gene	ncbi_gene_id	uniprot_flag	go_flag	hpa_flag	surfy_flag	cspa_flag	n_db_votes	sonnet_ncbi_dual_flag	adc_source
ADC	HGNC:10256	ROR1	Q01973	ENSG00000185483	4919	1	0	0	1	1	3	1	ADCdb
ADC	HGNC:10257	ROR2	Q01974	ENSG00000169071	4920	1	0	0	1	1	3	1	ADCdb
ADC	HGNC:1060	CXCR5	P32302	ENSG00000160683	643	1	1	0	1	1	4	1	ADCdb
ADC	HGNC:10609	CCL1		ENSG00000108702	6346	0	0	0	0	0	0	0	ADCdb
ADC	HGNC:10658	SDC1	P18827	ENSG00000115884	6382	1	1	0	1	0	3	1	TheraSAbDab
ADC	HGNC:10729	SEMA4A	Q9H3S1	ENSG00000196189	64218	1	0	0	1	1	3	1	ADCdb
ADC	HGNC:10943	SLC1A5	Q15758	ENSG00000105281	6510	1	1	1	1	1	5	1	ADCdb
ADC	HGNC:11020	SLC34A2	O95436	ENSG00000157765	10568	1	1	1	1	0	4	1	TheraSAbDab
ADC	HGNC:11026	SLC3A2	P08195	ENSG00000168003	6520	1	1	1	1	1	5	1	ADCdb
ADC	HGNC:11059	SLC7A11	Q9UPY5	ENSG00000151012	23657	1	1	0	0	0	2	1	ADCdb
ADC	HGNC:1116	BSG	P35613	ENSG00000172270	682	1	0	0	1	1	3	1	ADCdb
ADC	HGNC:11331	SSTR2	P30874	ENSG00000180616	6752	1	0	0	1	0	2	1	ADCdb
ADC	HGNC:11344	ST14	Q9Y5Y6	ENSG00000149418	6768	1	0	0	0	1	2	1	ADCdb
ADC	HGNC:11378	STEAP1	Q9UHE8	ENSG00000164647	26872	0	0	0	0	0	0	1	TheraSAbDab
ADC	HGNC:11529	EPCAM	P16422	ENSG00000119888	4072	1	1	1	1	1	5	1	TheraSAbDab
ADC	HGNC:11530	TACSTD2	P09758	ENSG00000184292	4070	1	1	1	1	1	5	1	TheraSAbDab
ADC	HGNC:11763	TFRC	P02786	ENSG00000072274	7037	1	1	0	0	1	3	1	TheraSAbDab
ADC	HGNC:11766	TGFB1	P01137	ENSG00000105329	7040	0	1	1	0	1	3	1	ADCdb
ADC	HGNC:11772	TGFBR1	P36897	ENSG00000106799	7046	1	1	1	1	0	4	1	ADCdb
ADC	HGNC:11853	TM4SF1	P30408	ENSG00000169908	4071	1	0	0	1	0	2	1	ADCdb
ADC	HGNC:11867	TMEFF2	Q9UIK5	ENSG00000144339	23671	1	0	0	1	0	2	1	ADCdb
ADC	HGNC:11892	TNF	P01375	ENSG00000232810	7124	1	1	0	0	0	2	1	ADCdb
ADC	HGNC:11905	TNFRSF10B	O14763	ENSG00000120889	8795	1	1	0	0	0	2	1	ADCdb
ADC	HGNC:11913	TNFRSF17	Q02223	ENSG00000048462	608	1	0	0	1	1	3	1	TheraSAbDab
ADC	HGNC:11916	TNFRSF1A	P19438	ENSG00000067182	7132	1	1	0	1	1	4	1	ADCdb
ADC	HGNC:11917	TNFRSF1B	P20333	ENSG00000028137	7133	1	0	0	1	0	2	1	ADCdb
ADC	HGNC:11919	CD40	P25942	ENSG00000101017	958	1	1	1	1	1	5	1	ADCdb
ADC	HGNC:11923	TNFRSF8	P28908	ENSG00000120949	943	1	0	1	1	1	4	1	TheraSAbDab
ADC	HGNC:11925	TNFSF10	P50591	ENSG00000121858	8743	1	0	0	0	0	1	1	ADCdb
ADC	HGNC:11934	TNFSF4	P23510	ENSG00000117586	7292	1	1	0	1	0	3	1	ADCdb
ADC	HGNC:11937	CD70	P32970	ENSG00000125726	970	1	0	0	1	1	3	1	TheraSAbDab
ADC	HGNC:12004	TPBG	Q13641	ENSG00000146242	7162	1	1	0	1	1	4	1	ADCdb
ADC	HGNC:12647	VAMP8	Q9BV40	ENSG00000118640	8673	0	1	1	0	0	2	0	ADCdb
ADC	HGNC:12680	VEGFA		ENSG00000112715	7422	0	0	0	0	0	0	0	ADCdb
ADC	HGNC:13258	CLEC4C	Q8WTT0	ENSG00000198178	170482	1	1	0	0	0	2	1	ADCdb
ADC	HGNC:13299	LGR4	Q9BXB1	ENSG00000205213	55366	1	0	0	1	0	2	1	ADCdb
ADC	HGNC:13310	GPRC5D	Q9NZD1	ENSG00000111291	55507	1	0	0	1	0	2	1	ADCdb
ADC	HGNC:1338	C5AR1	P21730	ENSG00000197405	728	1	1	0	1	0	3	1	ADCdb
ADC	HGNC:1380	CA6		ENSG00000131686	765	0	0	0	0	0	0	0	ADCdb
ADC	HGNC:1383	CA9	Q16790	ENSG00000107159	768	1	0	1	0	0	2	1	ADCdb
ADC	HGNC:13941	SLC44A4	Q53GD3	ENSG00000204385	80736	1	1	0	1	0	3	1	ADCdb
ADC	HGNC:14558	CLEC7A	Q9BXN2	ENSG00000172243	64581	1	1	0	1	0	3	1	ADCdb
ADC	HGNC:14562	BET1		ENSG00000105829	10282	0	0	0	0	0	0	0	ADCdb
ADC	HGNC:15532	JAM3	Q9BX67	ENSG00000166086	83700	1	0	0	1	1	3	1	ADCdb
ADC	HGNC:15582	MUC16	Q8WXI7	ENSG00000181143	94025	1	1	0	1	1	4	1	TheraSAbDab
ADC	HGNC:15955	SEZ6	Q53EL9	ENSG00000063015	124925	1	0	0	1	0	2	1	ADCdb
ADC	HGNC:1603	CCR2	P41597	ENSG00000121807	729230	1	1	1	1	0	4	1	TheraSAbDab
ADC	HGNC:1605	CCR4	P51679	ENSG00000183813	1233	1	1	1	1	1	5	1	ADCdb
ADC	HGNC:1608	CCR7	P32248	ENSG00000126353	1236	1	1	0	1	1	4	1	ADCdb
ADC	HGNC:1631	CD163	Q86VB7	ENSG00000177575	9332	1	1	1	1	1	5	1	ADCdb
ADC	HGNC:1633	CD19	P15391	ENSG00000177455	930	1	1	0	1	1	4	1	TheraSAbDab
ADC	HGNC:1639	CD2	P06729	ENSG00000116824	914	1	1	1	1	1	5	1	ADCdb
ADC	HGNC:1643	CD22	P20273	ENSG00000012124	933	1	1	0	1	1	4	1	TheraSAbDab
ADC	HGNC:1645	CD24	P25063	ENSG00000272398	100133941	0	1	0	1	0	2	1	ADCdb
ADC	HGNC:1659	CD33	P20138	ENSG00000105383	945	1	1	1	1	1	5	1	TheraSAbDab
ADC	HGNC:1666	CD37	P11049	ENSG00000104894	951	1	1	1	1	1	5	1	TheraSAbDab
ADC	HGNC:1667	CD38	P28907	ENSG00000004468	952	1	0	1	1	1	4	1	ADCdb
ADC	HGNC:1673	CD3D	P04234	ENSG00000167286	915	1	1	0	1	1	4	1	ADCdb
ADC	HGNC:1674	CD3E	P07766	ENSG00000198851	916	1	1	1	0	0	3	1	TheraSAbDab
ADC	HGNC:1678	CD4	P01730	ENSG00000010610	920	1	1	1	1	1	5	1	ADCdb
ADC	HGNC:1681	CD44	P16070	ENSG00000026508	960	1	1	1	1	1	5	1	Open Targets
ADC	HGNC:1682	CD47	Q08722	ENSG00000196776	961	1	1	1	1	1	5	1	ADCdb
ADC	HGNC:1683	CD48	P09326	ENSG00000117091	962	0	0	1	1	1	3	1	ADCdb
ADC	HGNC:1685	CD5	P06127	ENSG00000110448	921	1	0	0	1	1	3	1	Open Targets
ADC	HGNC:16875	MRC2	Q9UBG0	ENSG00000011028	9902	1	0	0	1	1	3	1	ADCdb
ADC	HGNC:1689	CD59	P13987	ENSG00000085063	966	0	1	0	1	1	3	1	ADCdb
ADC	HGNC:1691	CD6	P30203	ENSG00000013725	923	1	1	0	1	1	4	1	TheraSAbDab
ADC	HGNC:1695	CD7	P09564	ENSG00000173762	924	1	0	0	1	1	3	1	ADCdb
ADC	HGNC:1697	CD74	P04233	ENSG00000019582	972	1	1	0	1	1	4	1	TheraSAbDab
ADC	HGNC:1699	CD79B	P40259	ENSG00000007312	974	1	1	1	1	1	5	1	TheraSAbDab
ADC	HGNC:1705	CD86	P42081	ENSG00000114013	942	1	1	1	1	1	5	1	ADCdb
ADC	HGNC:1706	CD8A	P01732	ENSG00000153563	925	1	1	1	1	0	4	1	ADCdb
ADC	HGNC:1756	CDH17	Q12864	ENSG00000079112	1015	1	1	1	1	1	5	1	ADCdb
ADC	HGNC:1762	CDH3	P22223	ENSG00000062038	1001	1	1	1	1	1	5	1	ADCdb
ADC	HGNC:17635	CD274	Q9NZQ7	ENSG00000120217	29126	1	1	1	1	1	5	1	ADCdb
ADC	HGNC:1765	CDH6	P55285	ENSG00000113361	1004	1	1	1	1	1	5	1	TheraSAbDab
ADC	HGNC:17866	HAVCR1	Q96D42	ENSG00000113249	26762	1	1	0	1	0	3	1	ADCdb
ADC	HGNC:17869	AFF4		ENSG00000072364	27125	0	0	0	0	0	0	0	ADCdb
ADC	HGNC:17885	STEAP2	Q8NFT2	ENSG00000157214	261729	0	0	0	0	0	0	1	ADCdb
ADC	HGNC:1804	CD52	P31358	ENSG00000169442	1043	0	0	0	1	0	1	1	ADCdb
ADC	HGNC:18152	TNFRSF12A	Q9NP84	ENSG00000006327	51330	1	0	1	0	0	2	1	ADCdb
ADC	HGNC:1817	CEACAM5	P06731	ENSG00000105388	1048	1	1	1	1	0	4	1	TheraSAbDab
ADC	HGNC:1818	CEACAM6	P40199	ENSG00000086548	4680	1	1	0	1	1	4	1	ADCdb
ADC	HGNC:18219	CD248	Q9HCU0	ENSG00000174807	57124	1	1	1	1	0	4	1	ADCdb
ADC	HGNC:18505	RNF43	Q68DV7	ENSG00000108375	54894	1	0	0	1	0	2	1	ADCdb
ADC	HGNC:18508	FCRL5	Q96RD9	ENSG00000143297	83416	1	1	0	1	1	4	1	ADCdb
ADC	HGNC:18607	SLC39A6	Q13433	ENSG00000141424	25800	1	1	1	1	1	5	1	TheraSAbDab
ADC	HGNC:18731	PDCD1LG2	Q9BQ51	ENSG00000197646	80380	1	1	0	1	1	4	1	ADCdb
ADC	HGNC:19137	CD276	Q5ZPR3	ENSG00000103855	80381	1	1	0	1	1	4	1	TheraSAbDab
ADC	HGNC:19688	NECTIN4	Q96NY8	ENSG00000143217	81607	1	0	1	1	0	3	1	TheraSAbDab
ADC	HGNC:2032	CLDN1	O95832	ENSG00000163347	9076	1	1	0	1	0	3	1	ADCdb
ADC	HGNC:2039	CLDN18	P56856	ENSG00000066405	51208	1	0	1	1	0	3	1	TheraSAbDab
ADC	HGNC:2048	CLDN6	P56747	ENSG00000184697	9074	1	0	0	1	0	2	1	TheraSAbDab
ADC	HGNC:2051	CLDN9	O95484	ENSG00000213937	9080	1	0	1	1	0	3	1	ADCdb
ADC	HGNC:20818	LRRC15	Q8TF66	ENSG00000172061	131578	1	1	1	1	1	5	1	TheraSAbDab
ADC	HGNC:21014	ANTXR1	Q9H6X2	ENSG00000169604	84168	1	1	0	1	1	4	1	ADCdb
ADC	HGNC:21392	SLAMF6	Q96DU3	ENSG00000162739	114836	1	1	1	1	1	5	1	ADCdb
ADC	HGNC:21394	SLAMF7	Q9NQ25	ENSG00000026751	57823	1	1	0	1	1	4	1	TheraSAbDab
ADC	HGNC:216	ADAM9	Q13443	ENSG00000168615	8754	1	1	0	1	1	4	1	TheraSAbDab
ADC	HGNC:21625	ANO1	Q5XXA6	ENSG00000131620	55107	1	1	1	1	0	4	1	ADCdb
ADC	HGNC:21732	ANTXR2	P58335	ENSG00000163297	118429	1	1	0	1	0	3	1	ADCdb
ADC	HGNC:2220	COLEC10	Q9Y6Z7	ENSG00000184374	10584	0	1	0	0	0	1	1	ADCdb
ADC	HGNC:23029	DPEP3	Q9H4B8	ENSG00000141096	64180	0	0	0	1	0	1	1	TheraSAbDab
ADC	HGNC:2334	CR1	P17927	ENSG00000203710	1378	1	1	1	1	1	5	1	ADCdb
ADC	HGNC:23503	SLITRK6	Q9H5Y7	ENSG00000184564	84189	1	1	1	1	1	5	1	TheraSAbDab
ADC	HGNC:24357	CDCP1	Q9H5V8	ENSG00000163814	64866	1	0	0	1	1	3	1	ADCdb
ADC	HGNC:2439	CSF3R	Q99062	ENSG00000119535	1441	1	1	0	1	0	3	1	ADCdb
ADC	HGNC:24880	LYPD3	O95274	ENSG00000124466	27076	0	0	0	1	1	2	1	TheraSAbDab
ADC	HGNC:2505	CTLA4	P16410	ENSG00000163599	1493	1	1	0	1	0	3	1	ADCdb
ADC	HGNC:2529	CTSD	P07339	ENSG00000117984	1509	0	0	0	0	1	1	1	ADCdb
ADC	HGNC:2561	CXCR4	P61073	ENSG00000121966	7852	1	1	0	1	0	3	1	ADCdb
ADC	HGNC:2665	CD55	P08174	ENSG00000196352	1604	0	1	0	1	1	3	1	ADCdb
ADC	HGNC:26838	TIGIT	Q495A1	ENSG00000181847	201633	1	1	0	1	1	4	1	ADCdb
ADC	HGNC:2700	DCLK1		ENSG00000133083	9201	0	0	0	0	0	0	0	ADCdb
ADC	HGNC:2771	CFD		ENSG00000197766	1675	0	0	0	0	0	0	0	ADCdb
ADC	HGNC:27905	MSL1		ENSG00000188895	339287	0	0	0	0	0	0	0	ADCdb
ADC	HGNC:2810	GSDME	O60443	ENSG00000105928	1687	0	0	0	0	0	0	1	ADCdb
ADC	HGNC:28873	VTCN1	Q7Z7D3	ENSG00000134258	79679	1	1	1	1	0	4	1	TheraSAbDab
ADC	HGNC:28993	PIEZO1	Q92508	ENSG00000103335	9780	1	0	0	1	1	3	1	ADCdb
ADC	HGNC:2907	DLK1	P80370	ENSG00000185559	8788	1	0	0	1	0	2	1	ADCdb
ADC	HGNC:2909	DLL3	Q9NYJ7	ENSG00000090932	10683	1	0	1	1	0	3	1	TheraSAbDab
ADC	HGNC:2910	DLL4	Q9NR61	ENSG00000128917	54567	1	0	0	1	0	2	1	ADCdb
ADC	HGNC:29480	LRG1	P02750	ENSG00000171236	116844	0	0	0	0	0	0	1	ADCdb
ADC	HGNC:29572	LSR	Q86X29	ENSG00000105699	51599	1	0	1	0	0	2	1	ADCdb
ADC	HGNC:29602	PDPN	Q86YL7	ENSG00000162493	10630	1	1	1	0	0	3	1	ADCdb
ADC	HGNC:3009	DPP4	P27487	ENSG00000197635	1803	1	1	0	1	1	4	1	ADCdb
ADC	HGNC:31713	CLEC12A	Q5QGZ9	ENSG00000172322	160364	1	0	0	1	1	3	1	ADCdb
ADC	HGNC:3180	EDNRB	P24530	ENSG00000136160	1910	1	0	1	1	0	3	1	ADCdb
ADC	HGNC:320	AGER	Q15109	ENSG00000204305	177	1	1	1	1	0	4	1	ADCdb
ADC	HGNC:3224	EFNA4	P52798	ENSG00000243364	1945	0	0	0	1	1	2	1	ADCdb
ADC	HGNC:3229	EGF	P01133	ENSG00000138798	1950	1	0	0	1	0	2	1	ADCdb
ADC	HGNC:3236	EGFR	P00533	ENSG00000146648	1956	1	1	1	1	1	5	1	TheraSAbDab
ADC	HGNC:3349	ENG	P17813	ENSG00000106991	2022	1	1	1	1	1	5	1	ADCdb
ADC	HGNC:33494	CT83		ENSG00000204019	203413	0	0	0	0	0	0	0	ADCdb
ADC	HGNC:3356	ENPP1	P22413	ENSG00000197594	5167	1	1	0	1	1	4	1	ADCdb
ADC	HGNC:3358	ENPP3	O14638	ENSG00000154269	5169	1	1	0	0	1	3	1	ADCdb
ADC	HGNC:3386	EPHA2	P29317	ENSG00000142627	1969	1	1	1	1	1	5	1	ADCdb
ADC	HGNC:3387	EPHA3	P29320	ENSG00000044524	2042	1	0	1	1	1	4	1	ADCdb
ADC	HGNC:3416	EPOR	P19235	ENSG00000187266	2057	1	1	1	1	0	4	1	ADCdb
ADC	HGNC:3430	ERBB2	P04626	ENSG00000141736	2064	1	1	1	1	1	5	1	TheraSAbDab
ADC	HGNC:3431	ERBB3	P21860	ENSG00000065361	2065	1	1	1	1	1	5	1	TheraSAbDab
ADC	HGNC:3541	F3	P13726	ENSG00000117525	2152	1	1	0	1	1	4	1	TheraSAbDab
ADC	HGNC:3590	FAP	Q12884	ENSG00000078098	2191	1	1	0	1	1	4	1	ADCdb
ADC	HGNC:3609	FCER1A	P12319	ENSG00000179639	2205	1	1	0	1	0	3	1	ADCdb
ADC	HGNC:3688	FGFR1	P11362	ENSG00000077782	2260	1	0	0	1	1	3	1	ADCdb
ADC	HGNC:3689	FGFR2	P21802	ENSG00000066468	2263	1	1	1	1	1	5	1	TheraSAbDab
ADC	HGNC:3690	FGFR3	P22607	ENSG00000068078	2261	1	0	0	1	1	3	1	ADCdb
ADC	HGNC:3691	FGFR4	P22455	ENSG00000160867	2264	1	0	0	1	1	3	1	ADCdb
ADC	HGNC:3763	FLT1	P17948	ENSG00000102755	2321	1	0	1	1	1	4	1	ADCdb
ADC	HGNC:3765	FLT3	P36888	ENSG00000122025	2322	1	0	0	1	1	3	1	ADCdb
ADC	HGNC:3774	FMOD	Q06828	ENSG00000122176	2331	0	0	0	0	0	0	0	ADCdb
ADC	HGNC:3778	FN1	P02751	ENSG00000115414	2335	0	0	0	0	1	1	1	ADCdb
ADC	HGNC:3788	FOLH1	Q04609	ENSG00000086205	2346	1	1	0	1	0	3	1	TheraSAbDab
ADC	HGNC:3791	FOLR1	P15328	ENSG00000110195	2348	1	1	0	1	1	4	1	TheraSAbDab
ADC	HGNC:399	ALB		ENSG00000163631	213	0	0	0	0	0	0	0	ADCdb
ADC	HGNC:400	ALCAM	Q13740	ENSG00000170017	214	1	1	0	1	1	4	1	TheraSAbDab
ADC	HGNC:4029	FXYD5	Q96DB9	ENSG00000089327	53827	1	0	0	0	0	1	1	ADCdb
ADC	HGNC:4039	FZD10	Q9ULW2	ENSG00000111432	11211	1	1	0	1	0	3	1	TheraSAbDab
ADC	HGNC:4045	FZD7	O75084	ENSG00000155760	8324	1	0	0	1	0	2	1	ADCdb
ADC	HGNC:4089	GABRP	O00591	ENSG00000094755	2568	1	0	0	1	0	2	1	ADCdb
ADC	HGNC:4223	MSTN		ENSG00000138379	2660	0	0	0	0	0	0	0	ADCdb
ADC	HGNC:4243	GFRA1	P56159	ENSG00000151892	2674	0	1	0	1	1	3	1	ADCdb
ADC	HGNC:427	ALK	Q9UM73	ENSG00000171094	238	1	0	1	1	0	3	1	ADCdb
ADC	HGNC:439	ALPP	P05187	ENSG00000163283	250	0	1	1	1	1	4	1	ADCdb
ADC	HGNC:441	ALPG	P10696	ENSG00000163286	251	0	0	1	1	0	2	1	ADCdb
ADC	HGNC:4449	GPC1	P35052	ENSG00000063660	2817	0	1	1	1	1	4	1	ADCdb
ADC	HGNC:4450	GPC2	Q8N158	ENSG00000213420	221914	0	1	0	1	0	2	1	ADCdb
ADC	HGNC:4451	GPC3	P51654	ENSG00000147257	2719	0	1	1	1	0	3	1	ADCdb
ADC	HGNC:4462	GPNMB	Q14956	ENSG00000136235	10457	1	0	0	1	1	3	1	TheraSAbDab
ADC	HGNC:4475	GPR20	Q99678	ENSG00000204882	2843	1	0	1	1	0	3	1	ADCdb
ADC	HGNC:4504	LGR5	O75473	ENSG00000139292	8549	1	0	0	1	0	2	1	ADCdb
ADC	HGNC:4512	ADGRG1	Q9Y653	ENSG00000205336	9289	1	0	0	1	1	3	1	ADCdb
ADC	HGNC:4540	CXCR3	P49682	ENSG00000186810	2833	1	1	0	1	1	4	1	ADCdb
ADC	HGNC:465	AMHR2	Q16671	ENSG00000135409	269	1	0	0	1	0	2	1	ADCdb
ADC	HGNC:4688	GUCY2C	P25092	ENSG00000070019	2984	1	0	0	1	0	2	1	TheraSAbDab
ADC	HGNC:4947	HLA-DRA	P01903	ENSG00000204287	3122	1	1	0	1	1	4	1	ADCdb
ADC	HGNC:4964	HLA-G	P17693	ENSG00000204632	3135	1	1	0	1	0	3	1	ADCdb
ADC	HGNC:500	ANPEP	P15144	ENSG00000166825	290	1	0	1	1	1	4	1	ADCdb
ADC	HGNC:5012	HMMR	O75330	ENSG00000072571	3161	1	0	0	0	0	1	1	ADCdb
ADC	HGNC:5232	HSPA1A	P0DMV8	ENSG00000204389	3303	0	0	0	0	0	0	1	ADCdb
ADC	HGNC:5238	HSPA5	P11021	ENSG00000044574	3309	1	0	0	0	0	1	1	ADCdb
ADC	HGNC:5344	ICAM1	P05362	ENSG00000090339	3383	1	1	1	1	1	5	1	ADCdb
ADC	HGNC:5351	ICOS	Q9Y6W8	ENSG00000163600	29851	1	0	1	1	0	3	1	ADCdb
ADC	HGNC:536	ANXA13	P27216	ENSG00000104537	312	1	1	1	0	0	3	1	ADCdb
ADC	HGNC:5433	IFNAR2	P48551	ENSG00000159110	3455	1	0	0	1	1	3	1	ADCdb
ADC	HGNC:5465	IGF1R	P08069	ENSG00000140443	3480	1	1	1	1	1	5	1	ADCdb
ADC	HGNC:5973	IL13		ENSG00000169194	3596	0	0	0	0	0	0	0	ADCdb
ADC	HGNC:5975	IL13RA2	Q14627	ENSG00000123496	3598	1	1	1	1	1	5	1	ADCdb
ADC	HGNC:5994	IL1R2	P27930	ENSG00000115590	7850	1	1	0	1	1	4	1	ADCdb
ADC	HGNC:5995	IL1RAP	Q9NPH3	ENSG00000196083	3556	1	1	0	1	1	4	1	ADCdb
ADC	HGNC:5998	IL1RL1	Q01638	ENSG00000115602	9173	1	1	1	1	0	4	1	ADCdb
ADC	HGNC:6008	IL2RA	P01589	ENSG00000134460	3559	1	1	0	1	1	4	1	TheraSAbDab
ADC	HGNC:6012	IL3RA	P26951	ENSG00000185291	3563	1	1	0	1	1	4	1	TheraSAbDab
ADC	HGNC:6024	IL7R	P16871	ENSG00000168685	3575	1	1	1	1	1	5	1	ADCdb
ADC	HGNC:612	APOD	P05090	ENSG00000189058	347	0	0	1	0	1	2	0	ADCdb
ADC	HGNC:6135	ITGA10	O75578	ENSG00000143127	8515	1	1	0	1	1	4	1	ADCdb
ADC	HGNC:6139	ITGA3	P26006	ENSG00000005884	3675	1	1	1	1	1	5	1	ADCdb
ADC	HGNC:6140	ITGA4	P13612	ENSG00000115232	3676	1	1	1	1	1	5	1	ADCdb
ADC	HGNC:6141	ITGA5	P08648	ENSG00000161638	3678	1	1	0	1	1	4	1	ADCdb
ADC	HGNC:6150	ITGAV	P06756	ENSG00000138448	3685	1	1	0	1	1	4	1	ADCdb
ADC	HGNC:6153	ITGB1	P05556	ENSG00000150093	3688	1	1	1	1	1	5	1	ADCdb
ADC	HGNC:6156	ITGB3	P05106	ENSG00000259207	3690	1	1	1	1	1	5	1	ADCdb
ADC	HGNC:6161	ITGB6	P18564	ENSG00000115221	3694	1	1	1	1	1	5	1	TheraSAbDab
ADC	HGNC:6307	KDR	P35968	ENSG00000128052	3791	1	0	0	1	0	2	1	ADCdb
ADC	HGNC:6342	KIT	P10721	ENSG00000157404	3815	1	0	1	1	1	4	1	TheraSAbDab
ADC	HGNC:6363	KLK2	P20151	ENSG00000167751	3817	0	0	0	0	0	0	0	TheraSAbDab
ADC	HGNC:6364	KLK3	P07288	ENSG00000142515	354	0	0	0	0	0	0	1	ADCdb
ADC	HGNC:6476	LAG3	P18627	ENSG00000089692	3902	1	1	0	1	0	3	1	TheraSAbDab
ADC	HGNC:6499	LAMP1	P11279	ENSG00000185896	3916	0	0	0	1	1	2	1	ADCdb
ADC	HGNC:6502	RPSA	P08865	ENSG00000168028	3921	0	0	1	0	0	1	1	ADCdb
ADC	HGNC:651	AREG	P15514	ENSG00000109321	374	0	1	0	1	1	3	1	ADCdb
ADC	HGNC:6564	LGALS3BP	Q08380	ENSG00000108679	3959	0	0	0	0	1	1	1	ADCdb
ADC	HGNC:6727	LY6E	Q16553	ENSG00000160932	4061	0	0	0	1	0	1	1	ADCdb
ADC	HGNC:6729	LY75	O60449	ENSG00000054219	4065	1	0	0	1	1	3	1	TheraSAbDab
ADC	HGNC:6765	MADCAM1	Q13477	ENSG00000099866	8174	1	0	0	0	0	1	1	ADCdb
ADC	HGNC:6934	MCAM	P43121	ENSG00000076706	4162	1	1	1	1	1	5	1	ADCdb
ADC	HGNC:6953	CD46	P15529	ENSG00000117335	4179	1	1	1	1	1	5	1	ADCdb
ADC	HGNC:7027	MERTK	Q12866	ENSG00000153208	10461	1	0	1	1	1	4	1	ADCdb
ADC	HGNC:7029	MET	P08581	ENSG00000105976	4233	1	1	1	1	1	5	1	TheraSAbDab
ADC	HGNC:7037	MELTF	P08582	ENSG00000163975	4241	0	1	0	1	1	3	1	ADCdb
ADC	HGNC:7082	CD99	P14209	ENSG00000002586	4267	1	0	0	0	0	1	1	ADCdb
ADC	HGNC:7090	MICA	Q29983	ENSG00000204520	100507436	1	1	0	1	1	4	1	ADCdb
ADC	HGNC:7176	MMP9	P14780	ENSG00000100985	4318	0	0	0	0	0	0	1	ADCdb
ADC	HGNC:7228	MRC1	P22897	ENSG00000260314	4360	1	0	0	1	1	3	1	ADCdb
ADC	HGNC:7315	MS4A1	P11836	ENSG00000156738	931	1	1	1	1	1	5	1	TheraSAbDab
ADC	HGNC:7371	MSLN	Q13421	ENSG00000102854	10232	0	1	1	1	1	4	1	TheraSAbDab
ADC	HGNC:7381	MST1R	Q04912	ENSG00000164078	4486	1	1	0	1	1	4	1	ADCdb
ADC	HGNC:742	ASGR1	P07306	ENSG00000141505	432	1	1	1	1	0	4	1	ADCdb
ADC	HGNC:7463	MTNR1A	P48039	ENSG00000168412	4543	1	0	0	1	0	2	1	ADCdb
ADC	HGNC:7508	MUC1	P15941	ENSG00000185499	4582	1	1	1	1	0	4	1	TheraSAbDab
ADC	HGNC:757	ASPH	Q12797	ENSG00000198363	444	0	0	0	0	1	1	1	ADCdb
ADC	HGNC:7656	NCAM1	P13591	ENSG00000149294	4684	1	1	1	1	1	5	1	TheraSAbDab
ADC	HGNC:7809	NGFR	P08138	ENSG00000064300	4804	1	1	1	1	0	4	1	ADCdb
ADC	HGNC:7883	NOTCH3	Q9UM47	ENSG00000074181	4854	1	1	1	1	0	4	1	ADCdb
ADC	HGNC:8021	NT5E	P21589	ENSG00000135318	4907	0	1	1	1	1	4	1	ADCdb
ADC	HGNC:8032	NTRK2	Q16620	ENSG00000148053	4915	1	0	1	1	1	4	1	ADCdb
ADC	HGNC:8537	P2RX7	Q99572	ENSG00000089041	5027	1	0	0	1	1	3	1	ADCdb
ADC	HGNC:8760	PDCD1	Q15116	ENSG00000188389	5133	1	1	0	1	1	4	1	ADCdb
ADC	HGNC:8803	PDGFRA	P16234	ENSG00000134853	5156	1	0	1	1	1	4	1	ADCdb
ADC	HGNC:8804	PDGFRB	P09619	ENSG00000113721	5159	1	1	0	1	1	4	1	ADCdb
ADC	HGNC:905	AXL	P30530	ENSG00000167601	558	1	1	1	1	1	5	1	TheraSAbDab
ADC	HGNC:9053	PLAUR	Q03405	ENSG00000011422	5329	0	1	1	1	1	4	1	ADCdb
ADC	HGNC:914	B2M	P61769	ENSG00000166710	567	1	1	1	0	0	3	1	ADCdb
ADC	HGNC:9171	PODXL	O00592	ENSG00000128567	5420	1	1	1	1	1	5	1	ADCdb
ADC	HGNC:9446	PRLR	P16471	ENSG00000113494	5618	1	1	0	1	0	3	1	TheraSAbDab
ADC	HGNC:9449	PRNP	P04156	ENSG00000171867	5621	0	1	0	1	1	3	1	ADCdb
ADC	HGNC:9454	PROM1	O43490	ENSG00000007062	8842	1	1	1	1	1	5	1	ADCdb
ADC	HGNC:9519	PSG2		ENSG00000242221	5670	0	0	0	0	0	0	0	ADCdb
ADC	HGNC:9601	PTGFRN	Q9P2B2	ENSG00000134247	5738	1	1	0	1	1	4	1	ADCdb
ADC	HGNC:9618	PTK7	Q13308	ENSG00000112655	5754	1	0	1	1	1	4	1	TheraSAbDab
ADC	HGNC:9666	PTPRC	P08575	ENSG00000081237	5788	1	1	0	1	1	4	1	ADCdb
ADC	HGNC:9705	PVR	P15151	ENSG00000073008	5817	1	1	1	1	1	5	1	ADCdb
ADC	HGNC:9707	NECTIN2	Q92692	ENSG00000130202	5819	1	1	1	1	1	5	1	ADCdb
TCE	HGNC:10256	ROR1	Q01973	ENSG00000185483	4919	1	0	0	1	1	3	1	
TCE	HGNC:11331	SSTR2	P30874	ENSG00000180616	6752	1	0	0	1	0	2	1	
TCE	HGNC:11529	EPCAM	P16422	ENSG00000119888	4072	1	1	1	1	1	5	1	
TCE	HGNC:11867	TMEFF2	Q9UIK5	ENSG00000144339	23671	1	0	0	1	0	2	1	
TCE	HGNC:11913	TNFRSF17	Q02223	ENSG00000048462	608	1	0	0	1	1	3	1	
TCE	HGNC:12680	VEGFA		ENSG00000112715	7422	0	0	0	0	0	0	0	
TCE	HGNC:13310	GPRC5D	Q9NZD1	ENSG00000111291	55507	1	0	0	1	0	2	1	
TCE	HGNC:13935	LY6G6D	O95868	ENSG00000244355	58530	0	1	0	1	0	2	1	
TCE	HGNC:15582	MUC16	Q8WXI7	ENSG00000181143	94025	1	1	0	1	1	4	1	
TCE	HGNC:1633	CD19	P15391	ENSG00000177455	930	1	1	0	1	1	4	1	
TCE	HGNC:1659	CD33	P20138	ENSG00000105383	945	1	1	1	1	1	5	1	
TCE	HGNC:1673	CD3D	P04234	ENSG00000167286	915	1	1	0	1	1	4	1	
TCE	HGNC:1674	CD3E	P07766	ENSG00000198851	916	1	1	1	0	0	3	1	
TCE	HGNC:16800	MUC17	Q685J3	ENSG00000169876	140453	1	1	0	1	0	3	1	
TCE	HGNC:1756	CDH17	Q12864	ENSG00000079112	1015	1	1	1	1	1	5	1	
TCE	HGNC:1817	CEACAM5	P06731	ENSG00000105388	1048	1	1	1	1	0	4	1	
TCE	HGNC:19137	CD276	Q5ZPR3	ENSG00000103855	80381	1	1	0	1	1	4	1	
TCE	HGNC:2039	CLDN18	P56856	ENSG00000066405	51208	1	0	1	1	0	3	1	
TCE	HGNC:2505	CTLA4	P16410	ENSG00000163599	1493	1	1	0	1	0	3	1	
TCE	HGNC:28873	VTCN1	Q7Z7D3	ENSG00000134258	79679	1	1	1	1	0	4	1	
TCE	HGNC:2909	DLL3	Q9NYJ7	ENSG00000090932	10683	1	0	1	1	0	3	1	
TCE	HGNC:31713	CLEC12A	Q5QGZ9	ENSG00000172322	160364	1	0	0	1	1	3	1	
TCE	HGNC:3236	EGFR	P00533	ENSG00000146648	1956	1	1	1	1	1	5	1	
TCE	HGNC:3430	ERBB2	P04626	ENSG00000141736	2064	1	1	1	1	1	5	1	
TCE	HGNC:3765	FLT3	P36888	ENSG00000122025	2322	1	0	0	1	1	3	1	
TCE	HGNC:3788	FOLH1	Q04609	ENSG00000086205	2346	1	1	0	1	0	3	1	
TCE	HGNC:399	ALB		ENSG00000163631	213	0	0	0	0	0	0	0	
TCE	HGNC:42400	NCR3LG1	Q68D85	ENSG00000188211	374383	1	0	0	1	1	3	1	
TCE	HGNC:485	ANGPT2		ENSG00000091879	285	0	0	0	0	0	0	0	
TCE	HGNC:4964	HLA-G	P17693	ENSG00000204632	3135	1	1	0	1	0	3	1	
TCE	HGNC:6012	IL3RA	P26951	ENSG00000185291	3563	1	1	0	1	1	4	1	
TCE	HGNC:6363	KLK2	P20151	ENSG00000167751	3817	0	0	0	0	0	0	0	
TCE	HGNC:7315	MS4A1	P11836	ENSG00000156738	931	1	1	1	1	1	5	1	
TCE	HGNC:8760	PDCD1	Q15116	ENSG00000188389	5133	1	1	0	1	1	4	1	
VZ	HGNC:10722	SELPLG	Q14242	ENSG00000110876	6404	1	1	0	1	1	4	1	
VZ	HGNC:10903	SLAMF1	Q13291	ENSG00000117090	6504	1	1	0	1	1	4	1	
VZ	HGNC:11763	TFRC	P02786	ENSG00000072274	7037	1	1	0	0	1	3	1	
VZ	HGNC:11912	TNFRSF14	Q92956	ENSG00000157873	8764	1	1	1	1	1	5	1	
VZ	HGNC:11918	TNFRSF4	P43489	ENSG00000186827	7293	1	1	0	1	0	3	1	
VZ	HGNC:12446	TYRO3	Q06418	ENSG00000092445	7301	1	1	0	1	1	4	1	
VZ	HGNC:13557	ACE2	Q9BYF1	ENSG00000130234	59272	1	1	0	1	0	3	1	
VZ	HGNC:1390	CACNA1C	Q13936	ENSG00000151067	775	1	1	1	1	0	4	1	
VZ	HGNC:14685	F11R	Q9Y624	ENSG00000158769	50848	1	0	1	1	1	4	1	
VZ	HGNC:1606	CCR5	P51681	ENSG00000160791	1234	1	1	0	1	0	3	1	
VZ	HGNC:1641	CD209	Q9NNX6	ENSG00000090659	30835	1	1	0	0	0	2	1	
VZ	HGNC:1664	SCARB1	Q8WTV0	ENSG00000073060	949	1	1	0	1	1	4	1	
VZ	HGNC:1665	SCARB2	Q14108	ENSG00000138760	950	0	0	0	1	1	2	1	
VZ	HGNC:1700	CD80	P33681	ENSG00000121594	941	1	1	0	1	1	4	1	
VZ	HGNC:1701	CD81	P60033	ENSG00000110651	975	1	1	1	0	0	3	1	
VZ	HGNC:1705	CD86	P42081	ENSG00000114013	942	1	1	1	1	1	5	1	
VZ	HGNC:17866	HAVCR1	Q96D42	ENSG00000113249	26762	1	1	0	1	0	3	1	
VZ	HGNC:17935	CD207	Q9UJ71	ENSG00000116031	50489	1	1	0	0	0	2	1	
VZ	HGNC:18601	RTN4R	Q9BZR6	ENSG00000040608	65078	0	1	1	1	1	4	1	
VZ	HGNC:19688	NECTIN4	Q96NY8	ENSG00000143217	81607	1	0	1	1	0	3	1	
VZ	HGNC:2032	CLDN1	O95832	ENSG00000163347	9076	1	1	0	1	0	3	1	
VZ	HGNC:24591	CLEC4G	Q6UXB4	ENSG00000182566	339390	1	1	0	1	0	3	1	
VZ	HGNC:24711	MFSD6	Q6ZSS7	ENSG00000151690	54842	0	0	0	1	0	1	1	
VZ	HGNC:2559	CXADR	P78310	ENSG00000154639	1525	1	1	1	1	1	5	1	
VZ	HGNC:2561	CXCR4	P61073	ENSG00000121966	7852	1	1	0	1	0	3	1	
VZ	HGNC:26308	CDHR3	Q6ZTQ4	ENSG00000128536	222256	1	1	0	1	0	3	1	
VZ	HGNC:2665	CD55	P08174	ENSG00000196352	1604	0	1	0	1	1	3	1	
VZ	HGNC:2666	DAG1	Q14118	ENSG00000173402	1605	1	1	1	1	1	5	1	
VZ	HGNC:27046	LDLRAD3	Q86YD5	ENSG00000179241	143458	1	0	1	1	0	3	1	
VZ	HGNC:30071	KIAA0319L	Q8IZA0	ENSG00000142687	79932	1	0	0	0	1	2	1	
VZ	HGNC:3009	DPP4	P27487	ENSG00000197635	1803	1	1	0	1	1	4	1	
VZ	HGNC:3227	EFNB2	P52799	ENSG00000125266	1948	1	1	0	1	1	4	1	
VZ	HGNC:3228	EFNB3	Q15768	ENSG00000108947	1949	1	1	0	1	1	4	1	
VZ	HGNC:3386	EPHA2	P29317	ENSG00000142627	1969	1	1	1	1	1	5	1	
VZ	HGNC:3621	FCGRT	P55899	ENSG00000104870	2217	1	1	0	1	1	4	1	
VZ	HGNC:4948	HLA-DRB1	P01911	ENSG00000196126	3123	1	1	0	1	1	4	1	
VZ	HGNC:500	ANPEP	P15144	ENSG00000166825	290	1	0	1	1	1	4	1	
VZ	HGNC:5293	HTR2A	P28223	ENSG00000102468	3356	1	0	0	1	0	2	1	
VZ	HGNC:5344	ICAM1	P05362	ENSG00000090339	3383	1	1	1	1	1	5	1	
VZ	HGNC:5348	ICAM5	Q9UMF0	ENSG00000105376	7087	1	1	0	1	1	4	1	
VZ	HGNC:5381	IDE	P14735	ENSG00000119912	3416	0	1	0	0	0	1	1	
VZ	HGNC:6137	ITGA2	P17301	ENSG00000164171	3673	1	1	0	1	1	4	1	
VZ	HGNC:6141	ITGA5	P08648	ENSG00000161638	3678	1	1	0	1	1	4	1	
VZ	HGNC:6142	ITGA6	P23229	ENSG00000091409	3655	1	1	0	1	1	4	1	
VZ	HGNC:6150	ITGAV	P06756	ENSG00000138448	3685	1	1	0	1	1	4	1	
VZ	HGNC:6153	ITGB1	P05556	ENSG00000150093	3688	1	1	1	1	1	5	1	
VZ	HGNC:6156	ITGB3	P05106	ENSG00000259207	3690	1	1	1	1	1	5	1	
VZ	HGNC:6160	ITGB5	P18084	ENSG00000082781	3693	1	1	1	1	1	5	1	
VZ	HGNC:6161	ITGB6	P18564	ENSG00000115221	3694	1	1	1	1	1	5	1	
VZ	HGNC:6502	RPSA	P08865	ENSG00000168028	3921	0	0	1	0	0	1	1	
VZ	HGNC:6547	LDLR	P01130	ENSG00000130164	3949	1	1	0	1	1	4	1	
VZ	HGNC:6953	CD46	P15529	ENSG00000117335	4179	1	1	1	1	1	5	1	
VZ	HGNC:7197	MOG	Q16653	ENSG00000204655	4340	1	1	0	1	0	3	1	
VZ	HGNC:7542	MXRA8	Q9BRK3	ENSG00000162576	54587	1	1	0	1	1	4	1	
VZ	HGNC:7656	NCAM1	P13591	ENSG00000149294	4684	1	1	1	1	1	5	1	
VZ	HGNC:7897	NPC1	O15118	ENSG00000141458	4864	0	0	0	1	1	2	0	
VZ	HGNC:8655	PCDH1	Q08174	ENSG00000156453	5097	1	0	1	1	1	4	1	
VZ	HGNC:8912	PHB1	P35232	ENSG00000167085	5245	0	1	0	0	0	1	1	
VZ	HGNC:905	AXL	P30530	ENSG00000167601	558	1	1	1	1	1	5	1	
VZ	HGNC:9705	PVR	P15151	ENSG00000073008	5817	1	1	1	1	1	5	1	
VZ	HGNC:9706	NECTIN1	Q15223	ENSG00000110400	5818	1	0	0	1	1	3	1	
VZ	HGNC:9707	NECTIN2	Q92692	ENSG00000130202	5819	1	1	1	1	1	5	1	
