accession	uniprot_optimized	cspa_optimized
A0A075B6H7	1	0
A0A075B6H8	1	0
A0A075B6H9	1	0
A0A075B6I0	1	0
A0A075B6I1	1	0
A0A075B6I3	1	0
A0A075B6I4	1	0
A0A075B6I6	1	0
A0A075B6I7	1	0
A0A075B6I9	1	0
A0A075B6J1	1	0
A0A075B6J2	1	0
A0A075B6J6	1	0
A0A075B6J9	1	0
A0A075B6K0	1	0
A0A075B6K2	1	0
A0A075B6K4	1	0
A0A075B6K5	1	0
A0A075B6K6	1	0
A0A075B6L2	1	0
A0A075B6L6	1	0
A0A075B6N1	1	0
A0A075B6N2	1	0
A0A075B6N3	1	0
A0A075B6N4	1	0
A0A075B6P5	1	0
A0A075B6Q5	1	0
A0A075B6R0	1	0
A0A075B6R2	1	0
A0A075B6R9	1	0
A0A075B6S2	1	0
A0A075B6S4	1	0
A0A075B6S5	1	0
A0A075B6S6	1	0
A0A075B6S9	1	0
A0A075B6T6	1	0
A0A075B6T7	1	0
A0A075B6T8	1	0
A0A075B6U4	1	0
A0A075B6V5	1	0
A0A075B6W5	1	0
A0A075B6X5	1	0
A0A075B734	1	0
A0A087WSX0	1	0
A0A087WSY4	1	0
A0A087WSY6	1	0
A0A087WSZ0	1	0
A0A087WSZ9	1	0
A0A087WT01	1	0
A0A087WT02	1	0
A0A087WT03	1	0
A0A087WV62	1	0
A0A087WW87	1	0
A0A087X0K7	1	0
A0A087X0M5	1	0
A0A087X1C5	1	0
A0A096LPK9	1	0
A0A0A0MRZ7	1	0
A0A0A0MRZ8	1	0
A0A0A0MRZ9	1	0
A0A0A0MS00	1	0
A0A0A0MS01	1	0
A0A0A0MS02	1	0
A0A0A0MS03	1	0
A0A0A0MS04	1	0
A0A0A0MS05	1	0
A0A0A0MS06	1	0
A0A0A0MS14	1	0
A0A0A0MS15	1	0
A0A0A0MT36	1	0
A0A0A6YYC5	1	0
A0A0A6YYD4	1	0
A0A0A6YYG2	1	0
A0A0A6YYG3	1	0
A0A0A6YYJ7	1	0
A0A0A6YYK1	1	0
A0A0A6YYK4	1	0
A0A0A6YYK6	1	0
A0A0A6YYK7	1	0
A0A0B4J1U3	1	0
A0A0B4J1U4	1	0
A0A0B4J1U6	1	0
A0A0B4J1U7	1	0
A0A0B4J1V0	1	0
A0A0B4J1V1	1	0
A0A0B4J1V2	1	0
A0A0B4J1V6	1	0
A0A0B4J1V7	1	0
A0A0B4J1X5	1	0
A0A0B4J1X8	1	0
A0A0B4J1Y8	1	0
A0A0B4J1Y9	1	0
A0A0B4J1Z2	1	0
A0A0B4J234	1	0
A0A0B4J235	1	0
A0A0B4J237	1	0
A0A0B4J238	1	0
A0A0B4J240	1	0
A0A0B4J241	1	0
A0A0B4J244	1	0
A0A0B4J245	1	0
A0A0B4J248	1	0
A0A0B4J249	1	0
A0A0B4J262	1	0
A0A0B4J263	1	0
A0A0B4J264	1	0
A0A0B4J265	1	0
A0A0B4J266	1	0
A0A0B4J268	1	0
A0A0B4J271	1	0
A0A0B4J272	1	0
A0A0B4J273	1	0
A0A0B4J274	1	0
A0A0B4J275	1	0
A0A0B4J276	1	0
A0A0B4J277	1	0
A0A0B4J279	1	0
A0A0B4J280	1	0
A0A0B4J2D9	1	0
A0A0B4J2E0	1	0
A0A0B4J2H0	1	0
A0A0C4DH24	1	0
A0A0C4DH25	1	0
A0A0C4DH26	1	0
A0A0C4DH27	1	0
A0A0C4DH28	1	0
A0A0C4DH29	1	0
A0A0C4DH30	1	0
A0A0C4DH31	1	0
A0A0C4DH32	1	0
A0A0C4DH33	1	0
A0A0C4DH34	1	0
A0A0C4DH35	1	0
A0A0C4DH36	1	0
A0A0C4DH38	1	0
A0A0C4DH39	1	0
A0A0C4DH41	1	0
A0A0C4DH42	1	0
A0A0C4DH43	1	0
A0A0C4DH55	1	0
A0A0C4DH59	1	0
A0A0C4DH67	1	0
A0A0C4DH68	1	0
A0A0C4DH69	1	0
A0A0C4DH72	1	0
A0A0C4DH73	1	0
A0A0G2JMI3	1	0
A0A0G2JS06	1	0
A0A0J9YVY3	1	0
A0A0J9YX35	1	0
A0A0J9YX75	1	0
A0A0J9YXX1	1	0
A0A0J9YXY3	1	0
A0A0K0K1A3	1	0
A0A0K0K1A5	1	0
A0A0K0K1B3	1	0
A0A0K0K1C0	1	0
A0A0K0K1C4	1	0
A0A0K0K1D8	1	0
A0A0K0K1E9	1	0
A0A0K0K1G6	1	0
A0A0K0K1G8	1	0
A0A0K2S4Q6	1	0
A0A0X1KG70	1	0
A0A1B0GTQ4	1	0
A0A1B0GTW7	1	0
A0A1B0GV85	1	0
A0A1B0GWG4	1	0
A0A1B0GX31	1	0
A0A1B0GX49	1	0
A0A1B0GX51	1	0
A0A1B0GX56	1	0
A0A1B0GX68	1	0
A0A1B0GX78	1	0
A0A1B0GX95	1	0
A0A1B0GXF2	1	0
A0A1W2PQU2	1	0
A0A286YEU6	1	0
A0A2R8Y4L6	1	0
A0A2R8Y7Y5	1	0
A0A2R8YED5	1	0
A0A3B3IT45	1	0
A0A539	1	0
A0A576	1	0
A0A577	1	0
A0A578	1	0
A0A584	1	0
A0A589	1	0
A0A597	1	0
A0A599	1	0
A0A5A2	1	0
A0A5A6	1	0
A0A5B0	1	0
A0A5B6	1	0
A0A5B7	1	0
A0A5B9	1	0
A0A6I8PU40	1	0
A0AVI2	1	0
A0FGR8	1	0
A0FGR9	1	0
A0JD32	1	0
A0JD36	1	0
A0JD37	1	0
A0PJK1	1	0
A0PK05	1	0
A0PK11	1	0
A0ZSE6	1	0
A1A5B4	1	1
A1KXE4	1	0
A1KZ92	1	0
A1L1A6	1	0
A2NJV5	1	0
A2RUT3	1	0
A2VDJ0	1	1
A3KFT3	1	0
A4D0T7	1	0
A4D2G3	1	0
A5X5Y0	1	0
A6BM72	1	0
A6H8M9	1	0
A6NC51	1	0
A6NCV1	1	0
A6ND01	1	0
A6ND48	1	0
A6NDD5	1	0
A6NDH6	1	0
A6NDL8	1	0
A6NDV4	1	0
A6NDX4	1	0
A6NET4	1	0
A6NF34	1	0
A6NF89	1	0
A6NFA1	1	0
A6NFC9	1	0
A6NFU0	1	0
A6NFX1	1	0
A6NGC4	1	0
A6NGN9	0	1
A6NGU5	1	0
A6NGY5	1	0
A6NGZ8	1	0
A6NH00	1	0
A6NHA9	1	0
A6NHG9	1	0
A6NHS7	1	0
A6NI61	1	0
A6NI73	1	1
A6NIJ9	1	0
A6NJW9	1	0
A6NJZ3	1	0
A6NK97	1	0
A6NKC4	0	1
A6NKK0	1	0
A6NKX4	1	0
A6NL08	1	0
A6NL26	1	0
A6NL88	1	0
A6NLE4	1	0
A6NLU5	1	0
A6NLX4	1	0
A6NM03	1	0
A6NM10	1	0
A6NM11	1	0
A6NM45	1	0
A6NM76	1	0
A6NMB1	1	0
A6NMD0	1	0
A6NMS3	1	0
A6NMS7	1	0
A6NMU1	1	0
A6NMZ5	1	0
A6NMZ7	0	1
A6NN92	1	0
A6NNB3	1	0
A6NND4	1	0
A8K4G0	1	0
A8K7I4	1	0
A8MPY1	1	0
A8MUP6	1	0
A8MV81	1	0
A8MVS5	1	0
A8MVW0	1	1
A8MVW5	0	1
A8MVZ5	1	0
A8MWY0	1	1
A8MXK1	1	0
A8MYU2	1	0
A8TX70	0	1
B0FP48	1	0
B0L3A2	1	0
B1AL88	1	0
B2RN74	1	0
B2RUZ4	1	0
B3SHH9	1	0
B4DJY2	1	0
B4DS77	1	0
B6A8C7	1	0
B6SEH8	1	0
B6SEH9	1	0
B7U540	1	0
B7Z8K6	1	0
B8ZZ34	1	0
B9EJG8	1	0
C9J069	1	0
C9JDP6	1	0
C9JI98	1	0
C9JQL5	1	0
D3W0D1	1	0
E2RYF6	1	0
E5RIL1	1	0
E9PQX1	1	0
F2Z333	1	0
F5H094	1	0
G3V0H7	1	0
H3BQJ8	1	0
H3BV60	1	0
H7C241	1	0
I3L273	1	0
O00144	1	0
O00155	1	0
O00168	1	0
O00180	1	0
O00187	1	0
O00206	1	1
O00219	1	0
O00220	1	0
O00222	1	0
O00238	1	0
O00241	1	1
O00254	1	0
O00270	1	0
O00299	1	0
O00300	0	1
O00322	1	0
O00337	1	0
O00341	1	0
O00391	0	1
O00398	1	1
O00400	1	0
O00421	1	0
O00451	1	1
O00468	1	1
O00476	1	0
O00478	1	1
O00481	1	0
O00501	1	0
O00526	1	0
O00533	1	1
O00548	1	0
O00555	1	0
O00559	1	0
O00574	1	0
O00590	1	0
O00591	1	0
O00592	1	1
O00602	1	0
O00624	1	0
O00634	0	1
O14493	1	0
O14494	1	1
O14495	1	1
O14498	0	1
O14511	1	0
O14514	1	0
O14520	1	0
O14522	1	0
O14523	1	0
O14525	1	0
O14581	1	0
O14626	1	0
O14638	1	1
O14649	1	0
O14668	1	0
O14669	1	0
O14672	1	1
O14683	1	0
O14718	1	0
O14735	1	0
O14745	1	0
O14763	1	0
O14764	1	0
O14786	1	1
O14788	1	0
O14798	1	0
O14804	1	0
O14817	1	0
O14836	1	0
O14842	1	0
O14843	1	0
O14894	1	0
O14910	1	0
O14917	1	1
O14931	1	1
O14944	1	0
O14965	1	0
O14975	1	0
O15031	1	1
O15118	0	1
O15146	1	0
O15162	1	0
O15197	1	0
O15218	1	0
O15230	0	1
O15244	1	0
O15245	1	0
O15303	1	0
O15321	0	1
O15354	1	0
O15374	1	0
O15375	1	0
O15389	1	1
O15393	1	0
O15394	1	1
O15399	1	0
O15403	1	0
O15427	1	0
O15431	1	0
O15432	1	0
O15438	1	0
O15439	1	0
O15440	1	0
O15455	0	1
O15529	1	0
O15537	1	0
O15547	1	0
O15551	1	0
O15552	1	0
O15554	1	0
O42043	1	0
O43155	1	1
O43157	1	1
O43184	1	1
O43193	1	0
O43194	1	1
O43278	1	0
O43280	1	0
O43291	1	0
O43300	1	0
O43306	1	0
O43315	1	0
O43323	1	0
O43424	1	0
O43451	1	0
O43490	1	1
O43493	1	0
O43497	1	0
O43506	1	0
O43508	1	0
O43511	1	0
O43520	1	0
O43525	1	0
O43526	1	0
O43556	1	1
O43557	1	0
O43561	1	0
O43567	0	1
O43570	1	1
O43581	1	0
O43603	1	0
O43613	1	0
O43614	1	0
O43653	1	0
O43657	1	0
O43687	1	0
O43688	1	0
O43699	1	1
O43749	1	0
O43820	1	0
O43852	0	1
O43861	1	0
O43865	1	0
O43868	1	0
O43869	1	0
O43895	1	0
O43897	0	1
O43908	1	0
O43909	1	0
O43914	1	0
O43921	1	0
O60235	1	0
O60241	1	0
O60242	1	0
O60245	1	1
O60266	1	0
O60279	1	1
O60292	1	0
O60309	1	0
O60312	1	0
O60330	1	1
O60337	1	0
O60353	1	0
O60391	1	0
O60403	1	0
O60404	1	0
O60412	1	0
O60431	1	0
O60449	1	1
O60462	1	1
O60469	1	0
O60486	1	1
O60487	1	1
O60488	1	0
O60494	1	0
O60500	1	0
O60503	1	0
O60565	0	1
O60602	1	0
O60603	1	1
O60609	1	0
O60635	1	0
O60636	1	0
O60637	1	0
O60656	0	1
O60667	1	0
O60669	1	0
O60687	1	0
O60706	1	0
O60721	1	0
O60733	1	0
O60741	1	0
O60755	1	0
O60779	1	0
O60831	1	0
O60840	1	0
O60883	1	0
O60894	1	0
O60895	1	0
O60896	1	1
O60906	1	0
O60928	1	0
O60931	1	0
O60939	1	1
O71037	1	0
O75015	1	1
O75019	1	1
O75022	1	0
O75023	1	0
O75051	1	1
O75054	1	1
O75056	1	0
O75074	1	0
O75077	1	0
O75078	1	0
O75084	1	0
O75094	0	1
O75096	1	1
O75106	1	0
O75110	1	0
O75121	1	1
O75144	1	1
O75185	1	0
O75197	1	1
O75204	1	0
O75298	1	0
O75309	1	0
O75311	1	0
O75325	1	0
O75326	1	1
O75330	1	0
O75334	1	0
O75335	1	0
O75348	1	0
O75354	1	0
O75355	1	0
O75387	1	0
O75388	1	0
O75427	1	0
O75443	1	0
O75445	1	0
O75462	0	1
O75473	1	0
O75487	1	1
O75508	1	0
O75509	1	1
O75578	1	1
O75581	1	0
O75629	0	1
O75636	1	0
O75712	1	0
O75718	0	1
O75751	1	0
O75762	1	0
O75781	1	0
O75787	1	0
O75800	1	0
O75841	1	0
O75871	1	0
O75882	1	1
O75899	1	0
O75915	1	0
O75923	1	0
O75951	1	0
O75954	1	0
O75970	1	0
O75976	1	1
O76000	1	0
O76001	1	0
O76002	1	0
O76036	1	0
O76082	1	0
O76090	1	0
O76095	1	0
O76099	1	0
O76100	1	0
O94759	1	0
O94772	1	0
O94778	1	0
O94779	1	0
O94813	0	1
O94856	1	1
O94875	1	0
O94886	1	0
O94898	1	0
O94910	1	0
O94911	1	1
O94933	1	1
O94956	1	0
O94985	1	0
O94991	1	0
O95006	1	0
O95007	1	0
O95013	1	0
O95047	1	0
O95069	1	0
O95084	0	1
O95136	1	1
O95150	1	0
O95158	0	1
O95180	1	0
O95183	1	1
O95185	1	1
O95196	1	1
O95206	1	0
O95210	1	0
O95221	1	0
O95222	1	0
O95255	1	0
O95256	1	0
O95259	1	0
O95264	1	0
O95274	1	1
O95297	1	1
O95342	1	0
O95371	1	0
O95377	1	0
O95436	1	0
O95452	1	0
O95471	1	0
O95477	1	0
O95484	1	0
O95490	1	1
O95497	1	1
O95498	1	1
O95500	1	0
O95502	1	0
O95528	1	0
O95622	1	0
O95665	1	0
O95727	1	0
O95754	1	1
O95772	1	0
O95800	1	0
O95832	1	0
O95833	1	0
O95838	1	0
O95841	0	1
O95857	1	0
O95858	1	0
O95859	1	0
O95866	1	1
O95867	1	0
O95868	1	0
O95907	1	0
O95918	1	0
O95925	1	0
O95944	1	0
O95971	1	1
O95976	1	0
O95977	1	1
O95980	1	1
O96005	1	0
O96014	0	1
P00450	0	1
P00488	0	1
P00533	1	1
P00734	0	1
P00736	1	0
P00738	0	1
P00749	0	1
P00750	0	1
P00751	1	0
P01009	0	1
P01011	0	1
P01023	0	1
P01024	1	1
P01031	1	0
P01033	0	1
P01042	0	1
P01130	1	1
P01133	1	0
P01135	1	0
P01137	0	1
P01375	1	0
P01589	1	1
P01593	1	0
P01594	1	0
P01597	1	0
P01599	1	0
P01601	1	0
P01602	1	0
P01611	1	0
P01614	1	0
P01615	1	0
P01619	1	0
P01624	1	0
P01699	1	0
P01700	1	0
P01701	1	0
P01703	1	0
P01704	1	0
P01705	1	0
P01706	1	0
P01709	1	0
P01714	1	0
P01715	1	0
P01717	1	0
P01718	1	0
P01721	1	0
P01730	1	1
P01732	1	0
P01733	1	0
P01737	1	0
P01742	1	0
P01743	1	0
P01762	1	0
P01763	1	0
P01764	1	0
P01766	1	0
P01767	1	0
P01768	1	0
P01772	1	0
P01780	1	0
P01782	1	0
P01814	1	0
P01817	1	0
P01824	1	0
P01825	1	0
P01833	1	0
P01848	1	0
P01850	1	0
P01854	1	0
P01857	1	1
P01859	1	1
P01860	1	0
P01861	1	1
P01871	1	1
P01876	1	0
P01877	1	0
P01880	1	0
P01889	1	1
P01891	0	1
P01892	0	1
P01893	1	0
P01903	1	1
P01906	1	1
P01909	1	1
P01911	1	1
P01912	0	1
P01920	1	1
P02452	0	1
P02458	0	1
P02461	0	1
P02671	0	1
P02675	0	1
P02708	1	0
P02724	1	0
P02730	1	0
P02745	1	0
P02746	1	0
P02747	1	0
P02748	1	0
P02749	0	1
P02751	0	1
P02760	1	1
P02763	0	1
P02765	0	1
P02786	1	1
P02787	0	1
P02788	0	1
P02790	0	1
P03979	1	0
P03986	1	0
P03989	0	1
P03999	1	0
P04000	1	0
P04001	1	0
P04003	0	1
P04004	0	1
P04083	1	0
P04114	0	1
P04156	1	1
P04201	1	0
P04211	1	0
P04216	1	1
P04222	0	1
P04229	0	1
P04233	1	1
P04234	1	1
P04264	0	1
P04275	0	1
P04430	1	0
P04432	1	0
P04433	1	0
P04435	1	0
P04437	1	0
P04439	1	1
P04440	1	1
P04626	1	1
P04629	1	1
P04632	0	1
P04839	1	1
P04843	0	1
P04844	0	1
P04920	1	0
P04921	1	0
P05023	1	1
P05026	1	1
P05067	1	0
P05090	0	1
P05106	1	1
P05107	1	1
P05120	0	1
P05155	0	1
P05186	1	1
P05187	1	1
P05362	1	1
P05534	0	1
P05538	1	1
P05556	1	1
P05981	1	0
P05997	0	1
P06028	1	0
P06126	1	0
P06127	1	1
P06213	1	1
P06276	0	1
P06310	1	0
P06312	1	0
P06315	1	0
P06331	1	0
P06340	1	0
P06681	1	0
P06729	1	1
P06731	1	0
P06733	0	1
P06734	1	1
P06744	0	1
P06756	1	1
P06858	1	0
P07093	0	1
P07202	1	0
P07204	1	1
P07237	1	0
P07306	1	0
P07307	1	0
P07333	1	0
P07339	0	1
P07357	1	0
P07358	1	0
P07359	1	0
P07360	1	0
P07510	1	0
P07550	1	1
P07585	0	1
P07711	1	0
P07766	1	0
P07858	1	0
P07911	1	0
P07942	0	1
P07949	1	1
P07996	1	0
P08034	1	0
P08069	1	1
P08100	1	0
P08123	0	1
P08138	1	0
P08172	1	0
P08173	1	0
P08174	1	1
P08183	1	1
P08195	1	1
P08238	1	0
P08311	1	0
P08473	1	1
P08514	1	1
P08571	1	1
P08575	1	1
P08581	1	1
P08582	1	1
P08588	1	0
P08603	0	1
P08637	1	1
P08648	1	1
P08842	0	1
P08887	1	0
P08908	1	0
P08910	1	0
P08912	1	0
P08913	1	1
P08922	1	0
P08962	1	1
P08F94	1	0
P09326	1	1
P09564	1	1
P09603	1	1
P09619	1	1
P09693	1	1
P09758	1	1
P09848	1	0
P09871	1	0
P09923	1	0
P09958	1	0
P0C0L4	1	1
P0C0L5	1	0
P0C604	1	0
P0C617	1	0
P0C623	1	0
P0C626	1	0
P0C628	1	0
P0C629	1	0
P0C645	1	0
P0C646	1	0
P0C6S8	1	0
P0C7N1	1	0
P0C7N5	1	0
P0C7N8	1	0
P0C7T2	1	0
P0C7T3	1	0
P0C7U0	1	1
P0C7V7	1	0
P0CAP1	1	0
P0CF51	1	0
P0CG37	1	0
P0DKB5	1	0
P0DMS8	1	0
P0DMU2	1	0
P0DN77	1	0
P0DN78	1	0
P0DN80	1	0
P0DN81	1	0
P0DN82	1	0
P0DP01	1	0
P0DP02	1	0
P0DP03	1	0
P0DP04	1	0
P0DP06	1	0
P0DP07	1	0
P0DP08	1	0
P0DP09	1	0
P0DP58	1	0
P0DPA2	1	0
P0DPE3	1	0
P0DPF4	1	0
P0DPF7	1	0
P0DQD5	1	0
P0DSE1	1	0
P0DSE2	1	0
P0DSN6	1	0
P0DSN7	1	0
P0DTE0	1	0
P0DTE1	1	0
P0DTE2	1	0
P0DTF9	1	0
P0DTL4	1	0
P0DTU3	1	0
P0DTU4	1	0
P0DTW3	1	0
P10314	0	1
P10316	0	1
P10319	0	1
P10321	1	1
P10586	1	1
P10643	1	0
P10645	0	1
P10646	1	1
P10696	1	0
P10721	1	1
P10747	1	1
P10909	0	1
P10912	1	0
P10966	1	0
P11021	1	0
P11047	0	1
P11049	1	0
P11117	0	1
P11166	1	1
P11168	1	0
P11169	1	0
P11215	1	1
P11226	1	0
P11229	1	0
P11230	1	0
P11279	1	1
P11362	1	1
P11717	0	1
P11836	1	1
P11912	1	1
P12107	0	1
P12109	0	1
P12110	0	1
P12111	0	1
P12259	0	1
P12314	1	1
P12318	1	1
P12319	1	0
P12814	0	1
P12821	1	1
P12830	1	1
P13164	1	0
P13224	1	0
P13284	0	1
P13385	1	0
P13473	1	1
P13497	0	1
P13498	1	0
P13569	1	0
P13591	1	1
P13598	1	1
P13611	0	1
P13612	1	1
P13637	1	1
P13645	1	0
P13671	1	0
P13688	1	1
P13726	1	1
P13727	0	1
P13746	0	1
P13747	1	1
P13760	0	1
P13761	0	1
P13762	1	1
P13765	1	0
P13866	1	0
P13945	1	0
P13987	1	1
P14151	1	1
P14207	1	0
P14209	1	0
P14222	1	1
P14384	1	1
P14410	1	0
P14415	1	1
P14416	1	0
P14550	1	0
P14555	1	0
P14616	1	0
P14672	1	1
P14679	0	1
P14770	1	0
P14778	1	1
P14784	1	1
P14867	1	0
P15144	1	1
P15151	1	1
P15260	1	1
P15291	1	0
P15309	1	0
P15311	1	0
P15313	1	0
P15328	1	1
P15382	1	0
P15391	1	1
P15421	1	0
P15509	1	1
P15514	0	1
P15529	1	1
P15813	1	1
P15848	1	0
P15941	1	0
P16066	1	1
P16070	1	1
P16109	1	1
P16144	1	1
P16150	1	0
P16188	0	1
P16234	1	1
P16284	1	1
P16389	1	0
P16410	1	0
P16422	1	1
P16444	1	1
P16471	1	0
P16473	1	1
P16581	1	0
P16671	1	0
P16871	1	1
P17181	1	1
P17301	1	1
P17302	1	0
P17342	1	1
P17643	0	1
P17658	1	0
P17693	1	0
P17787	1	0
P17813	1	1
P17927	1	1
P17936	0	1
P17948	1	1
P18084	1	1
P18089	1	0
P18433	1	1
P18462	0	1
P18464	0	1
P18465	0	1
P18505	1	0
P18507	1	0
P18564	1	1
P18627	1	0
P18825	1	1
P18827	1	0
P19022	1	1
P19075	1	0
P19235	1	0
P19256	1	1
P19320	1	1
P19397	1	0
P19438	1	1
P19440	1	0
P19634	1	1
P19801	1	0
P19823	0	1
P20020	1	0
P20023	1	1
P20036	1	1
P20039	0	1
P20138	1	1
P20273	1	1
P20309	1	0
P20333	1	0
P20594	1	1
P20645	0	1
P20648	1	0
P20701	1	1
P20702	1	1
P20774	0	1
P20827	1	1
P20851	0	1
P20908	0	1
P20916	1	0
P20963	1	0
P21145	1	0
P21281	1	0
P21439	1	0
P21452	1	0
P21453	1	1
P21462	1	0
P21554	1	0
P21583	1	1
P21589	1	1
P21709	1	1
P21728	1	0
P21730	1	0
P21731	1	1
P21754	1	0
P21757	1	0
P21796	1	1
P21802	1	1
P21810	0	1
P21854	1	0
P21860	1	1
P21917	1	0
P21918	1	0
P21926	1	0
P21964	1	0
P22001	1	1
P22105	0	1
P22223	1	1
P22303	1	1
P22413	1	1
P22455	1	1
P22459	1	0
P22460	1	0
P22607	1	1
P22732	1	0
P22748	1	0
P22794	1	1
P22888	1	0
P22897	1	1
P23083	1	0
P23229	1	1
P23276	1	0
P23352	1	0
P23415	1	0
P23416	1	0
P23435	1	0
P23467	1	1
P23468	1	1
P23469	1	0
P23470	1	1
P23471	1	1
P23510	1	0
P23515	1	0
P23560	0	1
P23634	1	0
P23945	1	0
P23975	1	0
P24043	0	1
P24046	1	0
P24071	1	1
P24158	1	0
P24394	1	1
P24530	1	0
P24821	0	1
P25021	1	0
P25024	1	1
P25025	1	0
P25063	1	0
P25089	1	0
P25090	1	0
P25092	1	0
P25100	1	0
P25101	1	1
P25103	1	0
P25105	1	1
P25106	1	1
P25116	1	1
P25189	1	1
P25391	0	1
P25445	1	1
P25929	1	1
P25940	0	1
P25942	1	1
P26006	1	1
P26010	1	1
P26012	1	1
P26038	1	0
P26715	1	0
P26717	1	0
P26718	1	0
P26842	1	1
P26951	1	1
P26992	1	1
P27037	1	1
P27169	0	1
P27216	1	0
P27487	1	1
P27701	1	0
P27797	1	1
P27824	0	1
P27930	1	1
P28221	1	1
P28222	1	0
P28223	1	0
P28300	0	1
P28335	1	0
P28336	1	0
P28472	1	1
P28476	1	0
P28566	1	0
P28799	0	1
P28827	1	1
P28906	1	1
P28907	1	0
P28908	1	1
P29016	1	1
P29017	1	1
P29033	1	0
P29274	1	0
P29275	1	0
P29317	1	1
P29320	1	1
P29322	1	0
P29323	1	1
P29371	1	0
P29376	1	0
P29965	1	1
P29972	1	0
P29973	1	0
P30203	1	1
P30273	1	0
P30301	1	0
P30408	1	0
P30411	1	0
P30443	0	1
P30450	0	1
P30453	0	1
P30459	0	1
P30460	0	1
P30462	0	1
P30464	0	1
P30479	0	1
P30481	0	1
P30483	0	1
P30485	0	1
P30487	0	1
P30490	0	1
P30498	0	1
P30508	0	1
P30510	0	1
P30511	1	1
P30512	0	1
P30518	1	0
P30530	1	1
P30531	1	0
P30532	1	0
P30533	1	0
P30542	1	1
P30550	1	0
P30556	1	1
P30559	1	0
P30685	0	1
P30825	1	0
P30872	1	0
P30874	1	0
P30926	1	0
P30939	1	0
P30953	1	0
P30954	1	0
P30968	1	0
P30988	1	0
P30989	1	1
P31358	1	0
P31391	1	0
P31431	1	0
P31639	1	0
P31641	1	1
P31644	1	0
P31645	1	0
P31785	1	1
P31994	1	1
P31995	1	0
P31997	1	1
P32004	1	1
P32238	1	0
P32239	1	0
P32241	1	1
P32245	1	0
P32246	1	0
P32247	1	0
P32248	1	1
P32249	1	0
P32297	1	1
P32302	1	1
P32418	1	1
P32745	1	0
P32926	1	0
P32927	1	1
P32942	1	1
P32970	1	0
P32971	1	0
P33032	1	0
P33151	1	1
P33527	1	1
P33681	1	1
P34741	1	0
P34810	1	1
P34903	1	0
P34910	1	0
P34925	1	1
P34969	1	0
P34972	1	1
P34981	1	1
P34982	1	0
P34995	1	0
P34998	1	0
P35052	1	1
P35070	1	0
P35212	1	0
P35346	1	0
P35348	1	0
P35367	1	0
P35368	1	0
P35372	1	0
P35408	1	0
P35410	1	0
P35414	1	1
P35462	1	0
P35498	1	0
P35499	1	0
P35523	1	0
P35555	0	1
P35556	0	1
P35590	1	1
P35613	1	1
P35670	1	0
P35916	1	1
P35968	1	0
P36021	1	0
P36269	1	0
P36382	1	0
P36383	1	0
P36543	1	0
P36544	1	0
P36888	1	1
P36894	1	0
P36896	1	0
P36897	1	0
P36941	1	1
P36955	0	1
P37023	1	0
P37088	1	0
P37173	1	1
P37288	1	0
P38484	1	0
P38567	1	0
P38570	1	1
P39086	1	0
P39877	1	0
P40126	0	1
P40145	1	0
P40189	1	1
P40197	1	1
P40198	1	0
P40199	1	1
P40200	1	1
P40238	1	0
P40259	1	1
P40879	1	0
P40967	0	1
P41143	1	0
P41145	1	0
P41146	1	0
P41180	1	0
P41181	1	0
P41217	1	1
P41221	0	1
P41231	1	0
P41273	1	0
P41440	1	0
P41586	1	0
P41587	1	0
P41594	1	0
P41595	1	1
P41597	1	0
P41732	1	0
P41968	1	0
P42081	1	1
P42261	1	0
P42262	1	1
P42263	1	0
P42658	1	0
P42701	1	0
P42702	1	1
P42892	1	1
P43003	1	0
P43004	1	0
P43005	1	0
P43007	1	0
P43026	1	0
P43088	1	0
P43115	1	1
P43116	1	1
P43119	1	1
P43121	1	1
P43146	1	0
P43220	1	0
P43235	1	0
P43251	0	1
P43307	0	1
P43308	0	1
P43489	1	0
P43626	1	0
P43627	1	0
P43628	1	1
P43629	1	1
P43630	1	0
P43631	1	0
P43632	1	1
P43657	1	0
P43681	1	0
P45452	0	1
P45844	1	0
P46059	1	0
P46089	1	0
P46091	1	0
P46092	1	0
P46093	1	0
P46094	1	0
P46095	1	0
P46098	1	0
P46531	1	1
P46663	1	0
P46695	1	0
P46721	1	0
P46940	1	0
P47211	1	0
P47775	1	0
P47804	1	0
P47869	1	1
P47870	1	0
P47871	1	0
P47872	1	0
P47881	1	0
P47883	1	0
P47884	1	0
P47887	1	0
P47888	1	0
P47890	1	0
P47893	1	0
P47898	1	0
P47900	1	0
P47901	1	0
P47972	0	1
P48023	1	0
P48029	1	0
P48039	1	0
P48048	1	0
P48050	1	0
P48051	1	0
P48058	1	0
P48065	1	0
P48066	1	0
P48067	1	0
P48145	1	0
P48146	1	0
P48165	1	0
P48167	1	0
P48169	1	0
P48230	1	0
P48307	0	1
P48357	1	1
P48509	1	0
P48544	1	0
P48546	1	0
P48547	1	0
P48549	1	0
P48551	1	1
P48664	1	0
P48740	1	0
P48751	1	0
P48764	1	0
P48960	1	1
P48995	1	0
P49019	1	0
P49146	1	0
P49190	1	0
P49238	1	0
P49279	1	0
P49281	1	0
P49286	1	0
P49682	1	1
P49683	1	0
P49685	1	0
P49755	1	0
P49767	0	1
P49768	1	0
P49771	1	0
P49863	1	0
P49895	1	0
P49961	1	0
P50052	1	1
P50281	1	0
P50391	1	0
P50406	1	0
P50443	1	0
P50591	1	0
P50851	1	0
P50876	1	0
P50895	1	1
P50993	1	0
P51148	0	1
P51164	1	0
P51168	1	0
P51170	1	0
P51172	1	1
P51511	1	0
P51512	1	0
P51575	1	0
P51582	1	0
P51654	1	0
P51674	1	0
P51677	1	0
P51679	1	1
P51681	1	0
P51684	1	0
P51685	1	0
P51686	1	0
P51693	1	1
P51787	1	0
P51788	1	0
P51790	1	0
P51795	1	0
P51800	1	0
P51801	1	0
P51805	1	1
P51810	1	0
P51811	1	0
P51841	1	0
P51884	0	1
P51888	0	1
P52569	1	0
P52797	1	0
P52798	1	1
P52799	1	1
P52803	1	1
P52961	1	0
P53708	1	1
P53794	1	0
P53801	1	1
P53816	1	0
P53985	1	0
P54289	1	1
P54707	1	0
P54709	1	1
P54753	1	1
P54756	1	1
P54760	1	1
P54762	1	1
P54764	1	1
P54793	0	1
P54826	1	0
P54851	1	0
P55011	1	0
P55017	1	0
P55058	0	1
P55064	1	0
P55073	1	0
P55082	1	1
P55083	0	1
P55085	1	0
P55087	1	0
P55160	1	0
P55259	1	0
P55268	0	1
P55283	1	1
P55285	1	1
P55286	1	1
P55287	1	1
P55289	1	0
P55290	1	1
P55291	1	1
P55344	1	0
P55808	1	0
P55899	1	1
P56159	1	1
P56199	1	1
P56373	1	0
P56696	1	0
P56746	1	0
P56747	1	0
P56748	1	0
P56749	1	1
P56750	1	0
P56817	1	1
P56856	1	0
P56880	1	0
P56937	1	0
P56975	1	0
P57087	1	1
P57103	1	0
P57679	1	0
P57727	1	0
P57738	1	0
P57739	1	0
P57764	1	0
P57773	1	0
P57789	1	0
P58107	1	0
P58166	0	1
P58170	1	0
P58173	1	0
P58180	1	0
P58181	1	0
P58182	1	0
P58335	1	0
P58400	1	0
P58401	1	0
P58418	1	0
P58549	1	0
P58550	1	0
P58658	1	0
P58743	1	1
P59025	1	0
P59533	1	0
P59534	1	0
P59535	1	0
P59536	1	0
P59537	1	0
P59538	1	0
P59539	1	0
P59540	1	0
P59541	1	0
P59542	1	0
P59543	1	0
P59544	1	0
P59551	1	0
P59646	1	0
P59901	1	0
P59922	1	0
P60033	1	0
P60059	1	0
P60201	1	0
P60507	1	0
P60508	1	0
P60509	1	0
P60852	1	0
P60893	1	0
P61073	1	0
P61550	1	0
P61565	1	0
P61566	1	0
P61567	1	0
P61570	1	0
P61769	1	0
P61978	0	1
P62079	1	0
P62955	1	0
P63027	1	0
P63252	1	0
P67809	0	1
P69849	1	1
P78310	1	1
P78324	1	1
P78325	1	1
P78333	1	1
P78334	1	0
P78348	1	1
P78357	1	1
P78363	1	0
P78369	1	0
P78380	1	1
P78410	1	0
P78423	1	0
P78504	1	1
P78508	1	0
P78536	1	1
P78539	1	0
P78552	1	1
P78562	1	0
P79483	1	1
P80370	1	0
P80748	1	0
P82251	1	0
P82279	1	0
P98073	1	0
P98095	0	1
P98153	1	1
P98155	1	0
P98160	0	1
P98161	1	0
P98164	1	1
P98172	1	1
P98196	1	0
P98198	1	0
Q00839	1	0
Q00975	1	0
Q01113	1	0
Q01118	1	0
Q01151	1	1
Q01344	1	1
Q01362	1	0
Q01453	1	0
Q01484	1	0
Q01628	1	0
Q01629	1	0
Q01638	1	0
Q01650	1	1
Q01668	1	0
Q01718	1	0
Q01726	1	0
Q01814	1	0
Q01959	1	0
Q01973	1	1
Q01974	1	1
Q02094	1	0
Q02161	1	0
Q02223	1	1
Q02246	1	0
Q02297	1	0
Q02388	0	1
Q02413	1	0
Q02487	1	1
Q02643	1	0
Q02763	1	1
Q02846	1	0
Q03167	1	1
Q03405	1	1
Q03431	1	0
Q04609	1	0
Q04656	1	0
Q04671	1	0
Q04721	1	1
Q04771	1	1
Q04826	0	1
Q04844	1	0
Q04900	1	1
Q04912	1	1
Q05586	1	0
Q05707	0	1
Q05901	1	0
Q05996	1	0
Q06418	1	1
Q06432	1	0
Q06481	1	1
Q06495	1	0
Q06643	1	0
Q07001	1	0
Q07011	1	1
Q07065	1	0
Q07075	1	0
Q07108	1	0
Q07444	1	0
Q07699	1	0
Q07837	1	0
Q07954	1	1
Q08174	1	1
Q08334	1	1
Q08345	1	0
Q08357	1	0
Q08380	0	1
Q08431	0	1
Q08462	1	0
Q08499	1	0
Q08554	1	0
Q08708	1	0
Q08722	1	1
Q08828	1	0
Q08ET2	1	0
Q09013	1	0
Q09160	0	1
Q09428	1	0
Q09470	1	0
Q0D2K0	1	0
Q0GE19	1	0
Q0VAQ4	1	0
Q10472	0	1
Q10588	1	1
Q10589	1	1
Q11201	0	1
Q11206	0	1
Q12791	1	0
Q12805	0	1
Q12809	1	0
Q12836	1	1
Q12841	0	1
Q12846	1	0
Q12851	1	0
Q12860	1	1
Q12864	1	1
Q12866	1	1
Q12879	1	0
Q12884	1	1
Q12891	1	1
Q12907	0	1
Q12908	1	0
Q12913	1	1
Q12918	1	0
Q12959	1	0
Q12999	1	0
Q13002	1	0
Q13003	1	1
Q13018	1	1
Q13061	1	0
Q13113	1	0
Q13145	1	0
Q13183	1	0
Q13201	0	1
Q13224	1	0
Q13237	1	0
Q13241	1	0
Q13255	1	0
Q13258	1	0
Q13261	1	0
Q13277	1	0
Q13286	1	0
Q13291	1	1
Q13304	1	0
Q13308	1	1
Q13324	1	0
Q13326	1	0
Q13332	1	1
Q13336	1	1
Q13349	1	0
Q13361	0	1
Q13368	1	0
Q13410	1	0
Q13421	1	1
Q13433	1	1
Q13443	1	1
Q13444	1	1
Q13445	1	0
Q13449	1	1
Q13467	1	0
Q13477	1	0
Q13478	1	1
Q13491	1	1
Q13507	1	0
Q13508	1	0
Q13520	1	0
Q13530	1	0
Q13563	1	0
Q13585	1	0
Q13586	1	1
Q13591	1	1
Q13606	1	0
Q13607	1	0
Q13621	1	0
Q13634	1	0
Q13635	1	0
Q13639	1	0
Q13641	1	1
Q13651	1	1
Q13683	1	1
Q13698	1	0
Q13705	1	1
Q13733	1	0
Q13740	1	1
Q13751	0	1
Q13753	0	1
Q13796	1	0
Q13797	1	1
Q13873	1	1
Q13936	1	0
Q14002	1	0
Q14003	1	0
Q14028	1	0
Q14112	0	1
Q14114	1	0
Q14118	1	1
Q14126	1	1
Q14162	1	0
Q14210	1	0
Q14242	1	1
Q14244	1	0
Q14246	1	0
Q14314	0	1
Q14330	1	0
Q14332	1	0
Q14392	1	1
Q14416	1	0
Q14439	1	1
Q14500	1	0
Q14511	1	0
Q14512	1	0
Q14517	1	1
Q14524	1	0
Q14542	1	1
Q14563	0	1
Q14571	1	0
Q14573	1	0
Q14574	1	0
Q14623	1	0
Q14626	1	0
Q14627	1	1
Q14654	1	0
Q14667	1	0
Q14714	1	0
Q14721	1	0
Q14728	1	0
Q14766	0	1
Q14773	1	0
Q14802	1	0
Q14831	1	0
Q14832	1	0
Q14833	1	0
Q14849	1	0
Q14916	1	0
Q14940	1	0
Q14943	1	0
Q14952	1	0
Q14953	1	0
Q14954	1	1
Q14956	1	1
Q14957	1	0
Q14973	1	0
Q14982	1	1
Q14BN4	1	0
Q14C87	1	0
Q14CN2	1	0
Q14CX5	1	0
Q14CZ8	1	1
Q14DG7	1	0
Q15035	1	0
Q15043	1	1
Q15049	1	0
Q15063	0	1
Q15077	1	0
Q15084	1	0
Q15109	1	0
Q15116	1	1
Q15155	1	0
Q15223	1	1
Q15256	1	0
Q15262	1	1
Q15303	1	0
Q15375	1	0
Q15389	0	1
Q15391	1	0
Q15399	1	1
Q15438	0	1
Q15465	1	0
Q15485	1	0
Q15517	0	1
Q15599	1	0
Q15612	1	0
Q15615	1	0
Q15617	1	0
Q15619	1	0
Q15620	1	0
Q15622	1	0
Q15722	1	1
Q15743	1	0
Q15758	1	0
Q15760	1	0
Q15761	1	0
Q15762	1	1
Q15768	1	1
Q15822	1	0
Q15825	1	0
Q15842	1	0
Q15849	1	0
Q15858	1	0
Q15878	1	0
Q15884	1	0
Q15904	0	1
Q16099	1	0
Q16280	1	0
Q16281	1	0
Q16288	1	1
Q16348	1	0
Q16363	0	1
Q16445	1	0
Q16478	1	0
Q16515	1	0
Q16538	1	0
Q16549	1	0
Q16553	1	0
Q16558	1	0
Q16570	1	0
Q16581	1	0
Q16585	1	1
Q16586	1	0
Q16602	1	1
Q16617	1	0
Q16620	1	1
Q16623	1	0
Q16625	1	0
Q16651	1	0
Q16653	1	0
Q16671	1	0
Q16720	1	0
Q16787	0	1
Q16790	1	0
Q16819	1	0
Q16820	1	0
Q16827	1	0
Q16832	1	1
Q16849	1	0
Q16853	1	0
Q16880	0	1
Q17R55	1	0
Q17RY6	1	1
Q19T08	1	0
Q1EHB4	1	0
Q1HG43	1	0
Q1HG44	1	0
Q24JP5	1	1
Q29960	0	1
Q29980	1	1
Q29983	1	1
Q2HXU8	1	0
Q2I0M4	1	0
Q2LD37	1	0
Q2M3C6	1	0
Q2M3G0	1	0
Q2M3M2	1	0
Q2M3R5	1	0
Q2M3T9	1	0
Q2T9K0	1	0
Q2TBF2	1	0
Q2VWP7	1	0
Q2WGJ8	1	0
Q2WGJ9	1	0
Q2Y0W8	1	0
Q30134	0	1
Q30154	1	1
Q30201	1	1
Q32M45	1	0
Q32P28	0	1
Q32ZL2	1	0
Q3KNS1	1	0
Q3KNT9	1	0
Q3KNW5	1	0
Q3KPI0	1	0
Q3KR37	1	0
Q3MIP1	1	0
Q3MIR4	1	0
Q3MIW9	1	0
Q3SXP7	1	0
Q3SY77	1	0
Q3ZCQ3	1	1
Q401N2	1	0
Q495A1	1	1
Q495M3	1	0
Q495N2	1	0
Q496F6	1	0
Q496H8	1	0
Q496J9	1	0
Q49SQ1	1	0
Q4G0N8	1	0
Q4G0T1	1	0
Q4KMG0	1	1
Q4KMQ2	1	1
Q4KMZ8	1	0
Q4U2R8	1	0
Q4V9L6	1	0
Q4VC39	1	0
Q4W5P6	1	0
Q4ZJI4	1	0
Q504Y0	1	0
Q50KZ9	1	0
Q53EL9	1	0
Q53FV1	1	0
Q53GD3	1	0
Q53RT3	1	0
Q53TN4	1	0
Q58DX5	1	0
Q58EX2	1	1
Q5BIV9	1	0
Q5BJH7	1	0
Q5BKT4	1	0
Q5BKX6	1	0
Q5BVD1	1	0
Q5DID0	1	0
Q5DX21	1	0
Q5FWE3	1	0
Q5GH70	1	0
Q5GH72	1	0
Q5GH73	1	0
Q5GH76	1	0
Q5GH77	1	0
Q5H943	1	0
Q5HYA8	1	0
Q5I7T1	1	0
Q5IJ48	1	1
Q5JQS5	1	0
Q5JRA6	0	1
Q5JRM2	1	0
Q5JRS4	1	0
Q5JUK3	1	0
Q5JW98	1	0
Q5JWF2	1	0
Q5JX69	1	0
Q5JX71	1	0
Q5JXA9	1	0
Q5JZY3	1	0
Q5KU26	1	0
Q5MY95	1	0
Q5NUL3	1	0
Q5PT55	1	0
Q5QGT7	1	0
Q5QGZ9	1	1
Q5R3F8	1	1
Q5R3K3	1	0
Q5SGD2	1	0
Q5SQ64	1	0
Q5SR56	1	0
Q5SSG8	1	0
Q5SV17	1	0
Q5SY80	1	0
Q5SZI1	1	0
Q5SZK8	1	1
Q5T197	1	0
Q5T1A1	1	0
Q5T1S8	1	0
Q5T292	1	0
Q5T2D2	1	0
Q5T3F8	1	0
Q5T3U5	1	0
Q5T442	1	0
Q5T4D3	1	0
Q5T4F4	1	0
Q5T4T1	1	0
Q5T601	1	1
Q5T6X5	1	0
Q5T7P8	1	0
Q5T848	1	0
Q5T9L3	1	0
Q5TAT6	1	0
Q5TEA6	1	0
Q5TF39	1	1
Q5TFQ8	1	0
Q5TGU0	1	0
Q5TZ20	1	0
Q5UAW9	1	0
Q5VT99	1	0
Q5VTH2	1	0
Q5VTT2	1	0
Q5VU97	1	1
Q5VUB5	1	1
Q5VV43	1	0
Q5VV63	1	0
Q5VW38	1	1
Q5VWK5	1	0
Q5VX71	1	0
Q5VXM1	1	0
Q5VXU1	1	0
Q5VY43	1	1
Q5VY80	1	0
Q5VZ72	1	0
Q5VZI3	1	0
Q5VZR4	1	0
Q5W0Z9	1	0
Q5XG99	1	0
Q5XXA6	1	0
Q5ZPR3	1	1
Q63ZE4	1	0
Q658N2	1	0
Q66K66	1	0
Q66K79	0	1
Q685J3	1	0
Q687X5	1	1
Q68BL7	0	1
Q68BL8	0	1
Q68D85	1	1
Q68DH5	1	0
Q68DV7	1	0
Q68DX3	1	0
Q69384	1	0
Q695T7	1	0
Q6AI14	1	0
Q6AZY7	1	0
Q6DKI7	1	0
Q6DN72	1	1
Q6DWJ6	1	0
Q6EIG7	1	0
Q6EMK4	1	1
Q6GPH6	1	0
Q6GTX8	1	1
Q6GV28	1	0
Q6H3X3	1	1
Q6HA08	1	0
Q6IA17	1	0
Q6IEE7	1	1
Q6IEU7	1	0
Q6IEV9	1	0
Q6IEY1	1	0
Q6IEZ7	1	0
Q6IF00	1	0
Q6IF36	1	0
Q6IF42	1	0
Q6IF63	1	0
Q6IF82	1	0
Q6IF99	1	0
Q6IFG1	1	0
Q6IFH4	1	0
Q6IFN5	1	0
Q6ISU1	1	0
Q6IWH7	1	0
Q6J4K2	1	1
Q6MZM0	1	0
Q6N022	1	0
Q6N075	1	0
Q6NSJ5	1	0
Q6NT16	1	0
Q6NUJ2	1	0
Q6NUS6	1	0
Q6NUS8	1	0
Q6NV75	1	0
Q6NVV3	1	0
Q6NW40	1	0
Q6NXT4	1	0
Q6P1J6	1	0
Q6P4A8	0	1
Q6P4Q7	1	1
Q6P531	1	0
Q6P5W5	1	0
Q6P7N7	1	0
Q6P995	1	0
Q6P9F7	1	0
Q6P9G4	1	0
Q6P9H4	1	0
Q6PCB7	1	0
Q6PCB8	1	1
Q6PEX7	1	0
Q6PEY0	1	0
Q6PEY1	1	0
Q6PHW0	1	0
Q6PI25	1	0
Q6PI73	1	0
Q6PI78	1	0
Q6PIS1	1	0
Q6PIU1	1	0
Q6PIU2	1	0
Q6PIZ9	1	0
Q6PJF5	1	1
Q6PJG9	1	0
Q6PJW8	1	0
Q6PL45	1	0
Q6PP77	1	0
Q6PRD1	1	0
Q6PXP3	1	0
Q6Q8B3	1	0
Q6QNK2	1	0
Q6RW13	1	0
Q6T423	1	0
Q6T4R5	1	0
Q6TCH4	1	0
Q6U736	1	0
Q6U841	1	0
Q6UQ28	1	0
Q6UVK1	1	1
Q6UVM3	1	0
Q6UVW9	1	0
Q6UVY6	0	1
Q6UW56	1	1
Q6UW88	1	0
Q6UWB1	1	1
Q6UWB4	1	0
Q6UWF3	1	0
Q6UWH4	1	0
Q6UWI2	1	1
Q6UWI4	1	0
Q6UWJ1	1	1
Q6UWJ8	1	0
Q6UWL2	1	1
Q6UWL6	1	0
Q6UWM5	1	0
Q6UWM7	1	0
Q6UWM9	1	0
Q6UWN0	1	0
Q6UWN5	1	0
Q6UWR7	1	0
Q6UWU4	1	0
Q6UWV2	1	0
Q6UWV6	1	0
Q6UX01	1	0
Q6UX15	1	0
Q6UX27	1	1
Q6UX34	1	0
Q6UX41	1	0
Q6UX46	1	0
Q6UX65	1	0
Q6UX68	1	0
Q6UX71	1	0
Q6UX82	1	0
Q6UX98	1	0
Q6UXB3	1	0
Q6UXB4	1	0
Q6UXB8	0	1
Q6UXC1	1	0
Q6UXD5	1	1
Q6UXE8	1	0
Q6UXG2	1	0
Q6UXG3	1	0
Q6UXG8	1	0
Q6UXH1	0	1
Q6UXK2	1	0
Q6UXK5	1	1
Q6UXL0	1	0
Q6UXM1	1	0
Q6UXN8	1	0
Q6UXT6	1	0
Q6UXT8	1	0
Q6UXU4	1	0
Q6UXU6	1	0
Q6UXV0	1	0
Q6UXV1	1	0
Q6UXY8	1	0
Q6UXZ0	1	0
Q6UXZ3	1	0
Q6UXZ4	1	0
Q6UY09	1	0
Q6UY11	1	0
Q6UY14	0	1
Q6UY18	1	0
Q6V0I7	1	1
Q6V1P9	1	0
Q6W3E5	1	0
Q6W5P4	1	0
Q6XR72	1	0
Q6XUX3	1	0
Q6XZB0	1	0
Q6YHK3	1	1
Q6ZMB5	1	0
Q6ZMC9	1	0
Q6ZMH5	1	0
Q6ZMI3	1	0
Q6ZMJ2	1	1
Q6ZMP0	0	1
Q6ZMR5	1	0
Q6ZN44	1	1
Q6ZNI0	1	0
Q6ZNR0	1	0
Q6ZP80	1	0
Q6ZPB5	1	0
Q6ZQN7	1	1
Q6ZRH7	1	0
Q6ZRI0	1	0
Q6ZRP7	1	1
Q6ZS10	1	0
Q6ZS82	1	0
Q6ZSA7	1	0
Q6ZSJ9	1	0
Q6ZSM3	1	0
Q6ZSS7	1	0
Q6ZSY5	1	0
Q6ZSZ5	1	0
Q6ZTQ4	1	0
Q6ZU64	1	0
Q6ZVN8	1	0
Q6ZVX9	1	0
Q6ZWK4	1	0
Q6ZWK6	1	0
Q6ZXV5	1	0
Q70Z44	1	0
Q71RS6	1	0
Q75NE6	1	0
Q75V66	1	1
Q76EJ3	1	0
Q76M96	0	1
Q7KYR7	1	1
Q7L0J3	1	1
Q7L0X0	1	1
Q7L1I2	1	0
Q7L1W4	1	0
Q7L5L3	1	0
Q7L5N7	1	0
Q7L985	1	0
Q7LBE3	1	0
Q7RTM1	1	0
Q7RTP0	1	0
Q7RTR8	1	0
Q7RTS5	1	0
Q7RTS6	1	0
Q7RTT9	1	1
Q7RTU9	1	0
Q7RTW8	1	0
Q7RTX0	1	0
Q7RTX1	1	0
Q7RTX7	1	0
Q7RTX9	1	0
Q7RTY0	1	0
Q7RTY1	1	0
Q7RTY8	1	0
Q7RTY9	1	0
Q7Z2D5	1	0
Q7Z2H8	1	0
Q7Z2W7	1	0
Q7Z3B1	1	1
Q7Z3D4	1	0
Q7Z3Q1	1	0
Q7Z3S7	1	0
Q7Z3T1	1	0
Q7Z402	1	0
Q7Z404	1	0
Q7Z407	1	0
Q7Z408	1	0
Q7Z410	1	0
Q7Z418	1	0
Q7Z442	1	0
Q7Z443	1	0
Q7Z4F1	1	1
Q7Z4N2	1	0
Q7Z4R8	0	1
Q7Z4W1	1	0
Q7Z553	1	0
Q7Z5A4	1	0
Q7Z5H4	1	0
Q7Z5H5	1	0
Q7Z5M5	1	0
Q7Z5N4	1	1
Q7Z601	1	0
Q7Z602	1	0
Q7Z692	1	0
Q7Z6A9	1	1
Q7Z6L0	1	0
Q7Z6M3	1	1
Q7Z7D3	1	0
Q7Z7G0	0	1
Q7Z7H5	0	1
Q7Z7J7	1	0
Q7Z7M0	1	1
Q7Z7M1	1	0
Q86SJ2	1	1
Q86SJ6	1	0
Q86SM5	1	0
Q86SM8	1	0
Q86SP6	1	0
Q86SQ3	1	0
Q86SQ4	1	1
Q86SQ6	1	0
Q86SU0	1	0
Q86T03	1	0
Q86T13	1	1
Q86T26	1	0
Q86T96	1	0
Q86TB3	1	0
Q86TG1	1	0
Q86TY3	1	0
Q86UD0	1	0
Q86UD5	1	0
Q86UE6	1	0
Q86UF1	1	0
Q86UG4	1	0
Q86UK5	1	0
Q86UN2	1	0
Q86UN3	1	0
Q86UP0	1	0
Q86UW1	1	0
Q86UW2	1	0
Q86V24	1	0
Q86V35	1	0
Q86V40	1	0
Q86VB7	1	1
Q86VE9	1	0
Q86VH4	1	0
Q86VH5	1	0
Q86VI4	1	0
Q86VL8	1	0
Q86VR7	1	0
Q86VW1	1	1
Q86VY9	1	0
Q86VZ1	1	1
Q86VZ4	1	1
Q86W47	1	0
Q86WA9	1	0
Q86WB7	1	0
Q86WC4	0	1
Q86WI1	1	1
Q86WK6	1	1
Q86WK7	1	0
Q86WK9	1	0
Q86WR0	1	0
Q86WS5	1	0
Q86WV6	1	0
Q86X19	1	0
Q86X29	1	0
Q86XJ0	1	0
Q86XK7	1	0
Q86XM0	1	0
Q86XQ3	1	0
Q86XR5	1	0
Q86XS8	1	1
Q86XT9	1	0
Q86XX4	1	1
Q86Y22	1	0
Q86Y34	1	0
Q86Y78	1	0
Q86YC3	1	0
Q86YD3	1	1
Q86YD5	1	0
Q86YL7	1	0
Q86YT5	1	0
Q86YT9	1	1
Q86YW5	1	0
Q86Z14	1	0
Q8IU57	1	0
Q8IU80	1	0
Q8IU99	1	0
Q8IUH5	1	0
Q8IUK5	1	1
Q8IUN9	1	0
Q8IUR5	1	0
Q8IUW5	1	1
Q8IUX7	0	1
Q8IUY3	1	0
Q8IV16	1	0
Q8IV31	1	0
Q8IV45	1	0
Q8IV77	1	0
Q8IVB4	1	0
Q8IVJ1	1	0
Q8IVL8	1	0
Q8IVM8	1	0
Q8IVQ6	1	0
Q8IVV8	1	0
Q8IVW8	1	0
Q8IVY1	1	0
Q8IW00	1	1
Q8IW52	1	1
Q8IWA5	1	0
Q8IWB1	1	1
Q8IWK6	1	1
Q8IWT1	1	1
Q8IWT6	1	0
Q8IWU4	1	0
Q8IWU5	1	0
Q8IWU6	1	0
Q8IWV1	1	0
Q8IWV2	1	0
Q8IWY4	1	0
Q8IX05	1	1
Q8IX19	1	0
Q8IX30	1	0
Q8IXA5	1	0
Q8IXB3	1	0
Q8IXE1	1	0
Q8IXF9	1	0
Q8IXH8	1	0
Q8IXU6	1	0
Q8IY34	1	0
Q8IYJ0	1	0
Q8IYL9	1	1
Q8IYR6	1	1
Q8IYS0	1	0
Q8IYS2	1	0
Q8IYS5	1	1
Q8IYV9	1	0
Q8IZ08	1	0
Q8IZA0	1	0
Q8IZD6	1	0
Q8IZF0	1	0
Q8IZF2	1	1
Q8IZF3	1	0
Q8IZF4	1	0
Q8IZF5	1	0
Q8IZF6	1	0
Q8IZF7	1	0
Q8IZJ1	1	1
Q8IZJ3	1	0
Q8IZK6	1	0
Q8IZM9	1	0
Q8IZP9	1	1
Q8IZS7	1	0
Q8IZS8	1	0
Q8IZU9	1	0
Q8IZY2	1	1
Q8J025	1	1
Q8N0W4	1	1
Q8N0W7	1	0
Q8N0Y3	1	0
Q8N0Y5	1	0
Q8N0Z9	1	1
Q8N109	1	1
Q8N111	1	0
Q8N114	1	0
Q8N126	1	1
Q8N127	1	0
Q8N130	1	0
Q8N131	1	0
Q8N144	1	0
Q8N146	1	0
Q8N148	1	0
Q8N149	1	0
Q8N158	1	0
Q8N162	1	0
Q8N1C3	1	0
Q8N1M1	1	0
Q8N1N0	1	0
Q8N1N2	1	0
Q8N1S5	1	0
Q8N1Y9	1	0
Q8N271	1	1
Q8N292	1	0
Q8N2C7	1	0
Q8N2G4	1	0
Q8N2K0	1	0
Q8N2M4	1	0
Q8N2Q7	1	1
Q8N2U0	1	0
Q8N307	1	0
Q8N349	1	0
Q8N350	1	0
Q8N370	1	0
Q8N386	1	1
Q8N387	1	0
Q8N394	1	0
Q8N3G9	1	0
Q8N3J6	1	1
Q8N3R9	1	0
Q8N3T6	1	0
Q8N3Z0	0	1
Q8N423	1	0
Q8N441	1	1
Q8N4F4	1	0
Q8N4L2	1	0
Q8N4S9	1	0
Q8N4V1	0	1
Q8N539	1	0
Q8N565	1	0
Q8N5C1	1	0
Q8N608	1	0
Q8N614	1	0
Q8N628	1	0
Q8N661	1	0
Q8N695	1	0
Q8N697	1	0
Q8N6C5	1	1
Q8N6F1	1	0
Q8N6K0	1	0
Q8N6P7	1	0
Q8N6Q3	1	0
Q8N6U8	1	0
Q8N6Y1	1	1
Q8N743	1	0
Q8N766	0	1
Q8N7C0	1	0
Q8N7P3	1	0
Q8N8D7	1	0
Q8N8F6	1	0
Q8N8Q9	1	0
Q8N8Z6	1	1
Q8N912	1	0
Q8N967	1	0
Q8N9F7	1	0
Q8N9M5	1	0
Q8N9W7	1	0
Q8NA29	1	0
Q8NAC3	1	0
Q8NAU1	1	1
Q8NB49	1	0
Q8NB59	1	0
Q8NBD8	1	0
Q8NBI5	1	0
Q8NBJ9	1	1
Q8NBL3	1	0
Q8NBM4	1	0
Q8NBN3	1	1
Q8NBP7	1	0
Q8NBQ7	1	0
Q8NBR0	1	0
Q8NBS3	1	0
Q8NBU5	1	0
Q8NBV4	1	0
Q8NBV8	1	0
Q8NC01	1	0
Q8NC24	1	0
Q8NC42	0	1
Q8NC54	1	0
Q8NC67	1	0
Q8NCG7	1	0
Q8NCK7	1	0
Q8NCM2	1	0
Q8NCM8	0	1
Q8NCS7	1	0
Q8NCW0	1	0
Q8ND94	1	1
Q8NDV2	1	0
Q8NDX2	1	0
Q8NDZ6	1	0
Q8NE00	1	0
Q8NE01	1	1
Q8NE79	1	1
Q8NEA5	1	0
Q8NEB5	1	0
Q8NEC5	1	0
Q8NER1	1	0
Q8NER5	1	0
Q8NET5	1	0
Q8NET8	1	0
Q8NEW7	1	0
Q8NF37	1	0
Q8NFF2	1	0
Q8NFJ5	1	1
Q8NFJ6	1	0
Q8NFK1	1	0
Q8NFM4	1	0
Q8NFM7	1	1
Q8NFN8	1	0
Q8NFP4	1	1
Q8NFR9	1	0
Q8NFT2	1	0
Q8NFT8	1	1
Q8NFU0	1	0
Q8NFU1	1	0
Q8NFY4	1	0
Q8NFZ3	1	0
Q8NFZ4	1	1
Q8NFZ6	1	0
Q8NFZ8	1	1
Q8NG11	1	0
Q8NG75	1	0
Q8NG76	1	0
Q8NG77	1	0
Q8NG78	1	0
Q8NG80	1	0
Q8NG81	1	0
Q8NG83	1	0
Q8NG84	1	0
Q8NG85	1	0
Q8NG92	1	0
Q8NG94	1	0
Q8NG95	1	0
Q8NG97	1	0
Q8NG98	1	0
Q8NG99	1	0
Q8NGA0	1	0
Q8NGA1	1	0
Q8NGA2	1	0
Q8NGA4	1	0
Q8NGA5	1	0
Q8NGA6	1	0
Q8NGA8	1	0
Q8NGB2	1	0
Q8NGB4	1	0
Q8NGB6	1	0
Q8NGB8	1	0
Q8NGB9	1	0
Q8NGC0	1	0
Q8NGC1	1	0
Q8NGC2	1	0
Q8NGC3	1	0
Q8NGC4	1	0
Q8NGC5	1	0
Q8NGC6	1	0
Q8NGC7	1	0
Q8NGC8	1	0
Q8NGC9	1	0
Q8NGD0	1	0
Q8NGD1	1	0
Q8NGD2	1	0
Q8NGD3	1	0
Q8NGD4	1	0
Q8NGD5	1	0
Q8NGE0	1	0
Q8NGE1	1	0
Q8NGE2	1	0
Q8NGE3	1	0
Q8NGE5	1	0
Q8NGE7	1	0
Q8NGE8	1	0
Q8NGE9	1	0
Q8NGF0	1	0
Q8NGF1	1	0
Q8NGF3	1	0
Q8NGF4	1	0
Q8NGF6	1	0
Q8NGF7	1	0
Q8NGF8	1	0
Q8NGF9	1	0
Q8NGG0	1	0
Q8NGG1	1	0
Q8NGG2	1	0
Q8NGG3	1	0
Q8NGG4	1	0
Q8NGG5	1	0
Q8NGG6	1	0
Q8NGG7	1	0
Q8NGG8	1	0
Q8NGH3	1	0
Q8NGH5	1	0
Q8NGH6	1	0
Q8NGH7	1	0
Q8NGH8	1	0
Q8NGH9	1	0
Q8NGI0	1	0
Q8NGI1	1	0
Q8NGI2	1	0
Q8NGI3	1	0
Q8NGI4	1	0
Q8NGI6	1	0
Q8NGI7	1	0
Q8NGI8	1	0
Q8NGI9	1	0
Q8NGJ0	1	0
Q8NGJ1	1	0
Q8NGJ2	1	0
Q8NGJ3	1	0
Q8NGJ4	1	0
Q8NGJ5	1	0
Q8NGJ6	1	0
Q8NGJ7	1	0
Q8NGJ8	1	0
Q8NGJ9	1	0
Q8NGK0	1	0
Q8NGK1	1	0
Q8NGK2	1	0
Q8NGK3	1	0
Q8NGK4	1	0
Q8NGK5	1	0
Q8NGK6	1	0
Q8NGK9	1	0
Q8NGL0	1	0
Q8NGL1	1	0
Q8NGL2	1	0
Q8NGL3	1	0
Q8NGL4	1	0
Q8NGL6	1	0
Q8NGL7	1	0
Q8NGL9	1	0
Q8NGM1	1	0
Q8NGM8	1	0
Q8NGM9	1	0
Q8NGN0	1	0
Q8NGN1	1	0
Q8NGN2	1	0
Q8NGN3	1	0
Q8NGN4	1	0
Q8NGN5	1	0
Q8NGN6	1	0
Q8NGN7	1	0
Q8NGN8	1	0
Q8NGP0	1	0
Q8NGP2	1	0
Q8NGP3	1	0
Q8NGP4	1	0
Q8NGP6	1	0
Q8NGP8	1	0
Q8NGP9	1	0
Q8NGQ1	1	0
Q8NGQ2	1	0
Q8NGQ3	1	0
Q8NGQ4	1	0
Q8NGQ5	1	0
Q8NGQ6	1	0
Q8NGR1	1	0
Q8NGR2	1	0
Q8NGR3	1	0
Q8NGR4	1	0
Q8NGR5	1	0
Q8NGR6	1	0
Q8NGR8	1	0
Q8NGR9	1	0
Q8NGS0	1	0
Q8NGS1	1	0
Q8NGS2	1	0
Q8NGS3	1	0
Q8NGS4	1	0
Q8NGS5	1	0
Q8NGS6	1	0
Q8NGS7	1	0
Q8NGS8	1	0
Q8NGS9	1	0
Q8NGT0	1	0
Q8NGT1	1	0
Q8NGT2	1	0
Q8NGT5	1	0
Q8NGT7	1	0
Q8NGT9	1	0
Q8NGU1	1	0
Q8NGU2	1	0
Q8NGU4	1	0
Q8NGU9	1	0
Q8NGV0	1	0
Q8NGV5	1	0
Q8NGV6	1	0
Q8NGV7	1	0
Q8NGW1	1	0
Q8NGW6	1	0
Q8NGX0	1	0
Q8NGX1	1	0
Q8NGX2	1	0
Q8NGX3	1	0
Q8NGX5	1	0
Q8NGX6	1	0
Q8NGX8	1	0
Q8NGX9	1	0
Q8NGY0	1	0
Q8NGY1	1	0
Q8NGY2	1	0
Q8NGY3	1	0
Q8NGY5	1	0
Q8NGY6	1	0
Q8NGY7	1	0
Q8NGY9	1	0
Q8NGZ0	1	0
Q8NGZ2	1	0
Q8NGZ3	1	0
Q8NGZ4	1	0
Q8NGZ5	1	0
Q8NGZ6	1	0
Q8NGZ9	1	0
Q8NH00	1	0
Q8NH01	1	0
Q8NH02	1	0
Q8NH03	1	0
Q8NH04	1	0
Q8NH05	1	0
Q8NH06	1	0
Q8NH07	1	0
Q8NH08	1	0
Q8NH09	1	0
Q8NH10	1	0
Q8NH16	1	0
Q8NH18	1	0
Q8NH19	1	0
Q8NH21	1	0
Q8NH37	1	0
Q8NH40	1	0
Q8NH41	1	0
Q8NH42	1	0
Q8NH43	1	0
Q8NH48	1	0
Q8NH49	1	0
Q8NH50	1	0
Q8NH51	1	0
Q8NH53	1	0
Q8NH54	1	0
Q8NH55	1	0
Q8NH56	1	0
Q8NH57	1	0
Q8NH59	1	0
Q8NH60	1	0
Q8NH61	1	0
Q8NH63	1	0
Q8NH64	1	0
Q8NH67	1	0
Q8NH69	1	0
Q8NH70	1	0
Q8NH72	1	0
Q8NH73	1	0
Q8NH74	1	0
Q8NH76	1	0
Q8NH79	1	0
Q8NH80	1	0
Q8NH81	1	0
Q8NH83	1	0
Q8NH85	1	0
Q8NH87	1	0
Q8NH89	1	0
Q8NH90	1	0
Q8NH92	1	0
Q8NH93	1	0
Q8NH94	1	0
Q8NH95	1	0
Q8NHA4	1	0
Q8NHA6	1	0
Q8NHA8	1	0
Q8NHB1	1	0
Q8NHB7	1	0
Q8NHB8	1	0
Q8NHC4	1	0
Q8NHC5	1	0
Q8NHC6	1	0
Q8NHC7	1	0
Q8NHC8	1	0
Q8NHJ6	1	0
Q8NHK3	1	0
Q8NHL6	1	1
Q8NHS3	1	0
Q8NHU3	1	0
Q8NHV5	1	0
Q8NHX9	1	0
Q8NI17	1	0
Q8NI32	1	0
Q8NI35	1	0
Q8TAA9	1	0
Q8TAB3	1	1
Q8TAC9	1	0
Q8TAD2	0	1
Q8TAD4	1	0
Q8TAE7	1	0
Q8TAF8	1	0
Q8TAV3	1	0
Q8TAV4	1	0
Q8TAX9	1	0
Q8TB68	1	0
Q8TB96	0	1
Q8TBE1	1	0
Q8TBE7	1	0
Q8TBJ4	1	0
Q8TBP5	1	1
Q8TBQ9	1	0
Q8TBR7	1	0
Q8TC26	1	0
Q8TC27	1	0
Q8TCB6	1	0
Q8TCC7	1	0
Q8TCP9	1	0
Q8TCQ1	1	0
Q8TCT7	1	1
Q8TCT8	0	1
Q8TCT9	1	0
Q8TCU3	1	0
Q8TCU5	1	0
Q8TCW7	1	0
Q8TCW9	1	0
Q8TCY5	1	0
Q8TCZ2	1	0
Q8TD07	1	0
Q8TD20	1	0
Q8TD43	1	0
Q8TD46	1	1
Q8TD84	1	0
Q8TDB8	1	0
Q8TDD5	1	0
Q8TDF5	1	0
Q8TDI7	1	0
Q8TDI8	1	0
Q8TDJ6	0	1
Q8TDM5	1	0
Q8TDN1	1	0
Q8TDN2	1	0
Q8TDQ0	1	0
Q8TDQ1	1	0
Q8TDS4	1	0
Q8TDS5	1	0
Q8TDS7	1	0
Q8TDT2	1	0
Q8TDU5	1	0
Q8TDU6	1	0
Q8TDU9	1	0
Q8TDV0	1	0
Q8TDV2	1	0
Q8TDV5	1	0
Q8TDW0	1	0
Q8TDW7	1	1
Q8TDX9	1	0
Q8TDY8	1	1
Q8TE23	1	0
Q8TE54	1	0
Q8TE58	1	1
Q8TEB9	1	0
Q8TEM1	0	1
Q8TEZ7	1	0
Q8TF62	1	0
Q8TF66	1	1
Q8TF71	1	0
Q8TF72	1	0
Q8WTR4	1	0
Q8WTT0	1	0
Q8WTV0	1	1
Q8WU66	1	0
Q8WUG5	1	0
Q8WUJ3	1	0
Q8WUM9	1	0
Q8WUT4	1	0
Q8WUU8	1	0
Q8WUX1	1	0
Q8WVN6	1	0
Q8WVP7	1	0
Q8WVQ1	1	0
Q8WVV5	1	0
Q8WVZ1	1	0
Q8WWA0	1	0
Q8WWB7	0	1
Q8WWG1	1	0
Q8WWG9	1	0
Q8WWI5	1	1
Q8WWQ8	1	0
Q8WWT9	1	0
Q8WWV6	1	0
Q8WWX8	1	0
Q8WWY8	1	0
Q8WWZ7	1	0
Q8WXA8	1	0
Q8WXD0	1	0
Q8WXG9	1	0
Q8WXH0	1	0
Q8WXH2	1	0
Q8WXI7	1	1
Q8WXI8	1	0
Q8WXS5	1	0
Q8WY07	1	0
Q8WY21	0	1
Q8WYK1	1	0
Q8WZ55	1	0
Q8WZ59	1	0
Q8WZ84	1	0
Q8WZ92	1	0
Q8WZ94	1	0
Q8WZA6	1	0
Q902F8	1	0
Q902F9	1	0
Q92186	1	0
Q92478	1	0
Q92482	1	0
Q92485	1	1
Q92508	1	1
Q92536	1	0
Q92537	1	0
Q92542	1	1
Q92544	1	0
Q92581	1	0
Q92614	1	0
Q92626	1	1
Q92629	1	1
Q92633	1	0
Q92637	1	0
Q92673	1	1
Q92692	1	1
Q92729	1	0
Q92743	1	0
Q92806	1	0
Q92819	1	0
Q92823	1	1
Q92824	1	0
Q92832	0	1
Q92838	1	0
Q92839	1	0
Q92847	1	0
Q92854	1	1
Q92859	1	1
Q92887	1	0
Q92896	1	1
Q92911	1	0
Q92932	1	0
Q92953	1	0
Q92956	1	1
Q92959	1	1
Q92982	1	0
Q93033	1	1
Q93038	1	1
Q93070	1	0
Q93086	1	0
Q95365	0	1
Q95460	1	1
Q95IE3	0	1
Q969F8	1	0
Q969I6	1	0
Q969L2	1	0
Q969M2	1	0
Q969N2	0	1
Q969N4	1	0
Q969P0	1	1
Q969V1	1	0
Q969V3	0	1
Q969W9	0	1
Q969Z4	1	0
Q96A25	1	0
Q96A28	1	0
Q96A54	1	0
Q96A59	1	0
Q96A83	0	1
Q96AC1	1	0
Q96AD5	1	0
Q96AJ9	1	0
Q96AM1	1	1
Q96AP7	1	1
Q96AW1	1	0
Q96B33	1	0
Q96B86	1	0
Q96BD0	1	1
Q96BF3	1	1
Q96BI1	1	0
Q96CE8	1	0
Q96CH1	1	0
Q96CP6	1	0
Q96CP7	1	0
Q96CW9	1	0
Q96D31	1	0
Q96D42	1	0
Q96D53	1	0
Q96D96	1	0
Q96DA0	1	0
Q96DB9	1	0
Q96DD7	1	0
Q96DS6	1	0
Q96DU3	1	1
Q96DZ7	1	0
Q96E93	1	1
Q96EE4	0	1
Q96EP9	1	0
Q96ES6	1	0
Q96EX2	1	0
Q96F05	1	1
Q96F46	1	1
Q96FE5	1	0
Q96FE7	1	0
Q96FL8	1	0
Q96FT7	1	0
Q96FV3	1	0
Q96FX8	1	0
Q96G30	1	0
Q96G91	1	1
Q96GC9	1	0
Q96GP6	1	1
Q96GW7	1	1
Q96GX1	1	1
Q96H15	1	0
Q96HA4	0	1
Q96HD1	1	0
Q96HD9	1	0
Q96HH4	1	0
Q96HJ5	1	0
Q96ID5	1	0
Q96IQ7	1	0
Q96IZ2	1	0
Q96J42	1	1
Q96J66	1	0
Q96J84	1	1
Q96J86	1	0
Q96JA1	1	0
Q96JB6	0	1
Q96JJ6	1	0
Q96JJ7	0	1
Q96JP9	1	0
Q96JQ0	1	1
Q96JQ5	1	0
Q96JW4	1	0
Q96K49	0	1
Q96K78	1	0
Q96KA5	1	0
Q96KG7	1	0
Q96KJ4	1	0
Q96KK3	1	0
Q96KK4	1	0
Q96KN9	1	0
Q96KV6	1	0
Q96L08	1	0
Q96L42	1	0
Q96LA5	1	1
Q96LA6	1	0
Q96LA9	1	0
Q96LB0	1	0
Q96LB1	1	0
Q96LB2	1	0
Q96LC7	1	1
Q96LD1	1	1
Q96LL3	1	0
Q96LR9	1	0
Q96MC6	1	0
Q96MS0	1	0
Q96MU8	1	0
Q96N87	1	0
Q96NI6	1	0
Q96NR3	1	0
Q96NT5	1	1
Q96NU0	1	0
Q96NY7	1	0
Q96NY8	1	0
Q96P31	1	1
Q96P56	1	0
Q96P65	1	0
Q96P66	1	0
Q96P67	1	0
Q96P68	1	0
Q96P69	1	0
Q96P88	1	0
Q96PB1	0	1
Q96PD2	1	1
Q96PE1	1	1
Q96PE5	1	0
Q96PG2	1	0
Q96PH1	1	0
Q96PJ5	1	0
Q96PL2	1	0
Q96PL5	1	0
Q96PQ0	1	1
Q96PQ1	1	1
Q96PR1	1	0
Q96PS8	1	0
Q96PX8	1	0
Q96PZ7	1	0
Q96Q91	1	0
Q96QA5	1	0
Q96QD8	1	0
Q96QE2	1	0
Q96QE4	1	0
Q96QT4	1	0
Q96QU1	1	1
Q96QV1	1	1
Q96QZ0	1	0
Q96R08	1	0
Q96R09	1	0
Q96R27	1	0
Q96R28	1	0
Q96R30	1	0
Q96R45	1	0
Q96R47	1	0
Q96R48	1	0
Q96R54	1	0
Q96R67	1	0
Q96R69	1	0
Q96R72	1	0
Q96R84	1	0
Q96RA2	1	0
Q96RB7	1	0
Q96RC9	1	0
Q96RD0	1	0
Q96RD1	1	0
Q96RD2	1	0
Q96RD3	1	0
Q96RD6	1	0
Q96RD7	1	1
Q96RD9	1	1
Q96RI0	1	1
Q96RI8	1	0
Q96RI9	1	0
Q96RJ0	1	0
Q96RJ3	1	0
Q96RL6	1	0
Q96RN1	1	0
Q96RT1	1	0
Q96RW7	0	1
Q96S37	1	0
Q96SA4	1	0
Q96SJ8	1	0
Q96SN7	1	0
Q96T54	1	0
Q96T55	1	0
Q96T83	1	0
Q96TA0	1	0
Q99062	1	0
Q99075	1	0
Q99102	1	1
Q99250	1	0
Q99445	1	0
Q99463	1	0
Q99466	1	0
Q99467	1	1
Q99500	1	1
Q99519	1	1
Q99523	1	1
Q99527	1	0
Q99571	1	0
Q99572	1	1
Q99574	0	1
Q99603	1	0
Q99624	1	0
Q99650	1	1
Q99665	1	0
Q99677	1	0
Q99678	1	0
Q99679	1	0
Q99680	1	0
Q99705	1	0
Q99706	1	0
Q99712	1	0
Q99715	0	1
Q99720	1	0
Q99784	0	1
Q99788	1	1
Q99795	1	0
Q99808	1	1
Q99828	1	0
Q99835	1	1
Q99884	1	0
Q99928	1	0
Q99942	1	0
Q99946	1	0
Q99965	1	0
Q99985	0	1
Q99988	0	1
Q9BPV8	1	0
Q9BQ31	1	0
Q9BQ49	1	0
Q9BQ51	1	1
Q9BQG1	1	0
Q9BQI7	1	0
Q9BQS2	1	0
Q9BQS7	1	0
Q9BQT9	1	0
Q9BR26	1	0
Q9BR39	1	0
Q9BRI3	1	0
Q9BRK3	1	1
Q9BRK5	1	0
Q9BRN9	1	1
Q9BRQ5	1	0
Q9BRQ8	1	0
Q9BRV3	1	0
Q9BRY0	1	0
Q9BSA4	1	1
Q9BSE2	1	0
Q9BSG5	1	0
Q9BSJ8	1	0
Q9BSK0	1	0
Q9BSN7	1	0
Q9BSR8	1	0
Q9BT67	1	0
Q9BT76	1	0
Q9BTN0	1	0
Q9BTV4	1	0
Q9BUF7	1	0
Q9BV23	1	0
Q9BV40	1	0
Q9BVK6	0	1
Q9BVK8	1	0
Q9BVT8	1	0
Q9BWL3	1	0
Q9BWQ8	1	0
Q9BWV1	1	0
Q9BX59	1	0
Q9BX67	1	1
Q9BX73	1	0
Q9BX74	1	1
Q9BX79	1	0
Q9BX84	1	0
Q9BX95	1	0
Q9BX97	1	1
Q9BXA5	1	1
Q9BXB1	1	0
Q9BXC0	1	0
Q9BXC1	1	1
Q9BXE9	1	0
Q9BXJ5	0	1
Q9BXJ7	1	0
Q9BXJ8	1	0
Q9BXN1	0	1
Q9BXN2	1	0
Q9BXP2	1	1
Q9BXR5	1	0
Q9BXS0	1	0
Q9BXS4	1	0
Q9BXS9	1	0
Q9BXT2	1	0
Q9BXU9	1	0
Q9BXX0	0	1
Q9BY07	1	0
Q9BY10	1	0
Q9BY14	1	0
Q9BY15	1	1
Q9BY19	1	0
Q9BY21	1	0
Q9BY67	1	1
Q9BY76	0	1
Q9BY79	1	0
Q9BYE2	1	0
Q9BYE9	1	0
Q9BYF1	1	0
Q9BYH1	1	0
Q9BYT9	1	0
Q9BYW1	1	0
Q9BZ11	1	0
Q9BZ76	1	0
Q9BZA7	1	0
Q9BZA8	1	0
Q9BZD2	1	0
Q9BZD6	1	0
Q9BZD7	1	0
Q9BZG2	1	0
Q9BZJ6	1	0
Q9BZJ7	1	0
Q9BZJ8	1	0
Q9BZM2	1	0
Q9BZM4	1	1
Q9BZM5	1	1
Q9BZM6	1	0
Q9BZR6	1	1
Q9BZV2	1	0
Q9BZV3	1	0
Q9BZW2	1	0
Q9BZW8	1	1
Q9BZZ2	1	1
Q9C0A0	1	0
Q9C0B5	1	1
Q9C0C4	1	1
Q9C0H2	1	1
Q9C0I4	1	0
Q9C0K1	1	0
Q9GZK3	1	0
Q9GZK4	1	0
Q9GZK6	1	0
Q9GZK7	1	0
Q9GZM5	1	0
Q9GZM6	1	0
Q9GZN0	1	0
Q9GZN6	1	0
Q9GZP7	1	0
Q9GZQ4	1	0
Q9GZQ6	1	0
Q9GZU1	1	1
Q9GZV3	1	0
Q9GZW8	1	0
Q9GZY6	1	0
Q9GZZ6	1	0
Q9GZZ7	1	0
Q9H013	1	1
Q9H015	1	0
Q9H0C2	1	0
Q9H0C3	1	0
Q9H0Q3	1	0
Q9H0R3	1	0
Q9H0U3	1	0
Q9H0V9	0	1
Q9H0X4	1	0
Q9H156	1	1
Q9H158	1	0
Q9H159	1	1
Q9H172	1	0
Q9H1C0	1	1
Q9H1D0	1	0
Q9H1E5	0	1
Q9H1J7	0	1
Q9H1U4	1	0
Q9H1V8	1	0
Q9H1Y3	1	0
Q9H1Z8	1	0
Q9H1Z9	1	0
Q9H205	1	0
Q9H207	1	0
Q9H208	1	0
Q9H209	1	0
Q9H210	1	0
Q9H221	1	0
Q9H222	1	0
Q9H228	1	1
Q9H237	1	0
Q9H244	1	0
Q9H251	1	0
Q9H252	1	0
Q9H255	1	0
Q9H295	1	0
Q9H2A7	1	1
Q9H2B4	1	0
Q9H2C5	1	0
Q9H2C8	1	0
Q9H2E6	1	0
Q9H2H9	1	1
Q9H2J7	1	0
Q9H2S6	1	0
Q9H2U9	1	0
Q9H2W1	1	0
Q9H2X3	1	0
Q9H2X9	1	0
Q9H2Y9	1	0
Q9H310	1	0
Q9H313	1	0
Q9H339	1	0
Q9H340	1	0
Q9H341	1	0
Q9H342	1	0
Q9H343	1	0
Q9H344	1	0
Q9H346	1	0
Q9H3M0	1	0
Q9H3N1	1	0
Q9H3N8	1	0
Q9H3R2	1	0
Q9H3S1	1	1
Q9H3S3	1	1
Q9H3T2	1	0
Q9H3T3	1	1
Q9H3V2	1	0
Q9H3W5	1	0
Q9H400	1	0
Q9H461	1	0
Q9H4A9	1	0
Q9H4B8	1	0
Q9H4D0	1	0
Q9H5I5	1	0
Q9H5V8	1	1
Q9H5Y7	1	1
Q9H665	1	0
Q9H6B4	1	1
Q9H6D3	1	0
Q9H6D8	1	0
Q9H6L2	1	1
Q9H6X2	1	1
Q9H6X4	1	0
Q9H6Y7	1	0
Q9H741	0	1
Q9H756	1	0
Q9H7M9	1	1
Q9H7T0	1	0
Q9H7V2	1	0
Q9H813	1	0
Q9H8J5	1	0
Q9H8M5	1	1
Q9H9K5	1	0
Q9H9P2	1	0
Q9H9S5	1	1
Q9HA72	1	0
Q9HAB3	1	0
Q9HAP6	1	0
Q9HAR2	1	0
Q9HAS3	1	0
Q9HAV5	1	0
Q9HB14	1	0
Q9HB15	1	0
Q9HB29	1	1
Q9HB89	1	1
Q9HBA0	1	0
Q9HBB8	1	0
Q9HBE5	1	0
Q9HBG4	1	0
Q9HBG7	1	1
Q9HBJ8	1	0
Q9HBL0	1	0
Q9HBL6	1	0
Q9HBL7	1	0
Q9HBM0	1	0
Q9HBT6	1	0
Q9HBU9	1	0
Q9HBV2	1	0
Q9HBW0	1	0
Q9HBW1	1	0
Q9HBW9	1	1
Q9HBX8	1	0
Q9HBX9	1	0
Q9HBY0	1	0
Q9HC10	1	0
Q9HC29	1	0
Q9HC56	1	1
Q9HC58	1	0
Q9HC73	1	1
Q9HC97	1	0
Q9HCC8	1	0
Q9HCE9	1	0
Q9HCF6	1	0
Q9HCJ1	1	0
Q9HCJ2	1	0
Q9HCK4	1	0
Q9HCL0	1	1
Q9HCM2	1	1
Q9HCN3	1	1
Q9HCN6	1	0
Q9HCU0	1	0
Q9HCU4	1	1
Q9HCX4	1	0
Q9HD20	1	0
Q9HD43	1	0
Q9HD45	0	1
Q9HDB5	1	0
Q9HDC5	1	0
Q9HDC9	1	0
Q9N2J8	1	0
Q9N2K0	1	0
Q9NNX6	1	0
Q9NP58	1	0
Q9NP59	1	0
Q9NP60	1	0
Q9NP72	1	0
Q9NP84	1	0
Q9NP91	1	0
Q9NP94	1	0
Q9NP99	1	0
Q9NPA1	1	0
Q9NPA2	1	0
Q9NPB9	1	0
Q9NPC1	1	0
Q9NPC2	1	0
Q9NPD5	1	0
Q9NPD7	1	0
Q9NPF0	1	0
Q9NPG1	1	0
Q9NPG4	1	0
Q9NPG8	1	0
Q9NPH3	1	1
Q9NPH5	1	0
Q9NPI9	1	0
Q9NPR2	1	1
Q9NPY3	1	0
Q9NQ25	1	1
Q9NQ36	1	0
Q9NQ40	1	0
Q9NQ84	1	0
Q9NQ90	1	0
Q9NQA5	1	0
Q9NQC3	1	0
Q9NQN1	1	0
Q9NQS3	1	1
Q9NQS5	1	0
Q9NQW8	1	0
Q9NQX7	1	0
Q9NR16	1	0
Q9NR61	1	0
Q9NR71	1	0
Q9NR82	1	0
Q9NR96	1	1
Q9NR97	1	0
Q9NR99	0	1
Q9NRA1	1	0
Q9NRA2	1	0
Q9NRD8	1	0
Q9NRD9	1	0
Q9NRJ7	1	0
Q9NRM0	1	0
Q9NRM6	1	1
Q9NRN5	0	1
Q9NRP0	1	0
Q9NRQ2	1	0
Q9NRS4	1	0
Q9NRU3	1	0
Q9NRX6	1	0
Q9NRY7	1	0
Q9NS15	0	1
Q9NS40	1	0
Q9NS62	1	1
Q9NS66	1	0
Q9NS67	1	0
Q9NS68	1	0
Q9NS75	1	0
Q9NS82	1	0
Q9NS93	1	0
Q9NSA0	1	0
Q9NSA2	1	0
Q9NSD5	1	0
Q9NSD7	1	0
Q9NSI5	1	0
Q9NT68	1	1
Q9NT99	1	1
Q9NTG1	1	0
Q9NTI2	1	0
Q9NTN9	1	1
Q9NTQ9	1	0
Q9NU53	1	0
Q9NUM3	1	0
Q9NUM4	1	0
Q9NUN5	1	0
Q9NUP9	1	0
Q9NV12	1	0
Q9NV29	1	0
Q9NV92	1	0
Q9NV96	1	0
Q9NVV5	1	0
Q9NW15	1	0
Q9NWF4	1	0
Q9NWQ8	1	0
Q9NX52	1	0
Q9NX61	1	0
Q9NX76	1	0
Q9NX77	1	0
Q9NXE4	1	0
Q9NXJ0	1	0
Q9NXK6	1	0
Q9NXL6	1	0
Q9NY15	1	1
Q9NY25	1	1
Q9NY26	1	0
Q9NY35	1	0
Q9NY37	1	0
Q9NY46	1	0
Q9NY47	1	1
Q9NY64	1	0
Q9NY72	1	0
Q9NY91	1	0
Q9NYB5	1	0
Q9NYG2	1	0
Q9NYG8	1	0
Q9NYJ7	1	0
Q9NYK1	1	0
Q9NYM4	1	0
Q9NYQ6	1	1
Q9NYQ7	1	1
Q9NYQ8	1	0
Q9NYV7	1	0
Q9NYV8	1	0
Q9NYV9	1	0
Q9NYW0	1	0
Q9NYW1	1	0
Q9NYW2	1	0
Q9NYW3	1	0
Q9NYW4	1	0
Q9NYW5	1	0
Q9NYW6	1	0
Q9NYW7	1	0
Q9NYX4	1	0
Q9NYZ4	1	0
Q9NZ20	1	1
Q9NZ42	1	0
Q9NZ53	1	1
Q9NZ94	1	0
Q9NZA1	1	0
Q9NZC2	1	0
Q9NZC3	1	0
Q9NZD1	1	0
Q9NZG7	1	0
Q9NZH0	1	0
Q9NZM1	1	1
Q9NZM6	1	0
Q9NZN1	1	0
Q9NZP0	1	0
Q9NZP2	1	0
Q9NZP5	1	0
Q9NZQ7	1	1
Q9NZQ8	1	0
Q9NZR2	1	1
Q9NZS2	1	0
Q9NZU0	1	0
Q9NZU1	1	1
Q9NZV1	1	1
Q9NZV8	1	0
Q9P0K1	1	1
Q9P0K9	1	0
Q9P0L0	1	0
Q9P0L9	1	0
Q9P0N8	1	0
Q9P0S3	1	0
Q9P0T7	1	1
Q9P0V8	1	0
Q9P0X4	1	0
Q9P121	1	1
Q9P126	1	0
Q9P1P4	1	0
Q9P1P5	1	0
Q9P1Q5	1	0
Q9P1W3	1	0
Q9P1W8	1	1
Q9P1Z3	1	0
Q9P232	1	1
Q9P241	1	0
Q9P244	1	1
Q9P246	1	0
Q9P273	1	0
Q9P283	1	0
Q9P296	1	0
Q9P298	1	0
Q9P2B2	1	1
Q9P2D8	1	0
Q9P2E7	1	0
Q9P2J2	1	0
Q9P2M7	0	1
Q9P2S2	1	0
Q9P2U7	1	0
Q9P2U8	1	0
Q9UBD6	1	0
Q9UBG0	1	1
Q9UBH6	1	0
Q9UBI4	1	0
Q9UBK5	1	0
Q9UBL9	1	0
Q9UBN1	1	0
Q9UBN4	1	0
Q9UBN6	1	0
Q9UBP4	0	1
Q9UBQ6	0	1
Q9UBS5	1	0
Q9UBS9	0	1
Q9UBV2	0	1
Q9UBY0	1	0
Q9UBY5	1	0
Q9UEF7	1	0
Q9UEW3	1	0
Q9UF02	1	0
Q9UF33	1	0
Q9UGF5	1	0
Q9UGF6	1	0
Q9UGF7	1	0
Q9UGH3	1	1
Q9UGI6	1	0
Q9UGM1	1	0
Q9UGN4	1	0
Q9UGQ2	1	0
Q9UGQ3	1	0
Q9UGT4	1	1
Q9UHC3	1	0
Q9UHC6	1	1
Q9UHC9	1	0
Q9UHE8	1	0
Q9UHF4	1	0
Q9UHI5	1	0
Q9UHI7	1	0
Q9UHL4	0	1
Q9UHM6	1	0
Q9UHN6	1	0
Q9UHP7	1	1
Q9UHW9	1	1
Q9UHX3	1	1
Q9UI14	1	0
Q9UI33	1	0
Q9UI40	1	0
Q9UIB8	1	1
Q9UIG8	1	1
Q9UIJ5	1	0
Q9UIK5	1	0
Q9UIQ6	1	1
Q9UIR0	1	0
Q9UIW2	1	1
Q9UIX4	1	0
Q9UJ14	1	0
Q9UJ42	1	0
Q9UJ71	1	0
Q9UJ96	1	0
Q9UJ99	1	0
Q9UJJ9	0	1
Q9UJQ1	1	0
Q9UK17	1	0
Q9UK23	0	1
Q9UKB5	1	0
Q9UKF2	1	0
Q9UKF5	1	0
Q9UKH3	1	0
Q9UKJ0	1	0
Q9UKJ1	1	1
Q9UKJ8	1	0
Q9UKL2	1	0
Q9UKL4	1	0
Q9UKN1	1	0
Q9UKP6	1	0
Q9UKQ2	1	0
Q9UKR8	1	0
Q9UKU6	1	0
Q9UKU9	0	1
Q9UKX5	1	1
Q9UKY0	1	0
Q9UKZ4	1	1
Q9UL51	1	0
Q9UL52	1	0
Q9UL62	1	0
Q9ULB1	1	0
Q9ULB4	1	1
Q9ULB5	1	0
Q9ULC0	1	0
Q9ULC5	1	0
Q9ULD6	1	0
Q9ULD8	1	0
Q9ULF5	1	1
Q9ULH0	1	0
Q9ULH4	1	0
Q9ULI3	1	1
Q9ULK0	1	1
Q9ULK5	1	0
Q9ULK6	1	0
Q9ULL4	1	1
Q9ULQ1	1	0
Q9ULS6	1	0
Q9ULT6	1	0
Q9ULV1	1	1
Q9ULW2	1	0
Q9ULX7	1	0
Q9ULY5	1	0
Q9ULZ9	1	0
Q9UM01	1	0
Q9UM22	0	1
Q9UM44	0	1
Q9UM47	1	0
Q9UM73	1	0
Q9UMD9	1	0
Q9UMF0	1	1
Q9UMR7	1	0
Q9UMX9	1	0
Q9UMZ3	1	1
Q9UN66	1	0
Q9UN67	1	0
Q9UN70	1	1
Q9UN71	1	1
Q9UN72	1	0
Q9UN73	1	1
Q9UN74	1	0
Q9UN75	1	0
Q9UN76	1	0
Q9UN88	1	0
Q9UNE0	1	0
Q9UNG2	1	1
Q9UNN8	1	1
Q9UNQ0	1	0
Q9UNW1	1	0
Q9UNW8	1	1
Q9UNX9	1	0
Q9UP38	1	0
Q9UP52	1	0
Q9UP95	1	0
Q9UPC5	1	0
Q9UPI3	1	0
Q9UPR5	1	0
Q9UPU3	1	0
Q9UPX0	1	0
Q9UPX6	1	0
Q9UPX8	1	0
Q9UPY5	1	0
Q9UPZ6	1	1
Q9UQ05	1	0
Q9UQ52	1	0
Q9UQC9	1	1
Q9UQD0	1	0
Q9UQF0	1	0
Q9UQQ1	1	0
Q9UQV4	1	1
Q9Y210	1	0
Q9Y219	1	1
Q9Y226	1	0
Q9Y228	1	0
Q9Y239	1	0
Q9Y267	1	0
Q9Y271	1	1
Q9Y275	1	0
Q9Y279	1	0
Q9Y286	1	1
Q9Y287	1	1
Q9Y289	1	0
Q9Y2A7	1	0
Q9Y2B1	1	0
Q9Y2C5	1	0
Q9Y2C9	1	0
Q9Y2D5	1	0
Q9Y2E5	0	1
Q9Y2E8	1	0
Q9Y2G3	1	0
Q9Y2G8	1	0
Q9Y2I2	1	1
Q9Y2P4	1	0
Q9Y2P5	1	0
Q9Y2Q0	1	0
Q9Y2T5	1	0
Q9Y2T6	1	0
Q9Y2Y6	1	0
Q9Y320	1	0
Q9Y336	1	1
Q9Y342	1	0
Q9Y345	1	0
Q9Y3B3	0	1
Q9Y3N9	1	0
Q9Y3P8	1	0
Q9Y3Q0	1	0
Q9Y3Q4	1	0
Q9Y3Q7	1	0
Q9Y487	1	1
Q9Y490	1	0
Q9Y493	1	0
Q9Y4A9	1	0
Q9Y4B5	1	0
Q9Y4C0	1	0
Q9Y4D2	1	0
Q9Y4D7	1	1
Q9Y4F9	1	0
Q9Y4P9	1	0
Q9Y561	1	1
Q9Y585	1	0
Q9Y5E1	1	0
Q9Y5E2	1	0
Q9Y5E3	1	0
Q9Y5E4	1	0
Q9Y5E5	1	0
Q9Y5E6	1	0
Q9Y5E7	1	0
Q9Y5E8	1	0
Q9Y5E9	1	0
Q9Y5F0	1	0
Q9Y5F1	1	0
Q9Y5F2	1	0
Q9Y5F3	1	0
Q9Y5F6	1	1
Q9Y5F7	1	0
Q9Y5F8	1	1
Q9Y5F9	1	0
Q9Y5G0	1	1
Q9Y5G1	1	0
Q9Y5G2	1	0
Q9Y5G3	1	1
Q9Y5G4	1	1
Q9Y5G5	1	1
Q9Y5G6	1	0
Q9Y5G7	1	0
Q9Y5G8	1	0
Q9Y5G9	1	0
Q9Y5H0	1	0
Q9Y5H1	1	0
Q9Y5H2	1	0
Q9Y5H3	1	0
Q9Y5H4	1	0
Q9Y5H5	1	0
Q9Y5H6	1	0
Q9Y5H7	1	0
Q9Y5H8	1	0
Q9Y5H9	1	0
Q9Y5I0	1	0
Q9Y5I1	1	1
Q9Y5I2	1	1
Q9Y5I3	1	0
Q9Y5I4	1	0
Q9Y5I7	1	0
Q9Y5L3	1	0
Q9Y5N1	1	0
Q9Y5P0	1	0
Q9Y5P1	1	0
Q9Y5Q5	1	0
Q9Y5R2	1	0
Q9Y5S1	1	1
Q9Y5S8	1	0
Q9Y5U5	1	0
Q9Y5X5	1	0
Q9Y5X9	0	1
Q9Y5Y0	1	0
Q9Y5Y3	1	0
Q9Y5Y4	1	1
Q9Y5Y6	1	0
Q9Y5Y7	1	0
Q9Y5Y9	1	0
Q9Y5Z0	1	0
Q9Y624	1	1
Q9Y625	1	0
Q9Y639	1	1
Q9Y646	0	1
Q9Y653	1	1
Q9Y666	1	1
Q9Y691	1	0
Q9Y694	1	0
Q9Y696	1	0
Q9Y6C2	0	1
Q9Y6C5	1	0
Q9Y6D0	1	0
Q9Y6H6	1	0
Q9Y6H8	1	0
Q9Y6J6	1	0
Q9Y6L6	1	0
Q9Y6L7	0	1
Q9Y6M0	1	0
Q9Y6M5	1	0
Q9Y6M7	1	1
Q9Y6N7	1	1
Q9Y6N8	1	1
Q9Y6Q6	1	1
Q9Y6R1	1	0
Q9Y6U7	1	0
Q9Y6W5	1	0
Q9Y6W8	1	0
Q9Y6X5	1	1
W5XKT8	1	0
