hgnc_id	hgnc_symbol	uniprot_acc	ensembl_gene	ncbi_gene_id	binder_id	binder_name	pmid	pmcid	xml_available	pdb_leads	evidence
HGNC:11186	SORT1	Q99523	ENSG00000134243	6272	BIOGRID:SPB_SKYYWT	Sort_EndoTag	39322662	PMC11839401	1		not_established
HGNC:6010	IL2RG	P31785	ENSG00000147168	3561	BIOGRID:SPB_192L4N	Neoleukin-2/15 ● Neo-2/15, NL-2/15	30626941	PMC6521699	0		not_established
HGNC:6009	IL2RB	P14784	ENSG00000100385	3560	BIOGRID:SPB_192L4N	Neoleukin-2/15 ● Neo-2/15, NL-2/15	30626941	PMC6521699	0		not_established
HGNC:19100	IL23R	Q5VWK5	ENSG00000162594	149233	BIOGRID:SPB_BGFHTX	23-R72	38936360	PMC11316638	0		not_established
HGNC:19100	IL23R	Q5VWK5	ENSG00000162594	149233	BIOGRID:SPB_O1D5I5	23-R91	38936360	PMC11316638	0		not_established
HGNC:19100	IL23R	Q5VWK5	ENSG00000162594	149233	BIOGRID:SPB_MNC6QH	23R-70	38936360	PMC11316638	0		not_established
HGNC:19100	IL23R	Q5VWK5	ENSG00000162594	149233	BIOGRID:SPB_Y2OK6C	23R-80	38936360	PMC11316638	0		not_established
HGNC:19100	IL23R	Q5VWK5	ENSG00000162594	149233	BIOGRID:SPB_23MPOI	23-R81	38936360	PMC11316638	0		not_established
HGNC:19100	IL23R	Q5VWK5	ENSG00000162594	149233	BIOGRID:SPB_K35J88	23-R82	38936360	PMC11316638	0		not_established
HGNC:19100	IL23R	Q5VWK5	ENSG00000162594	149233	BIOGRID:SPB_EFYJ92	23-R83	38936360	PMC11316638	0		not_established
HGNC:11849	TLR3	O15455	ENSG00000164342	7098	BIOGRID:SPB_DNQD7B	Minibinder 7.1	39890776	PMC11785957	1	1ziw;7c76;7wv3;7wv5	target_present_in_cited_structure_not_binder_verified
HGNC:19100	IL23R	Q5VWK5	ENSG00000162594	149233	BIOGRID:SPB_BCUPEH	23-R85	38936360	PMC11316638	0		not_established
HGNC:19100	IL23R	Q5VWK5	ENSG00000162594	149233	BIOGRID:SPB_JXRAYM	23-R86	38936360	PMC11316638	0		not_established
HGNC:19100	IL23R	Q5VWK5	ENSG00000162594	149233	BIOGRID:SPB_HOSMOS	23-R87	38936360	PMC11316638	0		not_established
HGNC:19100	IL23R	Q5VWK5	ENSG00000162594	149233	BIOGRID:SPB_VRXYVL	23-R90	38936360	PMC11316638	0		not_established
HGNC:19100	IL23R	Q5VWK5	ENSG00000162594	149233	BIOGRID:SPB_4PVR2I	23-R92	38936360	PMC11316638	0		not_established
HGNC:19100	IL23R	Q5VWK5	ENSG00000162594	149233	BIOGRID:SPB_W5LCST	23-R93	38936360	PMC11316638	0		not_established
HGNC:11849	TLR3	O15455	ENSG00000164342	7098	BIOGRID:SPB_OVHBK2	Minibinder 7.2	39890776	PMC11785957	1	1ziw;7c76;7wv3;7wv5	target_present_in_cited_structure_not_binder_verified
HGNC:6307	KDR	P35968	ENSG00000128052	3791	BIOGRID:SPB_ALQK7G	CT-322 ● BMS-844203, Pegdinetanib	20190562	PMC2840239	0		not_established
HGNC:19137	CD276	Q5ZPR3	ENSG00000103855	80381	BIOGRID:SPB_TV2UFN	CD276 mb	39420062		0		not_established
HGNC:19137	CD276	Q5ZPR3	ENSG00000103855	80381	BIOGRID:SPB_88AXBS	HM9	39420062		0		not_established
HGNC:11849	TLR3	O15455	ENSG00000164342	7098	BIOGRID:SPB_QMUJGN	Minibinder 7.3	39890776	PMC11785957	1	1ziw;7c76;7wv3;7wv5	target_present_in_cited_structure_not_binder_verified
HGNC:11849	TLR3	O15455	ENSG00000164342	7098	BIOGRID:SPB_Z9N48W	Minibinder 7.4	39890776	PMC11785957	1	1ziw;7c76;7wv3;7wv5	target_present_in_cited_structure_not_binder_verified
HGNC:4324	GLP1R	P43220	ENSG00000112164	2740	BIOGRID:SPB_D2EWOA	D-GLP-1	38799672	PMC11117309	1		not_established
HGNC:11849	TLR3	O15455	ENSG00000164342	7098	BIOGRID:SPB_UITEL2	Minibinder 7.5	39890776	PMC11785957	1	1ziw;7c76;7wv3;7wv5	target_present_in_cited_structure_not_binder_verified
HGNC:3430	ERBB2	P04626	ENSG00000141736	2064	BIOGRID:SPB_8QL97D	Rb-H2	33738081	PMC7941009	1	6lbx	target_present_in_cited_structure_not_binder_verified
HGNC:2514	CTNNB1	P35222	ENSG00000168036	1499	BIOGRID:SPB_1NGTEC	β-cat_PpC_3	39841846	PMC11753435	1		not_established
HGNC:2514	CTNNB1	P35222	ENSG00000168036	1499	BIOGRID:SPB_58MZRH	β-cat_PpC_4	39841846	PMC11753435	1		not_established
HGNC:11849	TLR3	O15455	ENSG00000164342	7098	BIOGRID:SPB_0PEOV0	Minibinder 7.6	39890776	PMC11785957	1	1ziw;7c76;7wv3;7wv5	target_present_in_cited_structure_not_binder_verified
HGNC:3386	EPHA2	P29317	ENSG00000142627	1969	BIOGRID:SPB_AVQC4S	E1	26177208	PMC4503726	1		not_established
HGNC:3386	EPHA2	P29317	ENSG00000142627	1969	BIOGRID:SPB_ULXJWI	E10	26177208	PMC4503726	1		not_established
HGNC:11849	TLR3	O15455	ENSG00000164342	7098	BIOGRID:SPB_GXZAVY	Minibinder 7.7	39890776	PMC11785957	1	1ziw;7c76;7wv3;7wv5	target_present_in_cited_structure_not_binder_verified
HGNC:620	APP	P05067	ENSG00000142192	351	BIOGRID:SPB_PSTDFB	scFv-C ● Crenezumab-like scFv	37176076	PMC10179127	1		not_established
HGNC:11849	TLR3	O15455	ENSG00000164342	7098	BIOGRID:SPB_NDQVJH	Minibinder 7.8	39890776	PMC11785957	1	1ziw;7c76;7wv3;7wv5	target_present_in_cited_structure_not_binder_verified
HGNC:620	APP	P05067	ENSG00000142192	351	BIOGRID:SPB_38O7YA	scFv-S ● Solanezumab-like scFv	37176076	PMC10179127	1		not_established
HGNC:620	APP	P05067	ENSG00000142192	351	BIOGRID:SPB_X19VBB	scFv-12B4 ● 12B4-like scFv	37176076	PMC10179127	1		not_established
HGNC:1455	CALR	P27797	ENSG00000179218	811	BIOGRID:SPB_NDI5RN	CRT3	34199835	PMC8200062	1		not_established
HGNC:1455	CALR	P27797	ENSG00000179218	811	BIOGRID:SPB_JD0IEN	CRT4	34199835	PMC8200062	1		not_established
HGNC:2514	CTNNB1	P35222	ENSG00000168036	1499	BIOGRID:SPB_TKF18Q	b-cat_SnP_7	37875551	PMC10598214	1		not_established
HGNC:2514	CTNNB1	P35222	ENSG00000168036	1499	BIOGRID:SPB_XEGNRI	b-cat_SnP_8	37875551	PMC10598214	1		not_established
HGNC:11849	TLR3	O15455	ENSG00000164342	7098	BIOGRID:SPB_LYNE6L	Minibinder 7.9	39890776	PMC11785957	1	1ziw;7c76;7wv3;7wv5	target_present_in_cited_structure_not_binder_verified
HGNC:5467	IGF2R	P11717	ENSG00000197081	3482	BIOGRID:SPB_3Z7AZL	IGF_EndoTag2	39322662	PMC11839401	1	1gp0	target_present_in_cited_structure_not_binder_verified
HGNC:11849	TLR3	O15455	ENSG00000164342	7098	BIOGRID:SPB_P43VJF	Minibinder 7.10	39890776	PMC11785957	1	1ziw;7c76;7wv3;7wv5	target_present_in_cited_structure_not_binder_verified
HGNC:11849	TLR3	O15455	ENSG00000164342	7098	BIOGRID:SPB_M73U0S	Minibinder 7.11	39890776	PMC11785957	1	1ziw;7c76;7wv3;7wv5	target_present_in_cited_structure_not_binder_verified
HGNC:11849	TLR3	O15455	ENSG00000164342	7098	BIOGRID:SPB_VU3B87	8.6 16GS tetra	39890776	PMC11785957	1	1ziw;7c76;7wv3;7wv5	target_present_in_cited_structure_not_binder_verified
HGNC:6161	ITGB6	P18564	ENSG00000115221	3694	BIOGRID:SPB_WKZCHA	B6_BP_dslf ● A39KG64R_disulf	37704610	PMC10500007	1	4um9;5ffo;8tcg	target_present_in_cited_structure_not_binder_verified
HGNC:6150	ITGAV	P06756	ENSG00000138448	3685	BIOGRID:SPB_WKZCHA	B6_BP_dslf ● A39KG64R_disulf	37704610	PMC10500007	1	4um9;5ffo;8tcf;8tcg	target_present_in_cited_structure_not_binder_verified
HGNC:6163	ITGB8	P26012	ENSG00000105855	3696	BIOGRID:SPB_9N0212	B8_BP_dslf ● Avb8_3	37704610	PMC10500007	1	8tcf	target_present_in_cited_structure_not_binder_verified
HGNC:6150	ITGAV	P06756	ENSG00000138448	3685	BIOGRID:SPB_9N0212	B8_BP_dslf ● Avb8_3	37704610	PMC10500007	1	4um9;5ffo;8tcf;8tcg	target_present_in_cited_structure_not_binder_verified
HGNC:6161	ITGB6	P18564	ENSG00000115221	3694	BIOGRID:SPB_BE2RJX	B6B8_BP ● E13T	37704610	PMC10500007	1	4um9;5ffo;8tcg	target_present_in_cited_structure_not_binder_verified
HGNC:6150	ITGAV	P06756	ENSG00000138448	3685	BIOGRID:SPB_BE2RJX	B6B8_BP ● E13T	37704610	PMC10500007	1	4um9;5ffo;8tcf;8tcg	target_present_in_cited_structure_not_binder_verified
HGNC:6163	ITGB8	P26012	ENSG00000105855	3696	BIOGRID:SPB_BE2RJX	B6B8_BP ● E13T	37704610	PMC10500007	1	8tcf	target_present_in_cited_structure_not_binder_verified
HGNC:6161	ITGB6	P18564	ENSG00000115221	3694	BIOGRID:SPB_DH1IJ1	B6_BP ● A39KG64R	37704610	PMC10500007	1	4um9;5ffo;8tcg	target_present_in_cited_structure_not_binder_verified
HGNC:6150	ITGAV	P06756	ENSG00000138448	3685	BIOGRID:SPB_DH1IJ1	B6_BP ● A39KG64R	37704610	PMC10500007	1	4um9;5ffo;8tcf;8tcg	target_present_in_cited_structure_not_binder_verified
HGNC:6019	IL6R	P08887	ENSG00000160712	3570	BIOGRID:SPB_YNCB22	Vobarilizumab ● ALX0061	22948047		0		not_established
HGNC:11892	TNF	P01375	ENSG00000232810	7124	BIOGRID:SPB_W0WD0F	Ozoralizumab ● ATN103 (ATN192 = pegylated ATN103)	35273620	PMC8902368	1		not_established
HGNC:11849	TLR3	O15455	ENSG00000164342	7098	BIOGRID:SPB_W6A3G6	Minibinder 7.12	39890776	PMC11785957	1	1ziw;7c76;7wv3;7wv5	target_present_in_cited_structure_not_binder_verified
HGNC:11849	TLR3	O15455	ENSG00000164342	7098	BIOGRID:SPB_YW8M4G	Minibinder 8.1	39890776	PMC11785957	1	1ziw;7c76;7wv3;7wv5	target_present_in_cited_structure_not_binder_verified
HGNC:11849	TLR3	O15455	ENSG00000164342	7098	BIOGRID:SPB_LC56PG	Minibinder 8.2	39890776	PMC11785957	1	1ziw;7c76;7wv3;7wv5	target_present_in_cited_structure_not_binder_verified
HGNC:3236	EGFR	P00533	ENSG00000146648	1956	BIOGRID:SPB_WFVGQL	E_67	18706916		0		not_established
HGNC:3236	EGFR	P00533	ENSG00000146648	1956	BIOGRID:SPB_QON69I	E_68	18706916		0		not_established
HGNC:3236	EGFR	P00533	ENSG00000146648	1956	BIOGRID:SPB_ZUO5HG	E_69	18706916		0		not_established
HGNC:3236	EGFR	P00533	ENSG00000146648	1956	BIOGRID:SPB_IOK5TY	B4_01	18706916		0		not_established
HGNC:3236	EGFR	P00533	ENSG00000146648	1956	BIOGRID:SPB_V8NVRT	B4_02	18706916		0		not_established
HGNC:11849	TLR3	O15455	ENSG00000164342	7098	BIOGRID:SPB_YOCEZY	Minibinder 8.3	39890776	PMC11785957	1	1ziw;7c76;7wv3;7wv5	target_present_in_cited_structure_not_binder_verified
HGNC:3236	EGFR	P00533	ENSG00000146648	1956	BIOGRID:SPB_5AUG41	B4_07	18706916		0		not_established
HGNC:3236	EGFR	P00533	ENSG00000146648	1956	BIOGRID:SPB_U03CXZ	B4_33	18706916		0		not_established
HGNC:3236	EGFR	P00533	ENSG00000146648	1956	BIOGRID:SPB_UBJ4NO	B4_45	18706916		0		not_established
HGNC:3236	EGFR	P00533	ENSG00000146648	1956	BIOGRID:SPB_B7BL0I	B4_50	18706916		0		not_established
HGNC:3236	EGFR	P00533	ENSG00000146648	1956	BIOGRID:SPB_23RX8Z	B4_58	18706916		0		not_established
HGNC:3430	ERBB2	P04626	ENSG00000141736	2064	BIOGRID:SPB_MGMGEW	H_14	18706916		0		not_established
HGNC:3430	ERBB2	P04626	ENSG00000141736	2064	BIOGRID:SPB_5EHTHL	9_16	18706916		0		not_established
HGNC:3430	ERBB2	P04626	ENSG00000141736	2064	BIOGRID:SPB_PCOOVO	9_26	18706916		0		not_established
HGNC:3430	ERBB2	P04626	ENSG00000141736	2064	BIOGRID:SPB_PCOOVO	9_26	24095059		0		not_established
HGNC:11849	TLR3	O15455	ENSG00000164342	7098	BIOGRID:SPB_6IG1JE	Minibinder 8.4	39890776	PMC11785957	1	1ziw;7c76;7wv3;7wv5	target_present_in_cited_structure_not_binder_verified
HGNC:11529	EPCAM	P16422	ENSG00000119888	4072	BIOGRID:SPB_4LXO1F	Ec1	21963989		0		not_established
HGNC:11529	EPCAM	P16422	ENSG00000119888	4072	BIOGRID:SPB_DCPS9V	Ec2	21963989		0		not_established
HGNC:11529	EPCAM	P16422	ENSG00000119888	4072	BIOGRID:SPB_05WKSK	Ec3	21963989		0		not_established
HGNC:11529	EPCAM	P16422	ENSG00000119888	4072	BIOGRID:SPB_GQTK90	Ec4	21963989		0		not_established
HGNC:11529	EPCAM	P16422	ENSG00000119888	4072	BIOGRID:SPB_4SNK82	Ec5	21963989		0		not_established
HGNC:11849	TLR3	O15455	ENSG00000164342	7098	BIOGRID:SPB_ITWRJ6	Minibinder 8.5	39890776	PMC11785957	1	1ziw;7c76;7wv3;7wv5	target_present_in_cited_structure_not_binder_verified
HGNC:11529	EPCAM	P16422	ENSG00000119888	4072	BIOGRID:SPB_UJ4I82	Ac1	21963989		0		not_established
HGNC:11529	EPCAM	P16422	ENSG00000119888	4072	BIOGRID:SPB_2XQJQL	Ac2	21963989		0		not_established
HGNC:3430	ERBB2	P04626	ENSG00000141736	2064	BIOGRID:SPB_LL5D59	G3	25391547	PMC4315530	1		not_established
HGNC:3430	ERBB2	P04626	ENSG00000141736	2064	BIOGRID:SPB_NW6U5W	H10-2-G3	24095059		0		not_established
HGNC:3430	ERBB2	P04626	ENSG00000141736	2064	BIOGRID:SPB_NW6U5W	H10-2-G3	17466328		0		not_established
HGNC:3430	ERBB2	P04626	ENSG00000141736	2064	BIOGRID:SPB_NW6U5W	H10-2-G3	20124480		0		not_established
HGNC:3430	ERBB2	P04626	ENSG00000141736	2064	BIOGRID:SPB_6BGGKP	H10-2-D11	17466328		0		not_established
HGNC:3430	ERBB2	P04626	ENSG00000141736	2064	BIOGRID:SPB_U1751B	H10-2-D12	17466328		0		not_established
HGNC:3430	ERBB2	P04626	ENSG00000141736	2064	BIOGRID:SPB_3DAXQ8	H10-2-A2	17466328		0		not_established
HGNC:3430	ERBB2	P04626	ENSG00000141736	2064	BIOGRID:SPB_VF8S4G	H10-2-G5	17466328		0		not_established
HGNC:3430	ERBB2	P04626	ENSG00000141736	2064	BIOGRID:SPB_JQBRLB	H6-2-A3	16963452		0		not_established
HGNC:3430	ERBB2	P04626	ENSG00000141736	2064	BIOGRID:SPB_FFFD1O	H6-2-A7	16963452		0		not_established
HGNC:11849	TLR3	O15455	ENSG00000164342	7098	BIOGRID:SPB_5J3MN0	Minibinder 8.6	39890776	PMC11785957	1	1ziw;7c76;7wv3;7wv5	target_present_in_cited_structure_not_binder_verified
HGNC:3430	ERBB2	P04626	ENSG00000141736	2064	BIOGRID:SPB_12JO37	H6-3-B3	16963452		0		not_established
HGNC:3430	ERBB2	P04626	ENSG00000141736	2064	BIOGRID:SPB_ZDG9B0	H6-2-B9	16963452		0		not_established
HGNC:3430	ERBB2	P04626	ENSG00000141736	2064	BIOGRID:SPB_5XCE7P	H6-2-A10	16963452		0		not_established
HGNC:3430	ERBB2	P04626	ENSG00000141736	2064	BIOGRID:SPB_7UDKKP	H6-2-A6	16963452		0		not_established
HGNC:1678	CD4	P01730	ENSG00000010610	920	BIOGRID:SPB_I60927	D1.1	18654624	PMC2453315	1		not_established
HGNC:1678	CD4	P01730	ENSG00000010610	920	BIOGRID:SPB_MR0L6U	D2.1	18654624	PMC2453315	1		not_established
HGNC:1678	CD4	P01730	ENSG00000010610	920	BIOGRID:SPB_ILMD8L	D3.1	18654624	PMC2453315	1		not_established
HGNC:1678	CD4	P01730	ENSG00000010610	920	BIOGRID:SPB_WDZ24J	D4.1	18654624	PMC2453315	1		not_established
HGNC:1678	CD4	P01730	ENSG00000010610	920	BIOGRID:SPB_539PKN	D5.1	18654624	PMC2453315	1		not_established
HGNC:1678	CD4	P01730	ENSG00000010610	920	BIOGRID:SPB_HJYQWN	D6.1	18654624	PMC2453315	1		not_established
HGNC:11849	TLR3	O15455	ENSG00000164342	7098	BIOGRID:SPB_DT3YN4	8.6 dimer	39890776	PMC11785957	1	1ziw;7c76;7wv3;7wv5	target_present_in_cited_structure_not_binder_verified
HGNC:1678	CD4	P01730	ENSG00000010610	920	BIOGRID:SPB_9HHY7P	D23.2	18654624	PMC2453315	1		not_established
HGNC:1678	CD4	P01730	ENSG00000010610	920	BIOGRID:SPB_4MOK33	D27.2	18654624	PMC2453315	1		not_established
HGNC:1678	CD4	P01730	ENSG00000010610	920	BIOGRID:SPB_V7JKG8	D29.2	18654624	PMC2453315	1		not_established
HGNC:1678	CD4	P01730	ENSG00000010610	920	BIOGRID:SPB_HTALFU	D55.2	18654624	PMC2453315	1		not_established
HGNC:1678	CD4	P01730	ENSG00000010610	920	BIOGRID:SPB_OOLSY7	D57.2	18654624	PMC2453315	1		not_established
HGNC:1678	CD4	P01730	ENSG00000010610	920	BIOGRID:SPB_IQBGVM	6940_B01	34896364		0		not_established
HGNC:1678	CD4	P01730	ENSG00000010610	920	BIOGRID:SPB_IQBGVM	6940_B01	28584151	PMC5527662	0		not_established
HGNC:1678	CD4	P01730	ENSG00000010610	920	BIOGRID:SPB_ZH0S0O	4945_G06	34896364		0		not_established
HGNC:1678	CD4	P01730	ENSG00000010610	920	BIOGRID:SPB_ZH0S0O	4945_G06	28584151	PMC5527662	0		not_established
HGNC:11892	TNF	P01375	ENSG00000232810	7124	BIOGRID:SPB_FI9AP3	TC01	40223692		0		not_established
HGNC:11892	TNF	P01375	ENSG00000232810	7124	BIOGRID:SPB_MEYZUQ	TC02	40223692		0		not_established
HGNC:5467	IGF2R	P11717	ENSG00000197081	3482	BIOGRID:SPB_9IKHG9	D11mb	39322662	PMC11839401	1	1gp0	target_present_in_cited_structure_not_binder_verified
HGNC:11849	TLR3	O15455	ENSG00000164342	7098	BIOGRID:SPB_JH9M0V	8.6 40GS bi	39890776	PMC11785957	1	1ziw;7c76;7wv3;7wv5	target_present_in_cited_structure_not_binder_verified
HGNC:11892	TNF	P01375	ENSG00000232810	7124	BIOGRID:SPB_5Y2ILQ	TC04	40223692		0		not_established
HGNC:11892	TNF	P01375	ENSG00000232810	7124	BIOGRID:SPB_7VPK4I	TC05	40223692		0		not_established
HGNC:11892	TNF	P01375	ENSG00000232810	7124	BIOGRID:SPB_DZ1DTQ	TC06	40223692		0		not_established
HGNC:11892	TNF	P01375	ENSG00000232810	7124	BIOGRID:SPB_9R8IOG	TC07	40223692		0		not_established
HGNC:1678	CD4	P01730	ENSG00000010610	920	BIOGRID:SPB_LYF3DK	2886_C08	28584151	PMC5527662	0		not_established
HGNC:1678	CD4	P01730	ENSG00000010610	920	BIOGRID:SPB_C33C1Q	4945_C06	28584151	PMC5527662	0		not_established
HGNC:1678	CD4	P01730	ENSG00000010610	920	BIOGRID:SPB_R0FPEO	4945_G05	28584151	PMC5527662	0		not_established
HGNC:1678	CD4	P01730	ENSG00000010610	920	BIOGRID:SPB_BMQ02S	3517_G01	28584151	PMC5527662	0		not_established
HGNC:4390	GNAQ	P50148	ENSG00000156052	2776	BIOGRID:SPB_XN17K2	SEWN1.7	37368504	PMC10360382	0		not_established
HGNC:11849	TLR3	O15455	ENSG00000164342	7098	BIOGRID:SPB_ASFG12	8.6 12GS tetra	39890776	PMC11785957	1	1ziw;7c76;7wv3;7wv5	target_present_in_cited_structure_not_binder_verified
HGNC:4390	GNAQ	P50148	ENSG00000156052	2776	BIOGRID:SPB_5HH9A4	SEWN1.9	37368504	PMC10360382	0		not_established
HGNC:4390	GNAQ	P50148	ENSG00000156052	2776	BIOGRID:SPB_2E9MA8	SEWN1.12	37368504	PMC10360382	0		not_established
HGNC:4390	GNAQ	P50148	ENSG00000156052	2776	BIOGRID:SPB_B34JQP	SEWN2.12	37368504	PMC10360382	0		not_established
HGNC:4390	GNAQ	P50148	ENSG00000156052	2776	BIOGRID:SPB_U3WFMH	SEWN2.16	37368504	PMC10360382	0		not_established
HGNC:4390	GNAQ	P50148	ENSG00000156052	2776	BIOGRID:SPB_ECGSG7	SEWN2.20	37368504	PMC10360382	0		not_established
HGNC:8760	PDCD1	Q15116	ENSG00000188389	5133	BIOGRID:SPB_FLZOC9	AiD4	38032933	PMC10710080	1		not_established
HGNC:11849	TLR3	O15455	ENSG00000164342	7098	BIOGRID:SPB_WCR69Y	8.6 12GS hexa	39890776	PMC11785957	1	1ziw;7c76;7wv3;7wv5	target_present_in_cited_structure_not_binder_verified
HGNC:8760	PDCD1	Q15116	ENSG00000188389	5133	BIOGRID:SPB_3V6BB0	AiD5	38032933	PMC10710080	1		not_established
HGNC:8760	PDCD1	Q15116	ENSG00000188389	5133	BIOGRID:SPB_P12U9V	AiD7	38032933	PMC10710080	1		not_established
HGNC:8760	PDCD1	Q15116	ENSG00000188389	5133	BIOGRID:SPB_GMXMK3	AiD15	38032933	PMC10710080	1		not_established
HGNC:8760	PDCD1	Q15116	ENSG00000188389	5133	BIOGRID:SPB_PK5EPG	AiD19	38032933	PMC10710080	1		not_established
HGNC:11849	TLR3	O15455	ENSG00000164342	7098	BIOGRID:SPB_4RXZT3	7.1 40GS bi	39890776	PMC11785957	1	1ziw;7c76;7wv3;7wv5	target_present_in_cited_structure_not_binder_verified
HGNC:26617	MLKL	Q8NB16	ENSG00000168404	197259	BIOGRID:SPB_AAZCYF	Mb(MLKL_26) ● Mb26	33850121	PMC8044208	1	7jw7;7jxu	target_present_in_cited_structure_not_binder_verified
HGNC:26617	MLKL	Q8NB16	ENSG00000168404	197259	BIOGRID:SPB_AYTU02	Mb(MLKL_27) ● Mb27	33850121	PMC8044208	1	7jw7;7jxu	target_present_in_cited_structure_not_binder_verified
HGNC:26617	MLKL	Q8NB16	ENSG00000168404	197259	BIOGRID:SPB_KAGH76	Mb(MLKL_32) ● Mb32	33850121	PMC8044208	1	7jw7;7jxu	target_present_in_cited_structure_not_binder_verified
HGNC:11393	AURKA	O14965	ENSG00000087586	6790	BIOGRID:SPB_0W1P0D	Mb1	31239342	PMC6628680	0		not_established
HGNC:11393	AURKA	O14965	ENSG00000087586	6790	BIOGRID:SPB_J5ZC31	Mb2	31239342	PMC6628680	0		not_established
HGNC:11393	AURKA	O14965	ENSG00000087586	6790	BIOGRID:SPB_BXGO1Y	Mb3	31239342	PMC6628680	0		not_established
HGNC:11393	AURKA	O14965	ENSG00000087586	6790	BIOGRID:SPB_5G1GZ5	Mb4	31239342	PMC6628680	0		not_established
HGNC:11393	AURKA	O14965	ENSG00000087586	6790	BIOGRID:SPB_U6VLZP	Mb5	31239342	PMC6628680	0		not_established
HGNC:11393	AURKA	O14965	ENSG00000087586	6790	BIOGRID:SPB_Z0ASVJ	Mb6	31239342	PMC6628680	0		not_established
HGNC:11849	TLR3	O15455	ENSG00000164342	7098	BIOGRID:SPB_W96OJD	7.1 16GS tetra	39890776	PMC11785957	1	1ziw;7c76;7wv3;7wv5	target_present_in_cited_structure_not_binder_verified
HGNC:17635	CD274	Q9NZQ7	ENSG00000120217	29126	BIOGRID:SPB_XZAEGS	miniprotein 32	39012010	PMC11250529	0		not_established
HGNC:4390	GNAQ	P50148	ENSG00000156052	2776	BIOGRID:SPB_K32DHD	SEWN0.1	35762713	PMC9207892	0		not_established
HGNC:17635	CD274	Q9NZQ7	ENSG00000120217	29126	BIOGRID:SPB_JAHSHB	DBL1_04	37100904	PMC10131520	1	4zqk;7xad;7xyq	target_present_in_cited_structure_not_binder_verified
HGNC:17635	CD274	Q9NZQ7	ENSG00000120217	29126	BIOGRID:SPB_MJHDXQ	DBL1_03	37100904	PMC10131520	1	4zqk;7xad;7xyq	target_present_in_cited_structure_not_binder_verified
HGNC:5467	IGF2R	P11717	ENSG00000197081	3482	BIOGRID:SPB_HTBEAM	D6mb	39322662	PMC11839401	1	1gp0	target_present_in_cited_structure_not_binder_verified
HGNC:17635	CD274	Q9NZQ7	ENSG00000120217	29126	BIOGRID:SPB_58KRGQ	DBL2_04	37100904	PMC10131520	1	4zqk;7xad;7xyq	target_present_in_cited_structure_not_binder_verified
HGNC:5241	HSPA8	P11142	ENSG00000109971	3312	BIOGRID:SPB_75ZKHD	JDM1	39922190	PMC11928274	1		not_established
HGNC:5241	HSPA8	P11142	ENSG00000109971	3312	BIOGRID:SPB_QE5361	JDM2	39922190	PMC11928274	1		not_established
HGNC:5241	HSPA8	P11142	ENSG00000109971	3312	BIOGRID:SPB_EKYW1I	JDM3	39922190	PMC11928274	1		not_established
HGNC:5241	HSPA8	P11142	ENSG00000109971	3312	BIOGRID:SPB_9Y1ZCQ	JDM4	39922190	PMC11928274	1		not_established
HGNC:5241	HSPA8	P11142	ENSG00000109971	3312	BIOGRID:SPB_2BDQZP	JDM5	39922190	PMC11928274	1		not_established
HGNC:5241	HSPA8	P11142	ENSG00000109971	3312	BIOGRID:SPB_B0UWYR	JDM6	39922190	PMC11928274	1		not_established
HGNC:17635	CD274	Q9NZQ7	ENSG00000120217	29126	BIOGRID:SPB_CVINGI	DBL2_02	37100904	PMC10131520	1	4zqk;7xad;7xyq	target_present_in_cited_structure_not_binder_verified
HGNC:5241	HSPA8	P11142	ENSG00000109971	3312	BIOGRID:SPB_XATMD3	JDM7	39922190	PMC11928274	1		not_established
HGNC:5241	HSPA8	P11142	ENSG00000109971	3312	BIOGRID:SPB_AFWXCK	JDM8	39922190	PMC11928274	1		not_established
HGNC:5241	HSPA8	P11142	ENSG00000109971	3312	BIOGRID:SPB_4DHVEN	JDM9	39922190	PMC11928274	1		not_established
HGNC:5241	HSPA8	P11142	ENSG00000109971	3312	BIOGRID:SPB_YVUITY	JDM10	39922190	PMC11928274	1		not_established
HGNC:5241	HSPA8	P11142	ENSG00000109971	3312	BIOGRID:SPB_4JE5CP	JDM11	39922190	PMC11928274	1		not_established
HGNC:5241	HSPA8	P11142	ENSG00000109971	3312	BIOGRID:SPB_1WKCAA	JDM12	39922190	PMC11928274	1		not_established
HGNC:5241	HSPA8	P11142	ENSG00000109971	3312	BIOGRID:SPB_JK214I	JDM13	39922190	PMC11928274	1		not_established
HGNC:5241	HSPA8	P11142	ENSG00000109971	3312	BIOGRID:SPB_R4GFZK	JDM14	39922190	PMC11928274	1		not_established
HGNC:5241	HSPA8	P11142	ENSG00000109971	3312	BIOGRID:SPB_O850JQ	JDM15	39922190	PMC11928274	1		not_established
HGNC:5241	HSPA8	P11142	ENSG00000109971	3312	BIOGRID:SPB_OOJYRV	JDM16	39922190	PMC11928274	1		not_established
HGNC:8760	PDCD1	Q15116	ENSG00000188389	5133	BIOGRID:SPB_XS2TU7	DBP13_01	37100904	PMC10131520	1	3rrq;4zqk	target_present_in_cited_structure_not_binder_verified
HGNC:5241	HSPA8	P11142	ENSG00000109971	3312	BIOGRID:SPB_K0HHIE	JDM17	39922190	PMC11928274	1		not_established
HGNC:5241	HSPA8	P11142	ENSG00000109971	3312	BIOGRID:SPB_MQXBEB	JDM18	39922190	PMC11928274	1		not_established
HGNC:5241	HSPA8	P11142	ENSG00000109971	3312	BIOGRID:SPB_1D0Z3Z	JDM19	39922190	PMC11928274	1		not_established
HGNC:5241	HSPA8	P11142	ENSG00000109971	3312	BIOGRID:SPB_7TFW1U	JDM20	39922190	PMC11928274	1		not_established
HGNC:5241	HSPA8	P11142	ENSG00000109971	3312	BIOGRID:SPB_172HSQ	JDM21	39922190	PMC11928274	1		not_established
HGNC:5241	HSPA8	P11142	ENSG00000109971	3312	BIOGRID:SPB_D4S9T9	JDM22	39922190	PMC11928274	1		not_established
HGNC:5241	HSPA8	P11142	ENSG00000109971	3312	BIOGRID:SPB_S4C4IP	JDM23	39922190	PMC11928274	1		not_established
HGNC:5241	HSPA8	P11142	ENSG00000109971	3312	BIOGRID:SPB_G4HQ5H	JDM24	39922190	PMC11928274	1		not_established
HGNC:5241	HSPA8	P11142	ENSG00000109971	3312	BIOGRID:SPB_3RZ9CJ	JDM25	39922190	PMC11928274	1		not_established
HGNC:5241	HSPA8	P11142	ENSG00000109971	3312	BIOGRID:SPB_JM3MLV	JDM26	39922190	PMC11928274	1		not_established
HGNC:17635	CD274	Q9NZQ7	ENSG00000120217	29126	BIOGRID:SPB_DBS8IV	DBL2_03	37100904	PMC10131520	1	4zqk;7xad;7xyq	target_present_in_cited_structure_not_binder_verified
HGNC:5241	HSPA8	P11142	ENSG00000109971	3312	BIOGRID:SPB_DQO5NG	JDM27	39922190	PMC11928274	1		not_established
HGNC:5241	HSPA8	P11142	ENSG00000109971	3312	BIOGRID:SPB_WONDKD	JDM28	39922190	PMC11928274	1		not_established
HGNC:5241	HSPA8	P11142	ENSG00000109971	3312	BIOGRID:SPB_TMTR55	JDM29	39922190	PMC11928274	1		not_established
HGNC:5241	HSPA8	P11142	ENSG00000109971	3312	BIOGRID:SPB_VVC60X	JDM30	39922190	PMC11928274	1		not_established
HGNC:5241	HSPA8	P11142	ENSG00000109971	3312	BIOGRID:SPB_X5G65P	JDM31	39922190	PMC11928274	1		not_established
HGNC:5241	HSPA8	P11142	ENSG00000109971	3312	BIOGRID:SPB_RSUBYW	JDM32	39922190	PMC11928274	1		not_established
HGNC:5241	HSPA8	P11142	ENSG00000109971	3312	BIOGRID:SPB_95VFLR	JDM33	39922190	PMC11928274	1		not_established
HGNC:5241	HSPA8	P11142	ENSG00000109971	3312	BIOGRID:SPB_YSV7MY	JDM34	39922190	PMC11928274	1		not_established
HGNC:5241	HSPA8	P11142	ENSG00000109971	3312	BIOGRID:SPB_UR4ZUM	JDM35	39922190	PMC11928274	1		not_established
HGNC:5241	HSPA8	P11142	ENSG00000109971	3312	BIOGRID:SPB_PKFI78	JDM36	39922190	PMC11928274	1		not_established
HGNC:8760	PDCD1	Q15116	ENSG00000188389	5133	BIOGRID:SPB_N48H6T	DBL3_02	37100904	PMC10131520	1	3rrq;4zqk	target_present_in_cited_structure_not_binder_verified
HGNC:5241	HSPA8	P11142	ENSG00000109971	3312	BIOGRID:SPB_KA2NFP	JDM37	39922190	PMC11928274	1		not_established
HGNC:5241	HSPA8	P11142	ENSG00000109971	3312	BIOGRID:SPB_NL7S8A	JDM38	39922190	PMC11928274	1		not_established
HGNC:5241	HSPA8	P11142	ENSG00000109971	3312	BIOGRID:SPB_A7VN1Q	JDM39	39922190	PMC11928274	1		not_established
HGNC:5241	HSPA8	P11142	ENSG00000109971	3312	BIOGRID:SPB_BFM04Y	JDM40	39922190	PMC11928274	1		not_established
HGNC:5241	HSPA8	P11142	ENSG00000109971	3312	BIOGRID:SPB_1ASW3W	JDM41	39922190	PMC11928274	1		not_established
HGNC:20001	PCSK9	Q8NBP7	ENSG00000169174	255738	BIOGRID:SPB_NVN12J	1459D05	24917546		0		not_established
HGNC:20001	PCSK9	Q8NBP7	ENSG00000169174	255738	BIOGRID:SPB_OMDSJQ	BMS-962476	24917546		0		not_established
HGNC:3236	EGFR	P00533	ENSG00000146648	1956	BIOGRID:SPB_B29Q5V	Adnectin 1	22325775		0		not_established
HGNC:17635	CD274	Q9NZQ7	ENSG00000120217	29126	BIOGRID:SPB_IE0Z01	DBL4_01	37100904	PMC10131520	1	4zqk;7xad;7xyq	target_present_in_cited_structure_not_binder_verified
HGNC:2505	CTLA4	P16410	ENSG00000163599	1493	BIOGRID:SPB_FG5YOR	DBC2_01	37100904	PMC10131520	1		not_established
HGNC:3688	FGFR1	P11362	ENSG00000077782	2260	BIOGRID:SPB_IZAAXY	FGFR2_mb ● mb7	36288716	PMC9636537	0		not_established
HGNC:3689	FGFR2	P21802	ENSG00000066468	2263	BIOGRID:SPB_IZAAXY	FGFR2_mb ● mb7	36288716	PMC9636537	0		not_established
HGNC:3689	FGFR2	P21802	ENSG00000066468	2263	BIOGRID:SPB_IZAAXY	FGFR2_mb ● mb7	35332283	PMC9117152	1	1djs	target_present_in_cited_structure_not_binder_verified
HGNC:3690	FGFR3	P22607	ENSG00000068078	2261	BIOGRID:SPB_IZAAXY	FGFR2_mb ● mb7	36288716	PMC9636537	0		not_established
HGNC:3691	FGFR4	P22455	ENSG00000160867	2264	BIOGRID:SPB_IZAAXY	FGFR2_mb ● mb7	36288716	PMC9636537	0		not_established
HGNC:11138	SNCA	P37840	ENSG00000145335	6622	BIOGRID:SPB_DA7YY1	αSP1	38842931	PMC11215725	1		not_established
HGNC:3431	ERBB3	P21860	ENSG00000065361	2065	BIOGRID:SPB_UFXXZ6	Exp-MatExp-5	40429825	PMC12112719	1		not_established
HGNC:3431	ERBB3	P21860	ENSG00000065361	2065	BIOGRID:SPB_S0YB09	Exp-MatExp-8	40429825	PMC12112719	1		not_established
HGNC:8031	NTRK1	P04629	ENSG00000198400	4914	BIOGRID:SPB_JWCXIW	TrkA_mb	35332283	PMC9117152	1	1www;2ifg;7n3t	target_present_in_cited_structure_not_binder_verified
HGNC:3431	ERBB3	P21860	ENSG00000065361	2065	BIOGRID:SPB_5HKGNO	Exp-MatComp-4	40429825	PMC12112719	1		not_established
HGNC:3431	ERBB3	P21860	ENSG00000065361	2065	BIOGRID:SPB_297GH4	Exp-MatComp-12	40429825	PMC12112719	1		not_established
HGNC:3431	ERBB3	P21860	ENSG00000065361	2065	BIOGRID:SPB_VRZBUB	Exp-1	40429825	PMC12112719	1		not_established
HGNC:3236	EGFR	P00533	ENSG00000146648	1956	BIOGRID:SPB_95EATY	EGFRn_mb	35332283	PMC9117152	1	1mox;4uv7	target_present_in_cited_structure_not_binder_verified
HGNC:11003	SLC29A1	Q99808	ENSG00000112759	2030	BIOGRID:SPB_717KY1	Sb_Ent1#1	29792401	PMC5967865	1		not_established
HGNC:11056	SLC6A9	P48067	ENSG00000196517	6536	BIOGRID:SPB_2H7EQ8	Sb_GlyT1#1	29792401	PMC5967865	1		not_established
HGNC:11056	SLC6A9	P48067	ENSG00000196517	6536	BIOGRID:SPB_ZXC16J	Sb_GlyT1#2	29792401	PMC5967865	1		not_established
HGNC:11056	SLC6A9	P48067	ENSG00000196517	6536	BIOGRID:SPB_9S7MGE	Sb_GlyT1#3	29792401	PMC5967865	1		not_established
HGNC:11056	SLC6A9	P48067	ENSG00000196517	6536	BIOGRID:SPB_7R6Q3Q	Sb_GlyT1#4	29792401	PMC5967865	1		not_established
HGNC:5467	IGF2R	P11717	ENSG00000197081	3482	BIOGRID:SPB_TMRYNH	IGF_EndoTag3	39322662	PMC11839401	1	1gp0	target_present_in_cited_structure_not_binder_verified
HGNC:3236	EGFR	P00533	ENSG00000146648	1956	BIOGRID:SPB_37WHDN	EGFRc_mb	35332283	PMC9117152	1	1mox;4uv7	target_present_in_cited_structure_not_binder_verified
HGNC:11056	SLC6A9	P48067	ENSG00000196517	6536	BIOGRID:SPB_9FTPAQ	Sb_GlyT1#5	29792401	PMC5967865	1		not_established
HGNC:11056	SLC6A9	P48067	ENSG00000196517	6536	BIOGRID:SPB_45R7OP	Sb_GlyT1#6	29792401	PMC5967865	1		not_established
HGNC:11056	SLC6A9	P48067	ENSG00000196517	6536	BIOGRID:SPB_9HU5ND	Sb_GlyT1#7	29792401	PMC5967865	1		not_established
HGNC:11491	SYK	P43405	ENSG00000165025	6850	BIOGRID:SPB_EGFHC5	HA4	20357770	PMC2926940	1		not_established
HGNC:8804	PDGFRB	P09619	ENSG00000113721	5159	BIOGRID:SPB_37930T	PDGFR_mb	35332283	PMC9117152	1	3mjg	target_present_in_cited_structure_not_binder_verified
HGNC:11785	THBS1	P07996	ENSG00000137801	7057	BIOGRID:SPB_8685LF	19A8.8	40483936		0		not_established
HGNC:2500	CCN2	P29279	ENSG00000118523	1490	BIOGRID:SPB_X6Q0BC	OK2	37279405		0		not_established
HGNC:6091	INSR	P06213	ENSG00000171105	3643	BIOGRID:SPB_OF911Z	IR_mb	35332283	PMC9117152	1	4oga;4zxb	target_present_in_cited_structure_not_binder_verified
HGNC:5465	IGF1R	P08069	ENSG00000140443	3480	BIOGRID:SPB_V66KDH	IGF1R_mb	35332283	PMC9117152	1	5u8r	target_present_in_cited_structure_not_binder_verified
HGNC:1689	CD59	P13987	ENSG00000085063	966	BIOGRID:SPB_5W9OFA	CP-02	40272315	PMC12207370	1		not_established
HGNC:1689	CD59	P13987	ENSG00000085063	966	BIOGRID:SPB_ARS26O	CP-03	40272315	PMC12207370	1		not_established
HGNC:1689	CD59	P13987	ENSG00000085063	966	BIOGRID:SPB_7OCLN1	CP-04	40272315	PMC12207370	1		not_established
HGNC:1689	CD59	P13987	ENSG00000085063	966	BIOGRID:SPB_JEXK3Q	CP-06	40272315	PMC12207370	1		not_established
HGNC:1689	CD59	P13987	ENSG00000085063	966	BIOGRID:SPB_D9QLFL	CP-13	40272315	PMC12207370	1		not_established
HGNC:6017	IL5RA	Q01344	ENSG00000091181	3568	BIOGRID:SPB_2L4AD5	AF17121	30529748		0		not_established
HGNC:11724	TEK	Q02763	ENSG00000120156	7010	BIOGRID:SPB_DGOOX6	TIE2_mb	35332283	PMC9117152	1	2gy7	target_present_in_cited_structure_not_binder_verified
HGNC:4324	GLP1R	P43220	ENSG00000112164	2740	BIOGRID:SPB_WKK081	Exenatide ● Ex4-D-Ala	34937906	PMC8950777	0		not_established
HGNC:4325	GLP2R	O95838	ENSG00000065325	9340	BIOGRID:SPB_U1SX8T	Teduglutide	34174312		0		not_established
HGNC:4688	GUCY2C	P25092	ENSG00000070019	2984	BIOGRID:SPB_EVLD6X	Linaclotide ● STa(14)	23090647		0		not_established
HGNC:1440	CALCR	P30988	ENSG00000004948	799	BIOGRID:SPB_6X8IID	Pramlintide	40243822	PMC11988805	1		not_established
HGNC:11334	SSTR5	P35346	ENSG00000162009	6755	BIOGRID:SPB_XOZI0V	Octreotide	38926478	PMC11489758	0		not_established
HGNC:11331	SSTR2	P30874	ENSG00000180616	6752	BIOGRID:SPB_XOZI0V	Octreotide	38926478	PMC11489758	0		not_established
HGNC:4324	GLP1R	P43220	ENSG00000112164	2740	BIOGRID:SPB_CPUQHR	Lixisenatide ● Adlyxin, AVE0010	24087882		0		not_established
HGNC:1331	C5	P01031	ENSG00000106804	727	BIOGRID:SPB_OVB41D	Zilucoplan	37622108	PMC10446491	1		not_established
HGNC:2500	CCN2	P29279	ENSG00000118523	1490	BIOGRID:SPB_J1IJDQ	K2	37279405		0		not_established
HGNC:6024	IL7R	P16871	ENSG00000168685	3575	BIOGRID:SPB_HHW0YH	IL-7Ra_mb	35332283	PMC9117152	1	3di2;3di3;7opb	target_present_in_cited_structure_not_binder_verified
HGNC:4324	GLP1R	P43220	ENSG00000112164	2740	BIOGRID:SPB_7OW7TA	Semaglutide ● Ozempic, Wegovy, Rybelsus, NN9535	34260945		0		not_established
HGNC:4324	GLP1R	P43220	ENSG00000112164	2740	BIOGRID:SPB_58Q2VX	Taspoglutide	34260945		0		not_established
HGNC:11334	SSTR5	P35346	ENSG00000162009	6755	BIOGRID:SPB_RJPC26	Pasireotide	38926478	PMC11489758	0		not_established
HGNC:11331	SSTR2	P30874	ENSG00000180616	6752	BIOGRID:SPB_RJPC26	Pasireotide	38926478	PMC11489758	0		not_established
HGNC:11332	SSTR3	P32745	ENSG00000278195	6753	BIOGRID:SPB_RJPC26	Pasireotide	39361640	PMC11474030	1		not_established
HGNC:11330	SSTR1	P30872	ENSG00000139874	6751	BIOGRID:SPB_RJPC26	Pasireotide	39361640	PMC11474030	1		not_established
HGNC:6932	MC4R	P32245	ENSG00000166603	4160	BIOGRID:SPB_LCH22G	Afamelanotide ● Scenesse, NDP-α-MSH	34433901	PMC8563965	0		not_established
HGNC:6932	MC4R	P32245	ENSG00000166603	4160	BIOGRID:SPB_LCH22G	Afamelanotide ● Scenesse, NDP-α-MSH	34561620	PMC8563958	1		not_established
HGNC:6932	MC4R	P32245	ENSG00000166603	4160	BIOGRID:SPB_BUYEKO	Bremelanotide ● Vyleesi, Rekynda, PT-141	34433901	PMC8563965	0		not_established
HGNC:11331	SSTR2	P30874	ENSG00000180616	6752	BIOGRID:SPB_7G8PNT	Lanreotide	35595746	PMC9122944	1		not_established
HGNC:9608	PTH1R	Q03431	ENSG00000160801	5745	BIOGRID:SPB_LQE4L0	Abaloparatide ● Tymlos	37148874		0		not_established
HGNC:1514	CASR	P41180	ENSG00000036828	846	BIOGRID:SPB_JUR31P	Etelcalcetide ● Velcalcetide	34194040	PMC8826748	0		not_established
HGNC:2561	CXCR4	P61073	ENSG00000121966	7852	BIOGRID:SPB_2EIM6P	Motixafortide ● Aphexda, BL-8040	36901829	PMC10001991	1		not_established
HGNC:6932	MC4R	P32245	ENSG00000166603	4160	BIOGRID:SPB_QH1JDB	Setmelanotide ● RM-493, BIM-22493, IRC-022493, Imcivree	34561620	PMC8563958	1		not_established
HGNC:1673	CD3D	P04234	ENSG00000167286	915	BIOGRID:SPB_IE2A74	CD3 delta_mb	35332283	PMC9117152	1	1xiw	target_present_in_cited_structure_not_binder_verified
HGNC:4271	GIPR	P48546	ENSG00000010310	2696	BIOGRID:SPB_LPK1QH	Tirzepatide ● Mounjaro, Zepbound	35217653	PMC8881610	1	7fin;7fiy;7vab	target_present_in_cited_structure_not_binder_verified
HGNC:4324	GLP1R	P43220	ENSG00000112164	2740	BIOGRID:SPB_LPK1QH	Tirzepatide ● Mounjaro, Zepbound	35217653	PMC8881610	1	7fim;7vbh;7vbi	target_present_in_cited_structure_not_binder_verified
HGNC:4271	GIPR	P48546	ENSG00000010310	2696	BIOGRID:SPB_XW6Z8P	peptide 20 ● NN1706, MAR423, RO6883746	35217653	PMC8881610	1	7fin;7fiy;7vab	target_present_in_cited_structure_not_binder_verified
HGNC:4324	GLP1R	P43220	ENSG00000112164	2740	BIOGRID:SPB_XW6Z8P	peptide 20 ● NN1706, MAR423, RO6883746	35217653	PMC8881610	1	7fim;7vbh;7vbi	target_present_in_cited_structure_not_binder_verified
HGNC:4192	GCGR	P47871	ENSG00000215644	2642	BIOGRID:SPB_XW6Z8P	peptide 20 ● NN1706, MAR423, RO6883746	35217653	PMC8881610	1	7v35	target_present_in_cited_structure_not_binder_verified
HGNC:11766	TGFB1	P01137	ENSG00000105329	7040	BIOGRID:SPB_OET4N9	TGFB_mb	35332283	PMC9117152	1	3kfd	target_present_in_cited_structure_not_binder_verified
HGNC:11916	TNFRSF1A	P19438	ENSG00000067182	7132	BIOGRID:SPB_D4I09Y	TNFR1_mb1	39636970	PMC12416549	1		not_established
HGNC:17156	LY96	Q9Y6Y9	ENSG00000154589	23643	BIOGRID:SPB_PC3HR5	MD2-repebody	22328160	PMC3295290	0		not_established
HGNC:11916	TNFRSF1A	P19438	ENSG00000067182	7132	BIOGRID:SPB_N199MV	TNFR1_mb2	39636970	PMC12416549	1		not_established
HGNC:620	APP	P05067	ENSG00000142192	351	BIOGRID:SPB_HREWPS	DAm12 ● DAm_012	38503834	PMC11288891	1		not_established
HGNC:6893	MAPT	P10636	ENSG00000186868	4137	BIOGRID:SPB_HREWPS	DAm12 ● DAm_012	38503834	PMC11288891	1		not_established
HGNC:620	APP	P05067	ENSG00000142192	351	BIOGRID:SPB_IGD953	DAm14 ● DAm_014	38503834	PMC11288891	1		not_established
HGNC:6893	MAPT	P10636	ENSG00000186868	4137	BIOGRID:SPB_IGD953	DAm14 ● DAm_014	38503834	PMC11288891	1		not_established
HGNC:620	APP	P05067	ENSG00000142192	351	BIOGRID:SPB_UASVSJ	DAm15 ● DAm_015	38503834	PMC11288891	1		not_established
HGNC:6893	MAPT	P10636	ENSG00000186868	4137	BIOGRID:SPB_UASVSJ	DAm15 ● DAm_015	38503834	PMC11288891	1		not_established
HGNC:6893	MAPT	P10636	ENSG00000186868	4137	BIOGRID:SPB_9151QV	2DT2	38503834	PMC11288891	1		not_established
HGNC:620	APP	P05067	ENSG00000142192	351	BIOGRID:SPB_9151QV	2DT2	38503834	PMC11288891	1		not_established
HGNC:5467	IGF2R	P11717	ENSG00000197081	3482	BIOGRID:SPB_4D524Y	IGF_EndoTag4	39322662	PMC11839401	1	1gp0	target_present_in_cited_structure_not_binder_verified
HGNC:11916	TNFRSF1A	P19438	ENSG00000067182	7132	BIOGRID:SPB_TU8V0A	TNFR1_mb3	39636970	PMC12416549	1		not_established
HGNC:11138	SNCA	P37840	ENSG00000145335	6622	BIOGRID:SPB_USB84O	iαSyn-F	35969734	PMC9407671	1		not_established
HGNC:6893	MAPT	P10636	ENSG00000186868	4137	BIOGRID:SPB_KTEQNK	iTau-N	35969734	PMC9407671	1		not_established
HGNC:620	APP	P05067	ENSG00000142192	351	BIOGRID:SPB_I0C0MG	iAβ-H	35969734	PMC9407671	1		not_established
HGNC:3236	EGFR	P00533	ENSG00000146648	1956	BIOGRID:SPB_2LT0UX	E_01	18706916		0		not_established
HGNC:3430	ERBB2	P04626	ENSG00000141736	2064	BIOGRID:SPB_PP73LS	9_29	18706916		0		not_established
HGNC:3430	ERBB2	P04626	ENSG00000141736	2064	BIOGRID:SPB_PP73LS	9_29	24095059		0		not_established
HGNC:11916	TNFRSF1A	P19438	ENSG00000067182	7132	BIOGRID:SPB_7VQFRU	TNFR1_mb2_pd1	39636970	PMC12416549	1		not_established
HGNC:11916	TNFRSF1A	P19438	ENSG00000067182	7132	BIOGRID:SPB_S9KA1I	TNFR1_mb3_pd1	39636970	PMC12416549	1		not_established
HGNC:11917	TNFRSF1B	P20333	ENSG00000028137	7133	BIOGRID:SPB_QCPPI6	TNFR2_mb1	39636970	PMC12416549	1	9cu8	target_present_in_cited_structure_not_binder_verified
HGNC:11918	TNFRSF4	P43489	ENSG00000186827	7293	BIOGRID:SPB_Z00PQD	OX40_mb1	39636970	PMC12416549	1		not_established
HGNC:11924	TNFRSF9	Q07011	ENSG00000049249	3604	BIOGRID:SPB_5DSEMN	4-1BB_mb1	39636970	PMC12416549	1		not_established
HGNC:11763	TFRC	P02786	ENSG00000072274	7037	BIOGRID:SPB_WMRPIL	TfR_EndoTag	39322662	PMC11839401	1		not_established
HGNC:11849	TLR3	O15455	ENSG00000164342	7098	BIOGRID:SPB_DMGSVI	8.6 16GS hexa	39890776	PMC11785957	1	1ziw;7c76;7wv3;7wv5	target_present_in_cited_structure_not_binder_verified
HGNC:6019	IL6R	P08887	ENSG00000160712	3570	BIOGRID:SPB_X8ZZK6	IL-6Rmb10	39152100	PMC11329760	1		not_established
HGNC:6021	IL6ST	P40189	ENSG00000134352	3572	BIOGRID:SPB_ZF6T5N	GP130mb33	39152100	PMC11329760	1		not_established
HGNC:742	ASGR1	P07306	ENSG00000141505	432	BIOGRID:SPB_V005PO	ASmb1	39322662	PMC11839401	1	5jq1	target_present_in_cited_structure_not_binder_verified
HGNC:5993	IL1R1	P14778	ENSG00000115594	3554	BIOGRID:SPB_HFT55V	IL-1Rmb81	39152100	PMC11329760	1		not_established
HGNC:19100	IL23R	Q5VWK5	ENSG00000162594	149233	BIOGRID:SPB_36DH6E	23R-1	38936360	PMC11316638	0		not_established
HGNC:19100	IL23R	Q5VWK5	ENSG00000162594	149233	BIOGRID:SPB_968D1Z	23R-2	38936360	PMC11316638	0		not_established
HGNC:742	ASGR1	P07306	ENSG00000141505	432	BIOGRID:SPB_C85TU3	AS_EndoTag-2C	39322662	PMC11839401	1	5jq1	target_present_in_cited_structure_not_binder_verified
HGNC:11763	TFRC	P02786	ENSG00000072274	7037	BIOGRID:SPB_SP8MEG	2DS25.1	33879614	PMC8092486	1	6wrv;6wrw;6wrx	target_present_in_cited_structure_not_binder_verified
HGNC:11763	TFRC	P02786	ENSG00000072274	7037	BIOGRID:SPB_RERR44	2DS25.5	33879614	PMC8092486	1	6wrv;6wrw;6wrx	target_present_in_cited_structure_not_binder_verified
HGNC:11763	TFRC	P02786	ENSG00000072274	7037	BIOGRID:SPB_9S67M6	3DS18	33879614	PMC8092486	1	6wrv;6wrw;6wrx	target_present_in_cited_structure_not_binder_verified
HGNC:11916	TNFRSF1A	P19438	ENSG00000067182	7132	BIOGRID:SPB_UFJ6EO	S1B2	39743082		0		not_established
HGNC:742	ASGR1	P07306	ENSG00000141505	432	BIOGRID:SPB_YI8JY2	AS_EndoTag-3C	39322662	PMC11839401	1	5jq1	target_present_in_cited_structure_not_binder_verified
HGNC:11916	TNFRSF1A	P19438	ENSG00000067182	7132	BIOGRID:SPB_RYGQVR	S1B3	39743082		0		not_established
HGNC:11916	TNFRSF1A	P19438	ENSG00000067182	7132	BIOGRID:SPB_7KLQ22	S2B1	39743082		0		not_established
HGNC:11916	TNFRSF1A	P19438	ENSG00000067182	7132	BIOGRID:SPB_ESI90C	S2B2	39743082		0		not_established
HGNC:11916	TNFRSF1A	P19438	ENSG00000067182	7132	BIOGRID:SPB_2FBVMR	S2B3	39743082		0		not_established
HGNC:19100	IL23R	Q5VWK5	ENSG00000162594	149233	BIOGRID:SPB_UNZZUZ	23R-10	38936360	PMC11316638	0		not_established
HGNC:19100	IL23R	Q5VWK5	ENSG00000162594	149233	BIOGRID:SPB_SC5490	23-R13	38936360	PMC11316638	0		not_established
HGNC:19100	IL23R	Q5VWK5	ENSG00000162594	149233	BIOGRID:SPB_CBRLWX	23-R15	38936360	PMC11316638	0		not_established
HGNC:19100	IL23R	Q5VWK5	ENSG00000162594	149233	BIOGRID:SPB_VRBFAW	23-R19	38936360	PMC11316638	0		not_established
HGNC:19100	IL23R	Q5VWK5	ENSG00000162594	149233	BIOGRID:SPB_TGB34F	23-R22	38936360	PMC11316638	0		not_established
HGNC:19100	IL23R	Q5VWK5	ENSG00000162594	149233	BIOGRID:SPB_MD5LIL	23-R24	38936360	PMC11316638	0		not_established
