hgnc_id	hgnc_symbol	uniprot_acc	ensembl_gene	ncbi_gene_id	partner_accession	pdb_id	canonical_positions	strict_topology	source_url	evidence_status
HGNC:9008	PKD1	P98161	ENSG00000008710	5310	Q13563	8z6f	3069,3070,3689,3692,3695,3698,3699,3700,3701,3702,3704,3707,3741,3742,3744,3808,3857,3860,3861,3963,3970,3988,3992,3995,3996,3999,4003,4006,4012,4015,4019,4024,4025,4026,4028,4029,4030,4032,4035,4036,4039,4042,4043,4045,4046,4047,4048,4049,4050,4051,4052,4053,4054,4056,4057,4061,4064,4066,4067,4068,4074,4075,4083,4090,4091,4094,4099,4100,4102,4103,4104,4106,4107,4108,4110,4111,4114	mixed:cytoplasmic;extracellular;transmembrane	https://www.ebi.ac.uk/pdbe/api/uniprot/interface_residues/P98161	candidate_not_promoted_to_coverage
HGNC:9008	PKD1	P98161	ENSG00000008710	5310	Q13563	8zku	3069,3689,3695,3699,3700,3701,3702,3704,3707,3738,3739,3741,3742,3744,3808,3857,3860,3885,3963,3970,3988,3992,3995,3996,3999,4003,4006,4012,4015,4018,4019,4024,4025,4029,4096,4098,4100,4101,4102,4103,4104,4106,4107,4108,4109,4110,4111,4114	mixed:cytoplasmic;extracellular;transmembrane	https://www.ebi.ac.uk/pdbe/api/uniprot/interface_residues/P98161	candidate_not_promoted_to_coverage
HGNC:9008	PKD1	P98161	ENSG00000008710	5310	Q13563	8z6b	3069,3689,3695,3699,3700,3701,3702,3704,3707,3742,3744,3763,3764,3765,3808,3857,3859,3860,3885,3963,3970,3988,3992,3995,3996,3999,4003,4006,4011,4012,4015,4018,4019,4024,4025,4026,4028,4029,4030,4032,4035,4036,4038,4039,4042,4043,4045,4046,4047,4050,4051,4052,4053,4060,4064,4067,4068,4075,4076,4079,4082,4083,4085,4086,4089,4090,4093,4094,4095,4096,4099,4100,4101,4102,4103,4104,4106,4107,4108,4110,4114	mixed:cytoplasmic;extracellular;transmembrane	https://www.ebi.ac.uk/pdbe/api/uniprot/interface_residues/P98161	candidate_not_promoted_to_coverage
HGNC:9008	PKD1	P98161	ENSG00000008710	5310	Q13563	8zkr	3069,3689,3695,3699,3700,3701,3702,3704,3707,3740,3765,3766,3859,3860,3885,3963,3970,3988,3992,3993,3995,3996,3999,4006,4012,4015,4019,4025,4026,4028,4029,4030,4032,4035,4039,4042,4043,4045,4046,4049,4050,4051,4052,4053,4057,4065,4066,4069,4074,4075,4082,4083,4085,4086,4089,4090,4092,4093,4094,4095,4096,4099,4100,4101,4102,4103,4104,4106,4107,4108,4110,4111,4114	mixed:cytoplasmic;extracellular;transmembrane	https://www.ebi.ac.uk/pdbe/api/uniprot/interface_residues/P98161	candidate_not_promoted_to_coverage
HGNC:9008	PKD1	P98161	ENSG00000008710	5310	Q13563	8zl8	3069,3070,3688,3689,3695,3698,3699,3700,3701,3702,3704,3707,3739,3742,3744,3771,3808,3810,3811,3859,3860,3861,3885,3887,3931,3932,3933,3963,3970,3988,3992,3995,3996,3999,4003,4006,4012,4015,4018,4024,4025,4027,4030,4031,4038,4041,4096,4097,4099,4100,4102,4103,4104,4105,4106,4107,4108,4110,4111	mixed:cytoplasmic;extracellular;transmembrane	https://www.ebi.ac.uk/pdbe/api/uniprot/interface_residues/P98161	candidate_not_promoted_to_coverage
HGNC:9008	PKD1	P98161	ENSG00000008710	5310	Q13563	9l0m	3069,3070,3689,3695,3699,3700,3701,3702,3704,3707,3739,3742,3744,3767,3768,3771,3857,3859,3860,3861,3885,3887,3963,3970,3988,3992,3995,3996,3999,4003,4006,4012,4015,4018,4019,4025,4031,4035,4038,4093,4096,4098,4099,4100,4101,4103,4104,4106,4107,4108,4110,4111	mixed:cytoplasmic;extracellular;transmembrane	https://www.ebi.ac.uk/pdbe/api/uniprot/interface_residues/P98161	candidate_not_promoted_to_coverage
HGNC:9008	PKD1	P98161	ENSG00000008710	5310	Q13563	8zkh	3069,3688,3689,3695,3699,3700,3701,3702,3704,3707,3708,3741,3742,3762,3763,3765,3766,3860,3885,3963,3970,3988,3992,3995,3996,3999,4006,4012,4015,4019,4025,4026,4028,4029,4030,4032,4035,4038,4039,4040,4042,4043,4045,4046,4047,4050,4051,4052,4056,4057,4058,4061,4066,4067,4068,4072,4074,4075,4077,4078,4083,4084,4087,4090,4091,4094,4095,4099,4100,4102,4103,4104,4106,4107,4108,4110,4111,4114	mixed:cytoplasmic;extracellular;transmembrane	https://www.ebi.ac.uk/pdbe/api/uniprot/interface_residues/P98161	candidate_not_promoted_to_coverage
HGNC:9008	PKD1	P98161	ENSG00000008710	5310	Q13563	8zkt	3069,3689,3695,3699,3700,3701,3702,3704,3707,3739,3742,3744,3763,3765,3857,3859,3860,3861,3967,3970,3988,3992,3995,3996,3999,4003,4006,4012,4015,4018,4019,4028,4029,4030,4035,4039,4040,4042,4043,4046,4047,4094,4096,4099,4100,4101,4102,4103,4104,4106,4107,4108,4110,4111,4114	mixed:cytoplasmic;extracellular;transmembrane	https://www.ebi.ac.uk/pdbe/api/uniprot/interface_residues/P98161	candidate_not_promoted_to_coverage
HGNC:9008	PKD1	P98161	ENSG00000008710	5310	Q13563	8zks	3070,3689,3695,3697,3699,3700,3701,3702,3704,3706,3707,3739,3742,3744,3763,3808,3857,3859,3860,3861,3885,3887,3963,3970,3988,3992,3995,3996,3999,4003,4006,4012,4015,4019,4023,4025,4029,4030,4096,4098,4099,4100,4101,4102,4103,4104,4105,4106,4107,4108,4110,4111,4114	mixed:cytoplasmic;extracellular;transmembrane	https://www.ebi.ac.uk/pdbe/api/uniprot/interface_residues/P98161	candidate_not_promoted_to_coverage
HGNC:9008	PKD1	P98161	ENSG00000008710	5310	Q13563	8z6h	3070,3689,3695,3699,3700,3701,3702,3704,3707,3742,3744,3763,3764,3765,3766,3768,3808,3857,3859,3860,3885,3963,3970,3988,3992,3995,3996,3999,4003,4006,4011,4012,4015,4018,4019,4025,4026,4028,4029,4030,4032,4035,4036,4038,4039,4042,4043,4045,4046,4049,4050,4051,4052,4053,4056,4061,4067,4068,4073,4074,4075,4077,4080,4083,4087,4090,4091,4094,4099,4100,4101,4102,4103,4104,4106,4107,4108,4110,4111,4114	mixed:cytoplasmic;extracellular;transmembrane	https://www.ebi.ac.uk/pdbe/api/uniprot/interface_residues/P98161	candidate_not_promoted_to_coverage
HGNC:9008	PKD1	P98161	ENSG00000008710	5310	Q13563	9l0w	3688,3689,3695,3698,3699,3700,3701,3702,3704,3707,3739,3742,3744,3808,3857,3859,3860,3870,3885,3963,3970,3988,3992,3993,3995,3996,3999,4003,4006,4012,4015,4019,4027,4036,4094,4097,4099,4100,4102,4103,4104,4105,4106,4107,4108,4110,4111,4114	mixed:cytoplasmic;extracellular;transmembrane	https://www.ebi.ac.uk/pdbe/api/uniprot/interface_residues/P98161	candidate_not_promoted_to_coverage
HGNC:9008	PKD1	P98161	ENSG00000008710	5310	Q13563	6a70	3697,3699,3700,3701,3702,3703,3705,3708,3739,3742,3744,3808,3857,3858,3859,3860,3885,3892,3963,3967,3970,3988,3992,3995,3996,3999,4003,4006,4011,4012,4015,4018,4019,4026,4027,4029,4030,4035,4039,4042,4043,4049,4089,4090,4092,4096,4098,4099,4100,4102,4103,4104,4105,4106,4107,4110,4111,4114	mixed:cytoplasmic;extracellular;transmembrane	https://www.ebi.ac.uk/pdbe/api/uniprot/interface_residues/P98161	candidate_not_promoted_to_coverage
HGNC:14894	ULBP2	Q9BZM5	ENSG00000131015	80328	Q9U6Y3	8imy	212,213,214,215,216,217,218,219,220,221,222,223,224,225,229,230,233,234,237,238,241,242	unknown	https://www.ebi.ac.uk/pdbe/api/uniprot/interface_residues/Q9BZM5	candidate_not_promoted_to_coverage
HGNC:14894	ULBP2	Q9BZM5	ENSG00000131015	80328	Q9U6Y3	8imx	222,224,225,229,233,237,241	unknown	https://www.ebi.ac.uk/pdbe/api/uniprot/interface_residues/Q9BZM5	candidate_not_promoted_to_coverage
HGNC:14894	ULBP2	Q9BZM5	ENSG00000131015	80328	Q96S52	8imx	223,224,226,230,234,237,238,242	unknown	https://www.ebi.ac.uk/pdbe/api/uniprot/interface_residues/Q9BZM5	candidate_not_promoted_to_coverage
HGNC:14894	ULBP2	Q9BZM5	ENSG00000131015	80328	Q969N2	8imx	222,224,225,229,233,237,241	unknown	https://www.ebi.ac.uk/pdbe/api/uniprot/interface_residues/Q9BZM5	candidate_not_promoted_to_coverage
HGNC:14894	ULBP2	Q9BZM5	ENSG00000131015	80328	Q92643	8imx	218,219,220,221,222	unknown	https://www.ebi.ac.uk/pdbe/api/uniprot/interface_residues/Q9BZM5	candidate_not_promoted_to_coverage
HGNC:5991	IL1A	P01583	ENSG00000115008	3552	Q99584	2l5x	148,150,151,195,196,197,199,200,201,203,204,205,207,216,217,218,219,220,239,251	unknown	https://www.ebi.ac.uk/pdbe/api/uniprot/interface_residues/P01583	candidate_not_promoted_to_coverage
HGNC:5991	IL1A	P01583	ENSG00000115008	3552	DNA	5uc6	127,128,130,170,172,173,175,176,177,178,179,180,225,227	unknown	https://www.ebi.ac.uk/pdbe/api/uniprot/interface_residues/P01583	candidate_not_promoted_to_coverage
HGNC:465	AMHR2	Q16671	ENSG00000135409	269	P03971	7l0j	31,32,33,34,35,36,39,62,64,75,76,80,81,82,84,85,97,98,100,106,108	extracellular	https://www.ebi.ac.uk/pdbe/api/uniprot/interface_residues/Q16671	candidate_not_promoted_to_coverage
HGNC:17084	SYNE2	Q8WXH0	ENSG00000054654	23224	Q9UH99	4dxs	6862,6863,6864,6865,6866,6867,6868,6869,6871,6872,6873,6874,6875,6876,6877,6878,6879,6880,6881,6882,6883,6884,6885	perinuclear space	https://www.ebi.ac.uk/pdbe/api/uniprot/interface_residues/Q8WXH0	candidate_not_promoted_to_coverage
HGNC:17084	SYNE2	Q8WXH0	ENSG00000054654	23224	Q9UH99	4fi9	6872,6874,6875,6876,6877,6878,6879,6880,6881,6882,6883,6884,6885	perinuclear space	https://www.ebi.ac.uk/pdbe/api/uniprot/interface_residues/Q8WXH0	candidate_not_promoted_to_coverage
HGNC:17084	SYNE2	Q8WXH0	ENSG00000054654	23224	Q9Y613	6xf1	1525,1528,1592,1595,1596,1599,1600,1603,1604,1607,1621,1624,1625,1628,1629,1632,1635,1636,1639,1643	cytoplasmic	https://www.ebi.ac.uk/pdbe/api/uniprot/interface_residues/Q8WXH0	candidate_not_promoted_to_coverage
HGNC:172	ACVR1B	P36896	ENSG00000135503	91	P08476	7oly	57,59,63,70,74,76,77,78,79,80,82,83,85,87,91	extracellular	https://www.ebi.ac.uk/pdbe/api/uniprot/interface_residues/P36896	candidate_not_promoted_to_coverage
HGNC:172	ACVR1B	P36896	ENSG00000135503	91	O95390	7mrz	77,78,79,80,82,86,91	extracellular	https://www.ebi.ac.uk/pdbe/api/uniprot/interface_residues/P36896	candidate_not_promoted_to_coverage
HGNC:9449	PRNP	P04156	ENSG00000171867	5621	IG-heavy chain	4n9o	123,125,128,164,168,169,170,173,174,177,178,181,182,185	unknown	https://www.ebi.ac.uk/pdbe/api/uniprot/interface_residues/P04156	candidate_not_promoted_to_coverage
HGNC:9449	PRNP	P04156	ENSG00000171867	5621	IG-heavy chain	4kml	123,125,128,164,168,169,170,173,174,177,178,181,182,185	unknown	https://www.ebi.ac.uk/pdbe/api/uniprot/interface_residues/P04156	candidate_not_promoted_to_coverage
HGNC:9449	PRNP	P04156	ENSG00000171867	5621	IG-heavy chain	4dgi	138,140,141,142,143,144,147,208,212	unknown	https://www.ebi.ac.uk/pdbe/api/uniprot/interface_residues/P04156	candidate_not_promoted_to_coverage
HGNC:9449	PRNP	P04156	ENSG00000171867	5621	IG-heavy chain	6suz	145,146,148,149,152,153,156,197,199,201	unknown	https://www.ebi.ac.uk/pdbe/api/uniprot/interface_residues/P04156	candidate_not_promoted_to_coverage
HGNC:9449	PRNP	P04156	ENSG00000171867	5621	IG-heavy chain	6sv2	145,146,148,149,152,153,156,197,199,201	unknown	https://www.ebi.ac.uk/pdbe/api/uniprot/interface_residues/P04156	candidate_not_promoted_to_coverage
HGNC:9449	PRNP	P04156	ENSG00000171867	5621	IG-heavy chain	2w9e	145,148,149,152,153,155,156,197,199,204	unknown	https://www.ebi.ac.uk/pdbe/api/uniprot/interface_residues/P04156	candidate_not_promoted_to_coverage
HGNC:9449	PRNP	P04156	ENSG00000171867	5621	IG-light kappa chain	4dgi	141,142,143,144,145,146	unknown	https://www.ebi.ac.uk/pdbe/api/uniprot/interface_residues/P04156	candidate_not_promoted_to_coverage
HGNC:9449	PRNP	P04156	ENSG00000171867	5621	IG-light kappa chain	2w9e	142,143,144,147,148,151,152	unknown	https://www.ebi.ac.uk/pdbe/api/uniprot/interface_residues/P04156	candidate_not_promoted_to_coverage
HGNC:9449	PRNP	P04156	ENSG00000171867	5621	IG-light kappa chain	6sv2	142,143,144,145,147,148,151,152	unknown	https://www.ebi.ac.uk/pdbe/api/uniprot/interface_residues/P04156	candidate_not_promoted_to_coverage
HGNC:9449	PRNP	P04156	ENSG00000171867	5621	IG-light kappa chain	6suz	142,143,144,145,147,148,151,152	unknown	https://www.ebi.ac.uk/pdbe/api/uniprot/interface_residues/P04156	candidate_not_promoted_to_coverage
HGNC:9449	PRNP	P04156	ENSG00000171867	5621	P01837	2w9e	142,143,144,147,148,151,152	unknown	https://www.ebi.ac.uk/pdbe/api/uniprot/interface_residues/P04156	candidate_not_promoted_to_coverage
HGNC:4206	OPN1MW	P04001	ENSG00000268221	2652	P63096	8y01	88,151,154,155,157,161,163,242,245,246,249,252,253,256,257,258,259,262,265,266,273,325,326,327,328	mixed:cytoplasmic;transmembrane	https://www.ebi.ac.uk/pdbe/api/uniprot/interface_residues/P04001	candidate_not_promoted_to_coverage
HGNC:4206	OPN1MW	P04001	ENSG00000268221	2652	Other	9yda	151,154,155,157,161,163,245,246,249,252,253,258,259,265,266,326,327	mixed:cytoplasmic;transmembrane	https://www.ebi.ac.uk/pdbe/api/uniprot/interface_residues/P04001	candidate_not_promoted_to_coverage
HGNC:4206	OPN1MW	P04001	ENSG00000268221	2652	Q5JWF2	9ygz	88,154,157,161,163,246,249,253,258,259,326	mixed:cytoplasmic;transmembrane	https://www.ebi.ac.uk/pdbe/api/uniprot/interface_residues/P04001	candidate_not_promoted_to_coverage
HGNC:4206	OPN1MW	P04001	ENSG00000268221	2652	P62873	9yda	82	cytoplasmic	https://www.ebi.ac.uk/pdbe/api/uniprot/interface_residues/P04001	candidate_not_promoted_to_coverage
HGNC:4206	OPN1MW	P04001	ENSG00000268221	2652	P62873	9ygz	82	cytoplasmic	https://www.ebi.ac.uk/pdbe/api/uniprot/interface_residues/P04001	candidate_not_promoted_to_coverage
HGNC:16920	CIB1	Q99828	ENSG00000185043	10519	Other	6ocx	67,68,69,73,97,98,107,110,111,115,128,131,132,135,155,156,159,160,173,176,177,181	unknown	https://www.ebi.ac.uk/pdbe/api/uniprot/interface_residues/Q99828	candidate_not_promoted_to_coverage
HGNC:16920	CIB1	Q99828	ENSG00000185043	10519	Other	6od0	67,68,69,73,97,98,107,110,111,114,115,128,131,132,135,156,160,173,176,177,180,181,182,183	unknown	https://www.ebi.ac.uk/pdbe/api/uniprot/interface_residues/Q99828	candidate_not_promoted_to_coverage
HGNC:29480	LRG1	P02750	ENSG00000171236	116844	IG-heavy chain	7q4q	221,222,223,224,225,226,227	unknown	https://www.ebi.ac.uk/pdbe/api/uniprot/interface_residues/P02750	candidate_not_promoted_to_coverage
HGNC:29480	LRG1	P02750	ENSG00000171236	116844	IG-light kappa chain	7q4q	225,226,227,228,229,231,232	unknown	https://www.ebi.ac.uk/pdbe/api/uniprot/interface_residues/P02750	candidate_not_promoted_to_coverage
HGNC:33823	ERVFRD-1	P60508	ENSG00000244476	405754	Q8NA29	7oix	76,78,80,82,83,85,86,87,90,93,97,164,165,167,272,273,274,275	extracellular	https://www.ebi.ac.uk/pdbe/api/uniprot/interface_residues/P60508	candidate_not_promoted_to_coverage
HGNC:1689	CD59	P13987	ENSG00000085063	966	B2YGA4	5imy	27,29,37,38,39,41,67,72,73,82,83,84,85,86,87,88,90,91,92,93,96,98,99,100,101,102	unknown	https://www.ebi.ac.uk/pdbe/api/uniprot/interface_residues/P13987	candidate_not_promoted_to_coverage
HGNC:1689	CD59	P13987	ENSG00000085063	966	P07357	8b0h	67,70,71,72,76,82,83,84,85,86,87,88,91,100	unknown	https://www.ebi.ac.uk/pdbe/api/uniprot/interface_residues/P13987	candidate_not_promoted_to_coverage
HGNC:1689	CD59	P13987	ENSG00000085063	966	P07357	8b0g	67,70,71,72,82,83,85,86,87,88,89,90,100	unknown	https://www.ebi.ac.uk/pdbe/api/uniprot/interface_residues/P13987	candidate_not_promoted_to_coverage
HGNC:1689	CD59	P13987	ENSG00000085063	966	P07357	8b0f	70,72,73,76,82,83,84,85,86,87,88,90	unknown	https://www.ebi.ac.uk/pdbe/api/uniprot/interface_residues/P13987	candidate_not_promoted_to_coverage
HGNC:1689	CD59	P13987	ENSG00000085063	966	Other	8cn6	67,70,72,84,85,86,87,88,89,90,91,99,100,101	unknown	https://www.ebi.ac.uk/pdbe/api/uniprot/interface_residues/P13987	candidate_not_promoted_to_coverage
HGNC:1689	CD59	P13987	ENSG00000085063	966	Q9LCB8	4bik	67,70,71,72,73,85,86,87,88,89,90,91	unknown	https://www.ebi.ac.uk/pdbe/api/uniprot/interface_residues/P13987	candidate_not_promoted_to_coverage
HGNC:1689	CD59	P13987	ENSG00000085063	966	Q9LCB8	5imt	67,70,71,72,73,85,86,87,88,89,90,91,99	unknown	https://www.ebi.ac.uk/pdbe/api/uniprot/interface_residues/P13987	candidate_not_promoted_to_coverage
HGNC:1689	CD59	P13987	ENSG00000085063	966	P02748	8b0h	58,59,81,82	unknown	https://www.ebi.ac.uk/pdbe/api/uniprot/interface_residues/P13987	candidate_not_promoted_to_coverage
HGNC:1689	CD59	P13987	ENSG00000085063	966	P02748	8b0g	58,81,82	unknown	https://www.ebi.ac.uk/pdbe/api/uniprot/interface_residues/P13987	candidate_not_promoted_to_coverage
HGNC:2159	CNR1	P21554	ENSG00000118432	1268	P63096	6n4b	150,152,214,217,218,221,222,224,311,313,337,340,341,401	cytoplasmic	https://www.ebi.ac.uk/pdbe/api/uniprot/interface_residues/P21554	candidate_not_promoted_to_coverage
HGNC:2159	CNR1	P21554	ENSG00000118432	1268	P63096	9ego	150,214,217,218,221,222,224,226,304,308,311,312,337,340,341,400,401,403	cytoplasmic	https://www.ebi.ac.uk/pdbe/api/uniprot/interface_residues/P21554	candidate_not_promoted_to_coverage
HGNC:2159	CNR1	P21554	ENSG00000118432	1268	P63096	9erx	150,152,153,214,217,218,221,222,224,225,226,304,308,311,312,313,314,337,340,341,345,400,401,402	mixed:cytoplasmic;transmembrane	https://www.ebi.ac.uk/pdbe/api/uniprot/interface_residues/P21554	candidate_not_promoted_to_coverage
HGNC:2159	CNR1	P21554	ENSG00000118432	1268	P63096	9b65	150,152,153,214,217,221,222,224,226,304,308,337,340,341,344,345,401,402,403	mixed:cytoplasmic;transmembrane	https://www.ebi.ac.uk/pdbe/api/uniprot/interface_residues/P21554	candidate_not_promoted_to_coverage
HGNC:2159	CNR1	P21554	ENSG00000118432	1268	P63096	8ikh	150,152,214,217,218,221,222,224,225,226,304,308,311,337,341,400,401,402	cytoplasmic	https://www.ebi.ac.uk/pdbe/api/uniprot/interface_residues/P21554	candidate_not_promoted_to_coverage
HGNC:2159	CNR1	P21554	ENSG00000118432	1268	P63096	8ikg	150,152,214,217,218,221,222,224,225,226,308,311,313,315,337,341,345,401,403	mixed:cytoplasmic;transmembrane	https://www.ebi.ac.uk/pdbe/api/uniprot/interface_residues/P21554	candidate_not_promoted_to_coverage
HGNC:2159	CNR1	P21554	ENSG00000118432	1268	P63096	6kpg	150,152,213,214,217,221,222,224,226,304,308,311,313,337,340,341,344,400,401,403	cytoplasmic	https://www.ebi.ac.uk/pdbe/api/uniprot/interface_residues/P21554	candidate_not_promoted_to_coverage
HGNC:2159	CNR1	P21554	ENSG00000118432	1268	P63096	8gag	150,214,217,218,221,222,224,226,304,311,337,400,401,402,403	cytoplasmic	https://www.ebi.ac.uk/pdbe/api/uniprot/interface_residues/P21554	candidate_not_promoted_to_coverage
HGNC:2159	CNR1	P21554	ENSG00000118432	1268	P63096	23iv	152,153,213,214,217,221,222,224,304,308,310,311,337,340,341,344,345,400,401,402,403	mixed:cytoplasmic;transmembrane	https://www.ebi.ac.uk/pdbe/api/uniprot/interface_residues/P21554	candidate_not_promoted_to_coverage
HGNC:2159	CNR1	P21554	ENSG00000118432	1268	P63096	23iw	152,213,214,217,218,221,222,223,224,226,304,310,337,340,341,345,400,401,402	mixed:cytoplasmic;transmembrane	https://www.ebi.ac.uk/pdbe/api/uniprot/interface_residues/P21554	candidate_not_promoted_to_coverage
HGNC:2159	CNR1	P21554	ENSG00000118432	1268	P63096	8ghv	152,214,217,218,221,222,224,304,340,341,400,401,402	cytoplasmic	https://www.ebi.ac.uk/pdbe/api/uniprot/interface_residues/P21554	candidate_not_promoted_to_coverage
HGNC:2159	CNR1	P21554	ENSG00000118432	1268	P63096	9b54	152,214,217,218,221,224,304,308,311,337,341,345,400,401,403	mixed:cytoplasmic;transmembrane	https://www.ebi.ac.uk/pdbe/api/uniprot/interface_residues/P21554	candidate_not_promoted_to_coverage
HGNC:2159	CNR1	P21554	ENSG00000118432	1268	P04899	7wv9	150,152,213,214,217,218,221,222,224,225,226,297,308,313,314,315,337,341,344,400,401,402,403	mixed:cytoplasmic;transmembrane	https://www.ebi.ac.uk/pdbe/api/uniprot/interface_residues/P21554	candidate_not_promoted_to_coverage
HGNC:2159	CNR1	P21554	ENSG00000118432	1268	P17870	8wu1	214,219,220,222,224,225,226,300,301,304,307,341,342,397,400,401	mixed:cytoplasmic;transmembrane	https://www.ebi.ac.uk/pdbe/api/uniprot/interface_residues/P21554	candidate_not_promoted_to_coverage
HGNC:2159	CNR1	P21554	ENSG00000118432	1268	P63092	8k8j	214,217,218,221,222,225,226,297,301,304,309,338,340,341,402	mixed:cytoplasmic;transmembrane	https://www.ebi.ac.uk/pdbe/api/uniprot/interface_residues/P21554	candidate_not_promoted_to_coverage
HGNC:2159	CNR1	P21554	ENSG00000118432	1268	P49407	8wrz	150,153,218,221,222,225,304,311,340,400,401,402,403	cytoplasmic	https://www.ebi.ac.uk/pdbe/api/uniprot/interface_residues/P21554	candidate_not_promoted_to_coverage
HGNC:2159	CNR1	P21554	ENSG00000118432	1268	IG-heavy chain	9b9y	216,220,221,222,223,226,227	cytoplasmic	https://www.ebi.ac.uk/pdbe/api/uniprot/interface_residues/P21554	candidate_not_promoted_to_coverage
HGNC:2159	CNR1	P21554	ENSG00000118432	1268	IG-heavy chain	9b9z	216,220,222,223,226,227	cytoplasmic	https://www.ebi.ac.uk/pdbe/api/uniprot/interface_residues/P21554	candidate_not_promoted_to_coverage
HGNC:2159	CNR1	P21554	ENSG00000118432	1268	IG-heavy chain	9ba0	220,221,222,223,226,227	cytoplasmic	https://www.ebi.ac.uk/pdbe/api/uniprot/interface_residues/P21554	candidate_not_promoted_to_coverage
HGNC:2159	CNR1	P21554	ENSG00000118432	1268	P62873	9erx	145	cytoplasmic	https://www.ebi.ac.uk/pdbe/api/uniprot/interface_residues/P21554	candidate_not_promoted_to_coverage
HGNC:2159	CNR1	P21554	ENSG00000118432	1268	P62873	9b65	145	cytoplasmic	https://www.ebi.ac.uk/pdbe/api/uniprot/interface_residues/P21554	candidate_not_promoted_to_coverage
HGNC:5253	HSP90AA1	P07900	ENSG00000080824	3320	Q16543	9kqn	31,35,133,134,193,301,302,304,306,309,319,320,322,323,324,325,326,327,328,329,330,331,332,333,334,338,345,346,349,395,396,404,405,407,408,411,413,414,415,419,422,426,427,433,453,454,627	unknown	https://www.ebi.ac.uk/pdbe/api/uniprot/interface_residues/P07900	candidate_not_promoted_to_coverage
HGNC:5253	HSP90AA1	P07900	ENSG00000080824	3320	Q16543	2k5b	46,47,61,113,114,116,117,120,121,124,125,126,127,129,130,132,133,134	unknown	https://www.ebi.ac.uk/pdbe/api/uniprot/interface_residues/P07900	candidate_not_promoted_to_coverage
HGNC:5253	HSP90AA1	P07900	ENSG00000080824	3320	Q9BXM7	9kqn	200,201,226,283,320,321,346,349,352,353,354,355,450,451,527,528,531,534,604,606,610,614,617,619,620,627,628,629	unknown	https://www.ebi.ac.uk/pdbe/api/uniprot/interface_residues/P07900	candidate_not_promoted_to_coverage
HGNC:5253	HSP90AA1	P07900	ENSG00000080824	3320	Q9BXM7	9kmr	224,283,318,320,321,346,349,352,353,380,447,450,528,531,532,534,604,605,606,610,614,617,618,619,626,627,628,629	unknown	https://www.ebi.ac.uk/pdbe/api/uniprot/interface_residues/P07900	candidate_not_promoted_to_coverage
HGNC:5253	HSP90AA1	P07900	ENSG00000080824	3320	Q9BXM7	9kox	226,282,292,311,314,315,318,320,321,346,349,350,352,353,450,451,527,528,531,532,604,605,606,610,617,618,619,620,628,629,630,631	unknown	https://www.ebi.ac.uk/pdbe/api/uniprot/interface_residues/P07900	candidate_not_promoted_to_coverage
HGNC:5253	HSP90AA1	P07900	ENSG00000080824	3320	P04150	8ffv	201,205,311,318,320,346,349,351,352,353,450,528,531,532,604,606,610,614,617,619,626,627,628,631	unknown	https://www.ebi.ac.uk/pdbe/api/uniprot/interface_residues/P07900	candidate_not_promoted_to_coverage
HGNC:5253	HSP90AA1	P07900	ENSG00000080824	3320	P04150	8ffw	205,314,315,318,319,320,346,349,351,352,353,355,450,528,531,604,606,610,614,617,619,626,627,628	unknown	https://www.ebi.ac.uk/pdbe/api/uniprot/interface_residues/P07900	candidate_not_promoted_to_coverage
HGNC:5253	HSP90AA1	P07900	ENSG00000080824	3320	P04150	7kw7	318,320,348,349,350,351,352,355,405,410,524,528,603,604,606,613,617,620,626,627,628	unknown	https://www.ebi.ac.uk/pdbe/api/uniprot/interface_residues/P07900	candidate_not_promoted_to_coverage
HGNC:5253	HSP90AA1	P07900	ENSG00000080824	3320	P04150	7krj	318,320,346,349,352,353,355,447,450,525,528,531,532,534,604,605,606,614,617,619,624,627,628,631	unknown	https://www.ebi.ac.uk/pdbe/api/uniprot/interface_residues/P07900	candidate_not_promoted_to_coverage
HGNC:5253	HSP90AA1	P07900	ENSG00000080824	3320	Q15185	7l7j	27,31,34,35,41,119,120,121,122,123,124,146,165,166,167,168,192,193,332,333,334,335,336,393,395,405,407,408,411,414	unknown	https://www.ebi.ac.uk/pdbe/api/uniprot/interface_residues/P07900	candidate_not_promoted_to_coverage
HGNC:5253	HSP90AA1	P07900	ENSG00000080824	3320	Q15185	7l7i	27,30,31,34,35,41,119,120,121,122,123,124,146,164,165,166,167,168,192,193,332,333,334,335,336,393,395,405,407,408,411,414	unknown	https://www.ebi.ac.uk/pdbe/api/uniprot/interface_residues/P07900	candidate_not_promoted_to_coverage
HGNC:5253	HSP90AA1	P07900	ENSG00000080824	3320	Q15185	7krj	31,35,41,119,122,124,146,165,166,167,192,201,332,333,334,393,395,405,408,410,411,414	unknown	https://www.ebi.ac.uk/pdbe/api/uniprot/interface_residues/P07900	candidate_not_promoted_to_coverage
HGNC:5253	HSP90AA1	P07900	ENSG00000080824	3320	Q13451	7l7i	531,532,534,604,627,628,655,657,658,660,662,690,691,692,694,695,696,698	unknown	https://www.ebi.ac.uk/pdbe/api/uniprot/interface_residues/P07900	candidate_not_promoted_to_coverage
HGNC:5253	HSP90AA1	P07900	ENSG00000080824	3320	Q13451	8ffw	655,657,660,662,690,691,692,694,695,696,699,700,702,724,725,727,728,729,730,731,732	unknown	https://www.ebi.ac.uk/pdbe/api/uniprot/interface_residues/P07900	candidate_not_promoted_to_coverage
HGNC:5253	HSP90AA1	P07900	ENSG00000080824	3320	Q13451	9kox	655,656,657,658,660,661,662,690,691,694,695,698	unknown	https://www.ebi.ac.uk/pdbe/api/uniprot/interface_residues/P07900	candidate_not_promoted_to_coverage
HGNC:5253	HSP90AA1	P07900	ENSG00000080824	3320	P31948	7kw7	314,320,349,350,352,353,429,604,606,610,614,618,621,623,624,627,628,631,728,729,730,731,732	unknown	https://www.ebi.ac.uk/pdbe/api/uniprot/interface_residues/P07900	candidate_not_promoted_to_coverage
HGNC:5253	HSP90AA1	P07900	ENSG00000080824	3320	P31948	9qqu	728,729,730,731,732	unknown	https://www.ebi.ac.uk/pdbe/api/uniprot/interface_residues/P07900	candidate_not_promoted_to_coverage
HGNC:5253	HSP90AA1	P07900	ENSG00000080824	3320	Q02790	8ffv	649,655,657,658,660,662,690,691,692,694,695,696,700,704,706,724,725,727,728,729,730,731,732	unknown	https://www.ebi.ac.uk/pdbe/api/uniprot/interface_residues/P07900	candidate_not_promoted_to_coverage
HGNC:5253	HSP90AA1	P07900	ENSG00000080824	3320	P0DMV8	7kw7	60,61,64,65,294,330,331,332,333,334,335,336,393,411,415,418,419,426	unknown	https://www.ebi.ac.uk/pdbe/api/uniprot/interface_residues/P07900	candidate_not_promoted_to_coverage
HGNC:5253	HSP90AA1	P07900	ENSG00000080824	3320	Q14318	9xj8	577,649,655,656,657,658,660,691,692,693,694,695,696	unknown	https://www.ebi.ac.uk/pdbe/api/uniprot/interface_residues/P07900	candidate_not_promoted_to_coverage
HGNC:5253	HSP90AA1	P07900	ENSG00000080824	3320	Q9H6T3	6fdp	724,725,726,727,728,729,730,731,732	unknown	https://www.ebi.ac.uk/pdbe/api/uniprot/interface_residues/P07900	candidate_not_promoted_to_coverage
HGNC:5253	HSP90AA1	P07900	ENSG00000080824	3320	Q9H6T3	4cgw	727,728,729,730,731,732	unknown	https://www.ebi.ac.uk/pdbe/api/uniprot/interface_residues/P07900	candidate_not_promoted_to_coverage
HGNC:5253	HSP90AA1	P07900	ENSG00000080824	3320	Q9H6T3	4cgv	729,730,731,732	unknown	https://www.ebi.ac.uk/pdbe/api/uniprot/interface_residues/P07900	candidate_not_promoted_to_coverage
HGNC:5253	HSP90AA1	P07900	ENSG00000080824	3320	Q9WUD1	2c2l	725,726,727,728,729,730,731,732	unknown	https://www.ebi.ac.uk/pdbe/api/uniprot/interface_residues/P07900	candidate_not_promoted_to_coverage
HGNC:5253	HSP90AA1	P07900	ENSG00000080824	3320	O00170	4aif	727,728,729,730,731,732	unknown	https://www.ebi.ac.uk/pdbe/api/uniprot/interface_residues/P07900	candidate_not_promoted_to_coverage
HGNC:5253	HSP90AA1	P07900	ENSG00000080824	3320	P25638	4cgu	727,728,729,730,731,732	unknown	https://www.ebi.ac.uk/pdbe/api/uniprot/interface_residues/P07900	candidate_not_promoted_to_coverage
HGNC:5253	HSP90AA1	P07900	ENSG00000080824	3320	P25638	4cgq	728,729,731,732	unknown	https://www.ebi.ac.uk/pdbe/api/uniprot/interface_residues/P07900	candidate_not_promoted_to_coverage
HGNC:5253	HSP90AA1	P07900	ENSG00000080824	3320	P53041	2bug	729,730,731,732	unknown	https://www.ebi.ac.uk/pdbe/api/uniprot/interface_residues/P07900	candidate_not_promoted_to_coverage
HGNC:5253	HSP90AA1	P07900	ENSG00000080824	3320	O94826	9yr4	730,731,732	unknown	https://www.ebi.ac.uk/pdbe/api/uniprot/interface_residues/P07900	candidate_not_promoted_to_coverage
HGNC:5253	HSP90AA1	P07900	ENSG00000080824	3320	P01116	9xz1	58,61,65	unknown	https://www.ebi.ac.uk/pdbe/api/uniprot/interface_residues/P07900	candidate_not_promoted_to_coverage
