hgnc_id	hgnc_symbol	uniprot_acc	ensembl_gene	ncbi_gene_id	ligand	start	end	evidence	evidence_status
HGNC:190	ADAM12	O43184	ENSG00000148848	8038	Zn(2+)	179	179	"[{""evidenceCode"": ""ECO:0000250""}]"	annotation_not_promoted_to_coverage
HGNC:190	ADAM12	O43184	ENSG00000148848	8038	Zn(2+)	350	350	[]	annotation_not_promoted_to_coverage
HGNC:190	ADAM12	O43184	ENSG00000148848	8038	Zn(2+)	354	354	[]	annotation_not_promoted_to_coverage
HGNC:190	ADAM12	O43184	ENSG00000148848	8038	Zn(2+)	360	360	[]	annotation_not_promoted_to_coverage
HGNC:6142	ITGA6	P23229	ENSG00000091409	3655	Ca(2+)	363	363	"[{""evidenceCode"": ""ECO:0000250"", ""id"": ""P08648"", ""source"": ""UniProtKB""}]"	annotation_not_promoted_to_coverage
HGNC:6142	ITGA6	P23229	ENSG00000091409	3655	Ca(2+)	365	365	"[{""evidenceCode"": ""ECO:0000250"", ""id"": ""P08648"", ""source"": ""UniProtKB""}]"	annotation_not_promoted_to_coverage
HGNC:6142	ITGA6	P23229	ENSG00000091409	3655	Ca(2+)	367	367	"[{""evidenceCode"": ""ECO:0000250"", ""id"": ""P08648"", ""source"": ""UniProtKB""}]"	annotation_not_promoted_to_coverage
HGNC:6142	ITGA6	P23229	ENSG00000091409	3655	Ca(2+)	371	371	"[{""evidenceCode"": ""ECO:0000250"", ""id"": ""P08648"", ""source"": ""UniProtKB""}]"	annotation_not_promoted_to_coverage
HGNC:6142	ITGA6	P23229	ENSG00000091409	3655	Ca(2+)	425	425	"[{""evidenceCode"": ""ECO:0000250"", ""id"": ""P08648"", ""source"": ""UniProtKB""}]"	annotation_not_promoted_to_coverage
HGNC:6142	ITGA6	P23229	ENSG00000091409	3655	Ca(2+)	427	427	"[{""evidenceCode"": ""ECO:0000250"", ""id"": ""P08648"", ""source"": ""UniProtKB""}]"	annotation_not_promoted_to_coverage
HGNC:6142	ITGA6	P23229	ENSG00000091409	3655	Ca(2+)	429	429	"[{""evidenceCode"": ""ECO:0000250"", ""id"": ""P08648"", ""source"": ""UniProtKB""}]"	annotation_not_promoted_to_coverage
HGNC:6142	ITGA6	P23229	ENSG00000091409	3655	Ca(2+)	431	431	"[{""evidenceCode"": ""ECO:0000250"", ""id"": ""P08648"", ""source"": ""UniProtKB""}]"	annotation_not_promoted_to_coverage
HGNC:6142	ITGA6	P23229	ENSG00000091409	3655	Ca(2+)	433	433	"[{""evidenceCode"": ""ECO:0000250"", ""id"": ""P08648"", ""source"": ""UniProtKB""}]"	annotation_not_promoted_to_coverage
HGNC:6142	ITGA6	P23229	ENSG00000091409	3655	Ca(2+)	480	480	"[{""evidenceCode"": ""ECO:0000250"", ""id"": ""P08648"", ""source"": ""UniProtKB""}]"	annotation_not_promoted_to_coverage
HGNC:6142	ITGA6	P23229	ENSG00000091409	3655	Ca(2+)	482	482	"[{""evidenceCode"": ""ECO:0000250"", ""id"": ""P08648"", ""source"": ""UniProtKB""}]"	annotation_not_promoted_to_coverage
HGNC:6142	ITGA6	P23229	ENSG00000091409	3655	Ca(2+)	484	484	"[{""evidenceCode"": ""ECO:0000250"", ""id"": ""P08648"", ""source"": ""UniProtKB""}]"	annotation_not_promoted_to_coverage
HGNC:6142	ITGA6	P23229	ENSG00000091409	3655	Ca(2+)	486	486	"[{""evidenceCode"": ""ECO:0000250"", ""id"": ""P08648"", ""source"": ""UniProtKB""}]"	annotation_not_promoted_to_coverage
HGNC:6142	ITGA6	P23229	ENSG00000091409	3655	Ca(2+)	488	488	"[{""evidenceCode"": ""ECO:0000250"", ""id"": ""P08648"", ""source"": ""UniProtKB""}]"	annotation_not_promoted_to_coverage
HGNC:18123	ACVR1C	Q8NER5	ENSG00000123612	130399	ATP	201	209	"[{""evidenceCode"": ""ECO:0000250"", ""id"": ""Q04771"", ""source"": ""UniProtKB""}, {""evidenceCode"": ""ECO:0000255"", ""id"": ""PRU00159"", ""source"": ""PROSITE-ProRule""}]"	annotation_not_promoted_to_coverage
HGNC:18123	ACVR1C	Q8NER5	ENSG00000123612	130399	ATP	222	222	"[{""evidenceCode"": ""ECO:0000250"", ""id"": ""Q04771"", ""source"": ""UniProtKB""}, {""evidenceCode"": ""ECO:0000255"", ""id"": ""PRU00159"", ""source"": ""PROSITE-ProRule""}]"	annotation_not_promoted_to_coverage
HGNC:14894	ULBP2	Q9BZM5	ENSG00000131015	80328	a protein	216	216	"[{""evidenceCode"": ""ECO:0000269"", ""id"": ""37684232"", ""source"": ""PubMed""}, {""evidenceCode"": ""ECO:0007744"", ""id"": ""8IMX"", ""source"": ""PDB""}]"	annotation_not_promoted_to_coverage
HGNC:465	AMHR2	Q16671	ENSG00000135409	269	ATP	209	217	"[{""evidenceCode"": ""ECO:0000255"", ""id"": ""PRU00159"", ""source"": ""PROSITE-ProRule""}]"	annotation_not_promoted_to_coverage
HGNC:465	AMHR2	Q16671	ENSG00000135409	269	ATP	230	230	"[{""evidenceCode"": ""ECO:0000255"", ""id"": ""PRU00159"", ""source"": ""PROSITE-ProRule""}]"	annotation_not_promoted_to_coverage
HGNC:172	ACVR1B	P36896	ENSG00000135503	91	ATP	213	221	"[{""evidenceCode"": ""ECO:0000255"", ""id"": ""PRU00159"", ""source"": ""PROSITE-ProRule""}]"	annotation_not_promoted_to_coverage
HGNC:172	ACVR1B	P36896	ENSG00000135503	91	ATP	234	234	"[{""evidenceCode"": ""ECO:0000255"", ""id"": ""PRU00159"", ""source"": ""PROSITE-ProRule""}]"	annotation_not_promoted_to_coverage
HGNC:9449	PRNP	P04156	ENSG00000171867	5621	Cu(2+)	61	61	"[{""evidenceCode"": ""ECO:0000269"", ""id"": ""11900542"", ""source"": ""PubMed""}]"	annotation_not_promoted_to_coverage
HGNC:9449	PRNP	P04156	ENSG00000171867	5621	Cu(2+)	62	62	"[{""evidenceCode"": ""ECO:0000269"", ""id"": ""11900542"", ""source"": ""PubMed""}]"	annotation_not_promoted_to_coverage
HGNC:9449	PRNP	P04156	ENSG00000171867	5621	Cu(2+)	63	63	"[{""evidenceCode"": ""ECO:0000269"", ""id"": ""11900542"", ""source"": ""PubMed""}]"	annotation_not_promoted_to_coverage
HGNC:9449	PRNP	P04156	ENSG00000171867	5621	Cu(2+)	69	69	"[{""evidenceCode"": ""ECO:0000305"", ""id"": ""11900542"", ""source"": ""PubMed""}]"	annotation_not_promoted_to_coverage
HGNC:9449	PRNP	P04156	ENSG00000171867	5621	Cu(2+)	70	70	"[{""evidenceCode"": ""ECO:0000305"", ""id"": ""11900542"", ""source"": ""PubMed""}]"	annotation_not_promoted_to_coverage
HGNC:9449	PRNP	P04156	ENSG00000171867	5621	Cu(2+)	71	71	"[{""evidenceCode"": ""ECO:0000305"", ""id"": ""11900542"", ""source"": ""PubMed""}]"	annotation_not_promoted_to_coverage
HGNC:9449	PRNP	P04156	ENSG00000171867	5621	Cu(2+)	77	77	"[{""evidenceCode"": ""ECO:0000305"", ""id"": ""11900542"", ""source"": ""PubMed""}]"	annotation_not_promoted_to_coverage
HGNC:9449	PRNP	P04156	ENSG00000171867	5621	Cu(2+)	78	78	"[{""evidenceCode"": ""ECO:0000305"", ""id"": ""11900542"", ""source"": ""PubMed""}]"	annotation_not_promoted_to_coverage
HGNC:9449	PRNP	P04156	ENSG00000171867	5621	Cu(2+)	79	79	"[{""evidenceCode"": ""ECO:0000305"", ""id"": ""11900542"", ""source"": ""PubMed""}]"	annotation_not_promoted_to_coverage
HGNC:9449	PRNP	P04156	ENSG00000171867	5621	Cu(2+)	85	85	"[{""evidenceCode"": ""ECO:0000305"", ""id"": ""11900542"", ""source"": ""PubMed""}]"	annotation_not_promoted_to_coverage
HGNC:9449	PRNP	P04156	ENSG00000171867	5621	Cu(2+)	86	86	"[{""evidenceCode"": ""ECO:0000305"", ""id"": ""11900542"", ""source"": ""PubMed""}]"	annotation_not_promoted_to_coverage
HGNC:9449	PRNP	P04156	ENSG00000171867	5621	Cu(2+)	87	87	"[{""evidenceCode"": ""ECO:0000305"", ""id"": ""11900542"", ""source"": ""PubMed""}]"	annotation_not_promoted_to_coverage
HGNC:11009	SLC2A4	P14672	ENSG00000181856	6517	D-glucose	177	177	"[{""evidenceCode"": ""ECO:0000250"", ""id"": ""P11169"", ""source"": ""UniProtKB""}]"	annotation_not_promoted_to_coverage
HGNC:11009	SLC2A4	P14672	ENSG00000181856	6517	D-glucose	298	299	"[{""evidenceCode"": ""ECO:0000250"", ""id"": ""P11169"", ""source"": ""UniProtKB""}]"	annotation_not_promoted_to_coverage
HGNC:11009	SLC2A4	P14672	ENSG00000181856	6517	D-glucose	304	304	"[{""evidenceCode"": ""ECO:0000250"", ""id"": ""P11169"", ""source"": ""UniProtKB""}]"	annotation_not_promoted_to_coverage
HGNC:11009	SLC2A4	P14672	ENSG00000181856	6517	D-glucose	333	333	"[{""evidenceCode"": ""ECO:0000250"", ""id"": ""P11169"", ""source"": ""UniProtKB""}]"	annotation_not_promoted_to_coverage
HGNC:11009	SLC2A4	P14672	ENSG00000181856	6517	D-glucose	396	396	"[{""evidenceCode"": ""ECO:0000250"", ""id"": ""P11169"", ""source"": ""UniProtKB""}]"	annotation_not_promoted_to_coverage
HGNC:11009	SLC2A4	P14672	ENSG00000181856	6517	D-glucose	404	404	"[{""evidenceCode"": ""ECO:0000250"", ""id"": ""P11169"", ""source"": ""UniProtKB""}]"	annotation_not_promoted_to_coverage
HGNC:10907	SLC11A1	P49279	ENSG00000018280	6556	Mn(2+)	74	74	"[{""evidenceCode"": ""ECO:0000269"", ""id"": ""39824808"", ""source"": ""PubMed""}, {""evidenceCode"": ""ECO:0007744"", ""id"": ""9F6P"", ""source"": ""PDB""}]"	annotation_not_promoted_to_coverage
HGNC:10907	SLC11A1	P49279	ENSG00000018280	6556	Mn(2+)	77	77	"[{""evidenceCode"": ""ECO:0000269"", ""id"": ""39824808"", ""source"": ""PubMed""}, {""evidenceCode"": ""ECO:0007744"", ""id"": ""9F6P"", ""source"": ""PDB""}]"	annotation_not_promoted_to_coverage
HGNC:10907	SLC11A1	P49279	ENSG00000018280	6556	Mn(2+)	250	250	"[{""evidenceCode"": ""ECO:0000269"", ""id"": ""39824808"", ""source"": ""PubMed""}, {""evidenceCode"": ""ECO:0007744"", ""id"": ""9F6P"", ""source"": ""PDB""}]"	annotation_not_promoted_to_coverage
HGNC:50	ABCB9	Q9NP78	ENSG00000150967	23457	ATP	539	546	"[{""evidenceCode"": ""ECO:0000255"", ""id"": ""PRU00434"", ""source"": ""PROSITE-ProRule""}]"	annotation_not_promoted_to_coverage
HGNC:16920	CIB1	Q99828	ENSG00000185043	10519	Ca(2+)	116	116	"[{""evidenceCode"": ""ECO:0000255"", ""id"": ""PRU00448"", ""source"": ""PROSITE-ProRule""}]"	annotation_not_promoted_to_coverage
HGNC:16920	CIB1	Q99828	ENSG00000185043	10519	Ca(2+)	118	118	"[{""evidenceCode"": ""ECO:0000255"", ""id"": ""PRU00448"", ""source"": ""PROSITE-ProRule""}]"	annotation_not_promoted_to_coverage
HGNC:16920	CIB1	Q99828	ENSG00000185043	10519	Ca(2+)	120	120	"[{""evidenceCode"": ""ECO:0000255"", ""id"": ""PRU00448"", ""source"": ""PROSITE-ProRule""}]"	annotation_not_promoted_to_coverage
HGNC:16920	CIB1	Q99828	ENSG00000185043	10519	Ca(2+)	122	122	"[{""evidenceCode"": ""ECO:0000255"", ""id"": ""PRU00448"", ""source"": ""PROSITE-ProRule""}]"	annotation_not_promoted_to_coverage
HGNC:16920	CIB1	Q99828	ENSG00000185043	10519	Ca(2+)	127	127	"[{""evidenceCode"": ""ECO:0000255"", ""id"": ""PRU00448"", ""source"": ""PROSITE-ProRule""}]"	annotation_not_promoted_to_coverage
HGNC:16920	CIB1	Q99828	ENSG00000185043	10519	Ca(2+)	161	161	"[{""evidenceCode"": ""ECO:0000255"", ""id"": ""PRU00448"", ""source"": ""PROSITE-ProRule""}]"	annotation_not_promoted_to_coverage
HGNC:16920	CIB1	Q99828	ENSG00000185043	10519	Ca(2+)	163	163	"[{""evidenceCode"": ""ECO:0000255"", ""id"": ""PRU00448"", ""source"": ""PROSITE-ProRule""}]"	annotation_not_promoted_to_coverage
HGNC:16920	CIB1	Q99828	ENSG00000185043	10519	Ca(2+)	165	165	"[{""evidenceCode"": ""ECO:0000255"", ""id"": ""PRU00448"", ""source"": ""PROSITE-ProRule""}]"	annotation_not_promoted_to_coverage
HGNC:16920	CIB1	Q99828	ENSG00000185043	10519	Ca(2+)	167	167	"[{""evidenceCode"": ""ECO:0000255"", ""id"": ""PRU00448"", ""source"": ""PROSITE-ProRule""}]"	annotation_not_promoted_to_coverage
HGNC:16920	CIB1	Q99828	ENSG00000185043	10519	Ca(2+)	172	172	"[{""evidenceCode"": ""ECO:0000255"", ""id"": ""PRU00448"", ""source"": ""PROSITE-ProRule""}]"	annotation_not_promoted_to_coverage
HGNC:11010	SLC2A5	P22732	ENSG00000142583	6518	D-fructose	32	32	"[{""evidenceCode"": ""ECO:0000250"", ""id"": ""P43427"", ""source"": ""UniProtKB""}]"	annotation_not_promoted_to_coverage
HGNC:11010	SLC2A5	P22732	ENSG00000142583	6518	D-fructose	167	167	"[{""evidenceCode"": ""ECO:0000250"", ""id"": ""P43427"", ""source"": ""UniProtKB""}]"	annotation_not_promoted_to_coverage
HGNC:11010	SLC2A5	P22732	ENSG00000142583	6518	D-fructose	288	288	"[{""evidenceCode"": ""ECO:0000250"", ""id"": ""P43427"", ""source"": ""UniProtKB""}]"	annotation_not_promoted_to_coverage
HGNC:11010	SLC2A5	P22732	ENSG00000142583	6518	D-fructose	296	298	"[{""evidenceCode"": ""ECO:0000250"", ""id"": ""P43427"", ""source"": ""UniProtKB""}]"	annotation_not_promoted_to_coverage
HGNC:11010	SLC2A5	P22732	ENSG00000142583	6518	D-fructose	387	387	"[{""evidenceCode"": ""ECO:0000250"", ""id"": ""P43427"", ""source"": ""UniProtKB""}]"	annotation_not_promoted_to_coverage
HGNC:11010	SLC2A5	P22732	ENSG00000142583	6518	D-fructose	419	420	"[{""evidenceCode"": ""ECO:0000250"", ""id"": ""P43427"", ""source"": ""UniProtKB""}]"	annotation_not_promoted_to_coverage
HGNC:18259	ITLN1	Q8WWA0	ENSG00000179914	55600	Ca(2+)	86	86	"[{""evidenceCode"": ""ECO:0000269"", ""id"": ""26148048"", ""source"": ""PubMed""}, {""evidenceCode"": ""ECO:0007744"", ""id"": ""4WMQ"", ""source"": ""PDB""}, {""evidenceCode"": ""ECO:0007744"", ""id"": ""4WMY"", ""source"": ""PDB""}]"	annotation_not_promoted_to_coverage
HGNC:18259	ITLN1	Q8WWA0	ENSG00000179914	55600	Ca(2+)	87	87	"[{""evidenceCode"": ""ECO:0000269"", ""id"": ""26148048"", ""source"": ""PubMed""}, {""evidenceCode"": ""ECO:0007744"", ""id"": ""4WMQ"", ""source"": ""PDB""}, {""evidenceCode"": ""ECO:0007744"", ""id"": ""4WMY"", ""source"": ""PDB""}]"	annotation_not_promoted_to_coverage
HGNC:18259	ITLN1	Q8WWA0	ENSG00000179914	55600	Ca(2+)	89	89	"[{""evidenceCode"": ""ECO:0000269"", ""id"": ""26148048"", ""source"": ""PubMed""}, {""evidenceCode"": ""ECO:0007744"", ""id"": ""4WMQ"", ""source"": ""PDB""}, {""evidenceCode"": ""ECO:0007744"", ""id"": ""4WMY"", ""source"": ""PDB""}]"	annotation_not_promoted_to_coverage
HGNC:18259	ITLN1	Q8WWA0	ENSG00000179914	55600	Ca(2+)	92	92	"[{""evidenceCode"": ""ECO:0000269"", ""id"": ""26148048"", ""source"": ""PubMed""}, {""evidenceCode"": ""ECO:0007744"", ""id"": ""4WMQ"", ""source"": ""PDB""}, {""evidenceCode"": ""ECO:0007744"", ""id"": ""4WMY"", ""source"": ""PDB""}]"	annotation_not_promoted_to_coverage
HGNC:18259	ITLN1	Q8WWA0	ENSG00000179914	55600	Ca(2+)	97	97	"[{""evidenceCode"": ""ECO:0000269"", ""id"": ""26148048"", ""source"": ""PubMed""}, {""evidenceCode"": ""ECO:0007744"", ""id"": ""4WMQ"", ""source"": ""PDB""}, {""evidenceCode"": ""ECO:0007744"", ""id"": ""4WMY"", ""source"": ""PDB""}]"	annotation_not_promoted_to_coverage
HGNC:18259	ITLN1	Q8WWA0	ENSG00000179914	55600	Ca(2+)	98	98	"[{""evidenceCode"": ""ECO:0000269"", ""id"": ""26148048"", ""source"": ""PubMed""}, {""evidenceCode"": ""ECO:0007744"", ""id"": ""4WMQ"", ""source"": ""PDB""}, {""evidenceCode"": ""ECO:0007744"", ""id"": ""4WMY"", ""source"": ""PDB""}]"	annotation_not_promoted_to_coverage
HGNC:18259	ITLN1	Q8WWA0	ENSG00000179914	55600	Ca(2+)	133	133	"[{""evidenceCode"": ""ECO:0000269"", ""id"": ""26148048"", ""source"": ""PubMed""}, {""evidenceCode"": ""ECO:0007744"", ""id"": ""4WMQ"", ""source"": ""PDB""}, {""evidenceCode"": ""ECO:0007744"", ""id"": ""4WMY"", ""source"": ""PDB""}]"	annotation_not_promoted_to_coverage
HGNC:18259	ITLN1	Q8WWA0	ENSG00000179914	55600	Ca(2+)	260	260	"[{""evidenceCode"": ""ECO:0000269"", ""id"": ""26148048"", ""source"": ""PubMed""}, {""evidenceCode"": ""ECO:0007744"", ""id"": ""4WMQ"", ""source"": ""PDB""}, {""evidenceCode"": ""ECO:0007744"", ""id"": ""4WMY"", ""source"": ""PDB""}]"	annotation_not_promoted_to_coverage
HGNC:18259	ITLN1	Q8WWA0	ENSG00000179914	55600	a carbohydrate	262	263	"[{""evidenceCode"": ""ECO:0000269"", ""id"": ""26148048"", ""source"": ""PubMed""}, {""evidenceCode"": ""ECO:0007744"", ""id"": ""4WMY"", ""source"": ""PDB""}]"	annotation_not_promoted_to_coverage
HGNC:18259	ITLN1	Q8WWA0	ENSG00000179914	55600	Ca(2+)	262	262	"[{""evidenceCode"": ""ECO:0000269"", ""id"": ""26148048"", ""source"": ""PubMed""}, {""evidenceCode"": ""ECO:0007744"", ""id"": ""4WMQ"", ""source"": ""PDB""}, {""evidenceCode"": ""ECO:0007744"", ""id"": ""4WMY"", ""source"": ""PDB""}]"	annotation_not_promoted_to_coverage
HGNC:18259	ITLN1	Q8WWA0	ENSG00000179914	55600	a carbohydrate	274	274	"[{""evidenceCode"": ""ECO:0000269"", ""id"": ""26148048"", ""source"": ""PubMed""}, {""evidenceCode"": ""ECO:0007744"", ""id"": ""4WMY"", ""source"": ""PDB""}]"	annotation_not_promoted_to_coverage
HGNC:18259	ITLN1	Q8WWA0	ENSG00000179914	55600	Ca(2+)	274	274	"[{""evidenceCode"": ""ECO:0000269"", ""id"": ""26148048"", ""source"": ""PubMed""}, {""evidenceCode"": ""ECO:0007744"", ""id"": ""4WMQ"", ""source"": ""PDB""}, {""evidenceCode"": ""ECO:0007744"", ""id"": ""4WMY"", ""source"": ""PDB""}]"	annotation_not_promoted_to_coverage
HGNC:18259	ITLN1	Q8WWA0	ENSG00000179914	55600	Ca(2+)	282	282	"[{""evidenceCode"": ""ECO:0000269"", ""id"": ""26148048"", ""source"": ""PubMed""}, {""evidenceCode"": ""ECO:0007744"", ""id"": ""4WMQ"", ""source"": ""PDB""}, {""evidenceCode"": ""ECO:0007744"", ""id"": ""4WMY"", ""source"": ""PDB""}]"	annotation_not_promoted_to_coverage
HGNC:17283	RIMS2	Q9UQ26	ENSG00000176406	9699	Zn(2+)	123	123	"[{""evidenceCode"": ""ECO:0000255"", ""id"": ""PRU00091"", ""source"": ""PROSITE-ProRule""}]"	annotation_not_promoted_to_coverage
HGNC:17283	RIMS2	Q9UQ26	ENSG00000176406	9699	Zn(2+)	126	126	"[{""evidenceCode"": ""ECO:0000255"", ""id"": ""PRU00091"", ""source"": ""PROSITE-ProRule""}]"	annotation_not_promoted_to_coverage
HGNC:17283	RIMS2	Q9UQ26	ENSG00000176406	9699	Zn(2+)	139	139	"[{""evidenceCode"": ""ECO:0000255"", ""id"": ""PRU00091"", ""source"": ""PROSITE-ProRule""}]"	annotation_not_promoted_to_coverage
HGNC:17283	RIMS2	Q9UQ26	ENSG00000176406	9699	Zn(2+)	142	142	"[{""evidenceCode"": ""ECO:0000255"", ""id"": ""PRU00091"", ""source"": ""PROSITE-ProRule""}]"	annotation_not_promoted_to_coverage
HGNC:17283	RIMS2	Q9UQ26	ENSG00000176406	9699	Zn(2+)	147	147	"[{""evidenceCode"": ""ECO:0000255"", ""id"": ""PRU00091"", ""source"": ""PROSITE-ProRule""}]"	annotation_not_promoted_to_coverage
HGNC:17283	RIMS2	Q9UQ26	ENSG00000176406	9699	Zn(2+)	150	150	"[{""evidenceCode"": ""ECO:0000255"", ""id"": ""PRU00091"", ""source"": ""PROSITE-ProRule""}]"	annotation_not_promoted_to_coverage
HGNC:17283	RIMS2	Q9UQ26	ENSG00000176406	9699	Zn(2+)	165	165	"[{""evidenceCode"": ""ECO:0000255"", ""id"": ""PRU00091"", ""source"": ""PROSITE-ProRule""}]"	annotation_not_promoted_to_coverage
HGNC:17283	RIMS2	Q9UQ26	ENSG00000176406	9699	Zn(2+)	168	168	"[{""evidenceCode"": ""ECO:0000255"", ""id"": ""PRU00091"", ""source"": ""PROSITE-ProRule""}]"	annotation_not_promoted_to_coverage
HGNC:5253	HSP90AA1	P07900	ENSG00000080824	3320	ATP	51	51	[]	annotation_not_promoted_to_coverage
HGNC:5253	HSP90AA1	P07900	ENSG00000080824	3320	ATP	93	93	[]	annotation_not_promoted_to_coverage
HGNC:5253	HSP90AA1	P07900	ENSG00000080824	3320	ATP	112	112	"[{""evidenceCode"": ""ECO:0000250""}]"	annotation_not_promoted_to_coverage
HGNC:5253	HSP90AA1	P07900	ENSG00000080824	3320	ATP	138	138	[]	annotation_not_promoted_to_coverage
HGNC:5253	HSP90AA1	P07900	ENSG00000080824	3320	ATP	400	400	"[{""evidenceCode"": ""ECO:0000250""}]"	annotation_not_promoted_to_coverage
