pmid	pmcid	title	doi	metadata_found	open_access_flag	supplement_flag	fulltext_status	epitope_lead_paragraphs	structure_lead_paragraphs	body_paragraphs	fulltext_url	fulltext_sha256
16963452		Selection and characterization of Her2 binding-designed ankyrin repeat proteins.	10.1074/jbc.m602547200	1	N	N	not_available	0	0	0		
17466328		A designed ankyrin repeat protein evolved to picomolar affinity to Her2.	10.1016/j.jmb.2007.03.028	1	N	N	not_available	0	0	0		
18654624	PMC2453315	CD4-specific designed ankyrin repeat proteins are novel potent HIV entry inhibitors with unique characteristics.	10.1371/journal.ppat.1000109	1	Y	Y	retrieved	3	0	95	https://www.ebi.ac.uk/europepmc/webservices/rest/PMC2453315/fullTextXML	706062201a4da9bfc83cb62f201ab859d1b89c6fcfb0896487b1abc3fb6ceda7
18706916		Efficient selection of DARPins with sub-nanomolar affinities using SRP phage display.	10.1016/j.jmb.2008.07.085	1	N	N	not_available	0	0	0		
20124480		Efficient tumor targeting with high-affinity designed ankyrin repeat proteins: effects of affinity and molecular size.	10.1158/0008-5472.can-09-2724	1	N	N	not_available	0	0	0		
20190562	PMC2840239	Anti-tumor effect of CT-322 as an adnectin inhibitor of vascular endothelial growth factor receptor-2.	10.4161/mabs.2.2.11304	1	N	Y	http_500	0	0	0	https://www.ebi.ac.uk/europepmc/webservices/rest/PMC2840239/fullTextXML	
20357770	PMC2926940	A potent and highly specific FN3 monobody inhibitor of the Abl SH2 domain.	10.1038/nsmb.1793	1	Y	Y	retrieved	14	4	54	https://www.ebi.ac.uk/europepmc/webservices/rest/PMC2926940/fullTextXML	8675d27a22f6a0c97a3aa64b79042f293bb3b3940a219322bcdd3a05d7ea77a7
21963989		DARPins recognizing the tumor-associated antigen EpCAM selected by phage and ribosome display and engineered for multivalency.	10.1016/j.jmb.2011.09.016	1	N	N	not_available	0	0	0		
22325775		Structures of adnectin/protein complexes reveal an expanded binding footprint.	10.1016/j.str.2011.11.016	1	N	N	not_available	0	0	0		
22328160	PMC3295290	Design of a binding scaffold based on variable lymphocyte receptors of jawless vertebrates by module engineering.	10.1073/pnas.1113193109	1	N	Y	http_500	0	0	0	https://www.ebi.ac.uk/europepmc/webservices/rest/PMC3295290/fullTextXML	
22948047		Evaluation of efficacy and safety of the anti-VWF Nanobody ALX-0681 in a preclinical baboon model of acquired thrombotic thrombocytopenic purpura.	10.1182/blood-2012-04-420943	1	N	N	not_available	0	0	0		
23090647		Pharmacologic properties, metabolism, and disposition of linaclotide, a novel therapeutic peptide approved for the treatment of irritable bowel syndrome with constipation and chronic idiopathic constipation.	10.1124/jpet.112.199430	1	N	N	not_available	0	0	0		
24087882		Pharmacological profile, efficacy and safety of lixisenatide in type 2 diabetes mellitus.	10.1517/14656566.2013.838559	1	N	N	not_available	0	0	0		
24095059		Structural basis for eliciting a cytotoxic effect in HER2-overexpressing cancer cells via binding to the extracellular domain of HER2.	10.1016/j.str.2013.08.020	1	N	N	not_available	0	0	0		
24917546		Pharmacologic profile of the Adnectin BMS-962476, a small protein biologic alternative to PCSK9 antibodies for low-density lipoprotein lowering.	10.1124/jpet.114.214221	1	N	N	not_available	0	0	0		
25391547	PMC4315530	Development of the designed ankyrin repeat protein (DARPin) G3 for HER2 molecular imaging.	10.1007/s00259-014-2940-2	1	Y	Y	retrieved	0	0	62	https://www.ebi.ac.uk/europepmc/webservices/rest/PMC4315530/fullTextXML	8cf1095b16b4f629ab1c21dd9607bdf49f35bf1bb354a4364c4b304c43b31624
26177208	PMC4503726	Isolation and Characterization of a Monobody with a Fibronectin Domain III Scaffold That Specifically Binds EphA2.	10.1371/journal.pone.0132976	1	Y	Y	retrieved	0	0	42	https://www.ebi.ac.uk/europepmc/webservices/rest/PMC4503726/fullTextXML	3bf0ebf6155e92f56c2b30203af5f9aea9526db29ce716be7c4e5b9a370ec44e
28584151	PMC5527662	Discovery and Characterization of a Novel CD4-Binding Adnectin with Potent Anti-HIV Activity.	10.1128/aac.00508-17	1	N	Y	http_500	0	0	0	https://www.ebi.ac.uk/europepmc/webservices/rest/PMC5527662/fullTextXML	
29792401	PMC5967865	Synthetic single domain antibodies for the conformational trapping of membrane proteins.	10.7554/elife.34317	1	Y	Y	retrieved	5	6	80	https://www.ebi.ac.uk/europepmc/webservices/rest/PMC5967865/fullTextXML	f7f70cb4156c9948d1d8223c8ed54be2d032a4d7afbb03a6a6c971e126597300
30529748		Structural Basis of Interleukin-5 Inhibition by the Small Cyclic Peptide AF17121.	10.1016/j.jmb.2018.11.029	1	N	N	not_available	0	0	0		
30626941	PMC6521699	De novo design of potent and selective mimics of IL-2 and IL-15.	10.1038/s41586-018-0830-7	1	Y	Y	http_500	0	0	0	https://www.ebi.ac.uk/europepmc/webservices/rest/PMC6521699/fullTextXML	
31239342	PMC6628680	Allosteric modulation of a human protein kinase with monobodies.	10.1073/pnas.1906024116	1	N	Y	http_500	0	0	0	https://www.ebi.ac.uk/europepmc/webservices/rest/PMC6628680/fullTextXML	
33738081	PMC7941009	Computationally-guided design and affinity improvement of a protein binder targeting a specific site on HER2.	10.1016/j.csbj.2021.02.013	1	Y	Y	retrieved	15	7	41	https://www.ebi.ac.uk/europepmc/webservices/rest/PMC7941009/fullTextXML	b3888c674a769eb497483a916cbb32d3adb964c9a41c2cee6ac55e1ebc39a067
33850121	PMC8044208	Conformational interconversion of MLKL and disengagement from RIPK3 precede cell death by necroptosis.	10.1038/s41467-021-22400-z	1	Y	Y	retrieved	10	7	62	https://www.ebi.ac.uk/europepmc/webservices/rest/PMC8044208/fullTextXML	9b98d469114a236c4cda489da67c53fb12b1b3977dba6c1890122fdabefb8bf7
33879614	PMC8092486	Transferrin receptor targeting by de novo sheet extension.	10.1073/pnas.2021569118	1	Y	Y	retrieved	4	6	52	https://www.ebi.ac.uk/europepmc/webservices/rest/PMC8092486/fullTextXML	2c5360d49d9a3af229656c1184476916b52b88ab805843e7ff134e36b0f10271
34174312		Expression, purification and molecular dynamics simulation of extracellular domain of glucagon-like peptide-2 receptor linked to teduglutide.	10.1016/j.ijbiomac.2021.06.141	1	N	N	not_available	0	0	0		
34194040	PMC8826748	Asymmetric activation of the calcium-sensing receptor homodimer.	10.1038/s41586-021-03691-0	1	N	Y	http_500	0	0	0	https://www.ebi.ac.uk/europepmc/webservices/rest/PMC8826748/fullTextXML	
34199835	PMC8200062	Engineering Calreticulin-Targeting Monobodies to Detect Immunogenic Cell Death in Cancer Chemotherapy.	10.3390/cancers13112801	1	Y	Y	retrieved	0	0	32	https://www.ebi.ac.uk/europepmc/webservices/rest/PMC8200062/fullTextXML	30be5c99d5548c599c20858f152eb90dcf02d5c303738b1fd483b32ee04ecf23
34260945		Structure and dynamics of semaglutide- and taspoglutide-bound GLP-1R-Gs complexes.	10.1016/j.celrep.2021.109374	1	N	N	not_available	0	0	0		
34433901	PMC8563965	Structural insights into ligand recognition and activation of the melanocortin-4 receptor.	10.1038/s41422-021-00552-3	1	N	Y	http_500	0	0	0	https://www.ebi.ac.uk/europepmc/webservices/rest/PMC8563965/fullTextXML	
34561620	PMC8563958	Structures of active melanocortin-4 receptor-Gs-protein complexes with NDP-α-MSH and setmelanotide.	10.1038/s41422-021-00569-8	1	Y	Y	retrieved	7	13	124	https://www.ebi.ac.uk/europepmc/webservices/rest/PMC8563958/fullTextXML	44da588a40963e8f868409674e68ed7f5fec16f82a4245369720ac29053dbdf5
34896364		Novel Bent Conformation of CD4 Induced by HIV-1 Inhibitor Indirectly Prevents Productive Viral Attachment.	10.1016/j.jmb.2021.167395	1	N	N	not_available	0	0	0		
34937906	PMC8950777	Structural and functional diversity among agonist-bound states of the GLP-1 receptor.	10.1038/s41589-021-00945-w	1	N	Y	http_500	0	0	0	https://www.ebi.ac.uk/europepmc/webservices/rest/PMC8950777/fullTextXML	
35217653	PMC8881610	Structural insights into multiplexed pharmacological actions of tirzepatide and peptide 20 at the GIP, GLP-1 or glucagon receptors.	10.1038/s41467-022-28683-0	1	Y	Y	retrieved	5	25	91	https://www.ebi.ac.uk/europepmc/webservices/rest/PMC8881610/fullTextXML	6836586eb0499fececfb9e088163fa281a083356860ff61a70f48b84fc71eae3
35273620	PMC8902368	Ozoralizumab, a Humanized Anti-TNFα NANOBODY<sup>®</sup> Compound, Exhibits Efficacy Not Only at the Onset of Arthritis in a Human TNF Transgenic Mouse but Also During Secondary Failure of Administration of an Anti-TNFα IgG.	10.3389/fimmu.2022.853008	1	Y	Y	retrieved	1	0	59	https://www.ebi.ac.uk/europepmc/webservices/rest/PMC8902368/fullTextXML	6b31448edb81fadc4cb3142f1520df9e56e210cce2455b69bbedc2482a52e253
35332283	PMC9117152	Design of protein-binding proteins from the target structure alone.	10.1038/s41586-022-04654-9	1	Y	Y	retrieved	11	12	108	https://www.ebi.ac.uk/europepmc/webservices/rest/PMC9117152/fullTextXML	7aef69b9917f1d9991dbd0210245c22d72a1aa6302ab1590d5095dba691e3825
35595746	PMC9122944	Structural insights into the activation of somatostatin receptor 2 by cyclic SST analogues.	10.1038/s41421-022-00405-2	1	Y	Y	retrieved	0	7	44	https://www.ebi.ac.uk/europepmc/webservices/rest/PMC9122944/fullTextXML	2590c3cbf67e061ad696bf1cc580dde2f7b24637c944c8ed48f74db000dd2839
35762713	PMC9207892	AlphaFold accurately predicts distinct conformations based on the oligomeric state of a de novo designed protein.	10.1002/pro.4368	1	N	Y	http_500	0	0	0	https://www.ebi.ac.uk/europepmc/webservices/rest/PMC9207892/fullTextXML	
35969734	PMC9407671	De novo designed protein inhibitors of amyloid aggregation and seeding.	10.1073/pnas.2206240119	1	Y	Y	retrieved	5	3	29	https://www.ebi.ac.uk/europepmc/webservices/rest/PMC9407671/fullTextXML	86eeaa70e5efeb222a737b9c2cb68498620c299a872c6437c7a8674b081c2d6d
36288716	PMC9636537	Isoform-specific inhibition of FGFR signaling achieved by a de-novo-designed mini-protein.	10.1016/j.celrep.2022.111545	1	Y	Y	http_500	0	0	0	https://www.ebi.ac.uk/europepmc/webservices/rest/PMC9636537/fullTextXML	
36901829	PMC10001991	Structural Basis of the Binding Mode of the Antineoplastic Compound Motixafortide (BL-8040) in the CXCR4 Chemokine Receptor.	10.3390/ijms24054393	1	Y	Y	retrieved	6	0	27	https://www.ebi.ac.uk/europepmc/webservices/rest/PMC10001991/fullTextXML	7a26cbe434bfe34e268db66d44ae474cdeb51a488d1efb30d8824276575d4f7c
37100904	PMC10131520	De novo design of protein interactions with learned surface fingerprints.	10.1038/s41586-023-05993-x	1	Y	Y	retrieved	10	17	117	https://www.ebi.ac.uk/europepmc/webservices/rest/PMC10131520/fullTextXML	ef0f6d4b21a01030b7c6d6f356f7a833ff43cca4eff3f30f39d106451b08e359
37148874		Molecular insights into peptide agonist engagement with the PTH receptor.	10.1016/j.str.2023.04.002	1	N	N	not_available	0	0	0		
37176076	PMC10179127	Mechanism Exploration of Amyloid-β-42 Disaggregation by Single-Chain Variable Fragments of Alzheimer's Disease Therapeutic Antibodies.	10.3390/ijms24098371	1	Y	Y	retrieved	3	1	36	https://www.ebi.ac.uk/europepmc/webservices/rest/PMC10179127/fullTextXML	2e0be568f80f43102e83603f88cc4a7b737eb6f30951e8affb6fb75d0c0b62c5
37279405		Discovery and Design of Novel Cyclic Peptides as Specific Inhibitors Targeting CCN2 and Disrupting CCN2/EGFR Interaction for Kidney Fibrosis Treatment.	10.1021/acs.jmedchem.3c00594	1	N	N	not_available	0	0	0		
37368504	PMC10360382	De novo design of stable proteins that efficaciously inhibit oncogenic G proteins.	10.1002/pro.4713	1	N	Y	http_500	0	0	0	https://www.ebi.ac.uk/europepmc/webservices/rest/PMC10360382/fullTextXML	
37622108	PMC10446491	Zilucoplan, a macrocyclic peptide inhibitor of human complement component 5, uses a dual mode of action to prevent terminal complement pathway activation.	10.3389/fimmu.2023.1213920	1	Y	Y	retrieved	5	0	49	https://www.ebi.ac.uk/europepmc/webservices/rest/PMC10446491/fullTextXML	005b6d9e0bc3d89c71eb815627fc721a00e4e035cb383ffb84854697ebb8e300
37704610	PMC10500007	De novo design of highly selective miniprotein inhibitors of integrins αvβ6 and αvβ8.	10.1038/s41467-023-41272-z	1	Y	Y	retrieved	6	6	112	https://www.ebi.ac.uk/europepmc/webservices/rest/PMC10500007/fullTextXML	a47719fdf7ccbec344776c2e6cec8c657e7b5df58af108e1d1b878499982a0d7
37875551	PMC10598214	SaLT&PepPr is an interface-predicting language model for designing peptide-guided protein degraders.	10.1038/s42003-023-05464-z	1	Y	Y	retrieved	10	7	47	https://www.ebi.ac.uk/europepmc/webservices/rest/PMC10598214/fullTextXML	43c18d070a14ac0ec51bc41724c83f90bd16e323731bac4a27b3e96cbce9b782
38032933	PMC10710080	In silico evolution of autoinhibitory domains for a PD-L1 antagonist using deep learning models.	10.1073/pnas.2307371120	1	Y	Y	retrieved	4	0	62	https://www.ebi.ac.uk/europepmc/webservices/rest/PMC10710080/fullTextXML	94074cb7d0b4916b4a3bf51aad1127198721d232bb7fb90350427798f9917bb3
38503834	PMC11288891	Design of amyloidogenic peptide traps.	10.1038/s41589-024-01578-5	1	Y	Y	retrieved	2	8	132	https://www.ebi.ac.uk/europepmc/webservices/rest/PMC11288891/fullTextXML	95ac5744e39516b6ed6ab03ba5fa24a4dbf57b17803b44c2788e76293c8cf8a0
38799672	PMC11117309	HelixDiff, a Score-Based Diffusion Model for Generating All-Atom α-Helical Structures.	10.1021/acscentsci.3c01488	1	Y	Y	retrieved	0	1	50	https://www.ebi.ac.uk/europepmc/webservices/rest/PMC11117309/fullTextXML	dde613999e2c2cb88648f32e834eac699cb147c8285b35ebf377d0b0e63e67af
38842931	PMC11215725	A Potent Sybody Selectively Inhibits α-Synuclein Amyloid Formation by Binding to the P1 Region.	10.1021/acs.jmedchem.3c02408	1	Y	Y	retrieved	0	0	54	https://www.ebi.ac.uk/europepmc/webservices/rest/PMC11215725/fullTextXML	1b34b2f86debaa05956d43d26d1fa6c23e9c09ee8e3852472e9450a751d0f9d5
38926478	PMC11489758	Structural insights into somatostatin receptor 5 bound with cyclic peptides.	10.1038/s41401-024-01314-8	1	N	Y	http_500	0	0	0	https://www.ebi.ac.uk/europepmc/webservices/rest/PMC11489758/fullTextXML	
38936360	PMC11316638	Preclinical proof of principle for orally delivered Th17 antagonist miniproteins.	10.1016/j.cell.2024.05.052	1	N	Y	http_500	0	0	0	https://www.ebi.ac.uk/europepmc/webservices/rest/PMC11316638/fullTextXML	
39012010	PMC11250529	Miniprotein engineering for inhibition of PD-1/PD-L1 interaction.	10.1002/pro.5106	1	N	Y	http_500	0	0	0	https://www.ebi.ac.uk/europepmc/webservices/rest/PMC11250529/fullTextXML	
39152100	PMC11329760	De novo design of miniprotein antagonists of cytokine storm inducers.	10.1038/s41467-024-50919-4	1	Y	Y	retrieved	7	3	64	https://www.ebi.ac.uk/europepmc/webservices/rest/PMC11329760/fullTextXML	b6e27c0cc24f38ef6c09e1e9209725807ce180f0f865d2b8b4417680afe49656
39322662	PMC11839401	Designed endocytosis-inducing proteins degrade targets and amplify signals.	10.1038/s41586-024-07948-2	1	Y	Y	retrieved	12	4	102	https://www.ebi.ac.uk/europepmc/webservices/rest/PMC11839401/fullTextXML	815c7116599cea5964b3b8f9923c46b254715991a8ac4d01227fd62ffd4ba130
39361640	PMC11474030	Selective ligand recognition and activation of somatostatin receptors SSTR1 and SSTR3.	10.1073/pnas.2400298121	1	Y	Y	retrieved	1	6	35	https://www.ebi.ac.uk/europepmc/webservices/rest/PMC11474030/fullTextXML	d2aa9f1c5ca7f5aa73ed0fc5de36a7853bc6f84f570356cf4162b5088eaf7ed1
39420062		Targeting overexpressed antigens in glioblastoma via CAR T cells with computationally designed high-affinity protein binders.	10.1038/s41551-024-01258-8	1	N	N	not_available	0	0	0		
39636970	PMC12416549	Target-conditioned diffusion generates potent TNFR superfamily antagonists and agonists.	10.1126/science.adp1779	1	Y	Y	retrieved	2	2	25	https://www.ebi.ac.uk/europepmc/webservices/rest/PMC12416549/fullTextXML	bd54d8b99ecbe911fc9cbf8fb4fa9a4836860b0c86361a4a17e17b944df7890c
39743082		Design of minibinder proteins specific to TNFR1.	10.1016/j.ijbiomac.2024.139403	1	N	N	not_available	0	0	0		
39841846	PMC11753435	De novo design of peptide binders to conformationally diverse targets with contrastive language modeling.	10.1126/sciadv.adr8638	1	Y	Y	retrieved	4	0	47	https://www.ebi.ac.uk/europepmc/webservices/rest/PMC11753435/fullTextXML	0accdb85e18ce997edca687a9e1c333b64ad4d671150accde5f12b3ed85a8255
39890776	PMC11785957	De novo design of protein minibinder agonists of TLR3.	10.1038/s41467-025-56369-w	1	Y	Y	retrieved	0	7	54	https://www.ebi.ac.uk/europepmc/webservices/rest/PMC11785957/fullTextXML	c8660cb2e09a3832d2564180a04c0f9be84692e2410888b754effd32cc3facb8
39922190	PMC11928274	De novo designed Hsp70 activator dissolves intracellular condensates.	10.1016/j.chembiol.2025.01.006	1	Y	Y	retrieved	0	4	77	https://www.ebi.ac.uk/europepmc/webservices/rest/PMC11928274/fullTextXML	d1c9647eb033d9cfef3647d40f05a6717343c3ba4877402b9471fdaf8c14f8d6
40223692		&lt;i&gt;De Novo&lt;/i&gt; Design of Cyclic Peptide Binders Based on Fragment Docking and Assembling.	10.1021/acs.jcim.5c00088	1	N	N	not_available	0	0	0		
40243822	PMC11988805	The Potential of Peptide-Based Inhibitors in Disrupting Protein-Protein Interactions for Targeted Cancer Therapy.	10.3390/ijms26073117	1	Y	N	retrieved	5	2	83	https://www.ebi.ac.uk/europepmc/webservices/rest/PMC11988805/fullTextXML	898bcf6830fd0ac425e217bb2b50644aac2a29108a5a1de4ef4cadf499ec55ea
40272315	PMC12207370	Macrocyclic Peptide Probes for Immunomodulatory Protein CD59: Potent Modulators of Bacterial Toxin Activity and Antibody-Dependent Cytotoxicity.	10.1002/anie.202422673	1	Y	Y	retrieved	5	2	27	https://www.ebi.ac.uk/europepmc/webservices/rest/PMC12207370/fullTextXML	1b203b1e53d81de049a666c84e8b8eb7703ec132cded2722d56e6ea58f95386b
40429825	PMC12112719	Efficient Design of Affilin&lt;sup&gt;®&lt;/sup&gt; Protein Binders for HER3.	10.3390/ijms26104683	1	Y	Y	retrieved	1	0	107	https://www.ebi.ac.uk/europepmc/webservices/rest/PMC12112719/fullTextXML	a536c485df250e049156dee33607ebf5e13dc2eabaeaa64f5029541d2c502006
40483936		Design and discovery of novel cyclic peptides as TSP1-CD36 interaction inhibitors for intestinal fibrosis treatment.	10.1016/j.bioorg.2025.108667	1	N	N	not_available	0	0	0		
