source	feature	feature_type	in_n	out_n	in_summary	out_summary	effect	effect_kind	effect_ci_lo	effect_ci_hi	aux_effect	aux_effect_kind	aux_effect_ci_lo	aux_effect_ci_hi	p_value	q_value
uniprot	up_has_signal	binary	3091	919	0.4218699450016176	0.2219804134929271	0.19988953150869052	prop_diff			0.9374154535222695	log_or	0.7663936054086333	1.1084373016359057	2.0818389904439042e-29	8.870444394065332e-29
uniprot	up_has_tm	binary	3091	919	0.9595600129407958	0.2546245919477693	0.7049354209930265	prop_diff			4.235525238242895	log_or	4.003379751901803	4.467670724583987	0.0	0.0
uniprot	up_multi_pass	binary	3091	919	0.5406017470074409	0.1719260065288357	0.3686757404786052	prop_diff			1.732248083583792	log_or	1.5470868057257463	1.9174093614418375	4.787648485978012e-93	4.398652046492298e-92
uniprot	up_has_extracellular_topo	binary	3091	919	0.9411193788417987	0.009793253536452665	0.9313261253053461	prop_diff			7.331688451635346	log_or	6.675206620268656	7.988170283002035	0.0	0.0
uniprot	up_has_glyc	binary	3091	919	0.7965059851180848	0.2916213275299238	0.5048846575881609	prop_diff			2.2504330021778225	log_or	2.083499353150313	2.417366651205332	1.2017046908571826e-173	2.0782422300706572e-172
uniprot	up_has_lipidation	binary	3091	919	0.06017470074409576	0.2720348204570185	-0.21186011971292273	prop_diff			-1.7628572878249824	log_or	-1.9702079942987831	-1.5555065813511817	6.692884539961104e-62	4.3726845661079214e-61
uniprot	deeptm_TM_NO_SP	binary	1934	411	0.4301964839710445	0.4257907542579075	0.004405729713136963	prop_diff			0.01740677955966495	log_or	-0.1976094743968158	0.23242303351614574	0.9126370937402346	0.9900933784488155
uniprot	deeptm_SP_plus_TM	binary	1934	411	0.56153050672182	0.2725060827250608	0.2890244239967592	prop_diff			1.2264079109332324	log_or	0.9918070948428879	1.461008727023577	4.9405881909032056e-27	1.9367105708340567e-26
uniprot	deeptm_SP_only	binary	1934	411	0.0077559462254395035	0.2846715328467153	-0.2769155866212758	prop_diff			-3.900139321008224	log_or	-4.443817043623387	-3.356461598393061	1.7510721878493306e-77	1.3913924952100087e-76
uniprot	deeptm_BETA	binary	1934	411	0.0	0.0024330900243309003	-0.0024330900243309003	prop_diff			-2.6488405339161942	log_or	-5.851278799719861	0.5535977318874719	0.17526652452025587	0.23003731343283582
uniprot	deeptm_GLOB	binary	1934	411	0.000517063081695967	0.014598540145985401	-0.014081477064289433	prop_diff			-3.028303306285311	log_or	-4.80693835896243	-1.2496682536081924	0.00016764040185346474	0.0003099765921064065
uniprot	topo_gpi_anchored	binary	3091	919	0.00517631834357813	0.13492927094668117	-0.12975295260310304	prop_diff			-3.3731972558688086	log_or	-3.8925802831996017	-2.8538142285380155	5.8877007801968534e-64	3.9340546122224426e-63
uniprot	topo_intramembrane	binary	3091	919	0.0	0.0	0.0	prop_diff			-1.2125816449542477	log_or	-5.1332729814165	2.708109691508004	1.0	1.0
uniprot	topo_gpcr_7tm	binary	3091	919	0.2607570365577483	0.003264417845484222	0.2574926187122641	prop_diff			4.526162898577856	log_or	3.4734351302279585	5.578890666927753	8.28301040276943e-98	8.397258822117974e-97
uniprot	topo_multi_pass_tm	binary	3091	919	0.27984471044969267	0.16866158868335146	0.11118312176634121	prop_diff			0.6476975436043351	log_or	0.45824096330579484	0.8371541239028752	3.0730583088714027e-12	8.523388139699929e-12
uniprot	topo_single_pass_tm	binary	3091	919	0.417987706243934	0.08161044613710555	0.33637726010682845	prop_diff			2.0836815588563744	log_or	1.8376365981539082	2.3297265195588404	5.328669626891274e-94	5.05364151711624e-93
uniprot	topo_signal_only_secreted	binary	3091	919	0.013911355548366224	0.04570184983677911	-0.03179049428841288	prop_diff			-1.2220711278435827	log_or	-1.6514209670029032	-0.7927212886842623	6.535560742620339e-08	1.5879792217606443e-07
uniprot	topo_inner_leaflet_lipidated	binary	3091	919	0.0019411193788417987	0.09793253536452666	-0.09599141598568486	prop_diff			-3.9471935619349114	log_or	-4.74678112840486	-3.147605995464962	1.7799798784016385e-51	1.0902376755210034e-50
uniprot	topo_palmitoylated_only	binary	3091	919	0.0012940795858945326	0.04570184983677911	-0.044407770250884576	prop_diff			-3.5034667047503087	log_or	-4.477993057281144	-2.528940352219473	3.9605406622663355e-23	1.3861892317932175e-22
uniprot	topo_no_tm_no_signal	binary	3091	919	0.019087673891944355	0.42219804134929273	-0.40311036745734835	prop_diff			-3.6177563002923208	log_or	-3.9057626360791735	-3.329749964505468	4.582154091000521e-212	9.622523591101094e-211
uniprot	fam_gpcr	binary	2773	2683	0.04579877389109268	0.0	0.04579877389109268	prop_diff			5.555147445477267	log_or	2.7773401561048328	8.332954734849702	1.1137148242922598e-38	5.744423830560078e-38
uniprot	fam_olfactory_receptor	binary	2773	2683	0.14605120807789398	0.0011181513231457323	0.14493305675474824	prop_diff			4.876104405963885	log_or	3.8224778799091492	5.929730932018622	3.799685377040161e-120	4.4684300033992296e-119
uniprot	fam_slc_transporter	binary	2773	2683	0.09448250991705734	0.035780842340663435	0.058701667576393904	prop_diff			1.0305200480702634	log_or	0.7908154939990977	1.2702246021414292	6.082067100125908e-19	1.943617095040236e-18
uniprot	fam_abc_transporter	binary	2773	2683	0.008294266137756943	0.005218039508013418	0.003076226629743525	prop_diff			0.45296024734831275	log_or	-0.20373300977994901	1.1096535044765745	0.18847145280489278	0.2440995908574382
uniprot	fam_cd_molecule	binary	2773	2683	0.1272989542012261	0.013045098770033545	0.11425385543119257	prop_diff			2.3883701004600897	log_or	2.0389148061154443	2.737825394804735	2.1498073591721967e-69	1.4698682874340136e-68
uniprot	fam_ig_domain	binary	2773	2683	0.0421925712225027	0.007454342154304882	0.03473822906819782	prop_diff			1.7486450279059071	log_or	1.276439547114234	2.22085050869758	9.268684104322155e-18	2.9301001362050686e-17
uniprot	fam_rtk	binary	2773	2683	0.01839163360980887	0.0014908684308609765	0.016900765178947896	prop_diff			2.4215840450212056	log_or	1.456634398677892	3.3865336913645194	2.2024074738731267e-11	5.995442567765734e-11
uniprot	fam_tetraspanin	binary	2773	2683	0.01009736747205193	0.0018635855385762206	0.008233781933475709	prop_diff			1.6204497236382673	log_or	0.706065132549548	2.5348343147269867	6.76314645739539e-05	0.00013081349068909504
uniprot	fam_cadherin	binary	2773	2683	0.03606202668589975	0.0003727171077152441	0.03568930957818451	prop_diff			4.208053339507034	log_or	2.5949319686514634	5.8211747103626035	8.769150840761792e-29	3.5316854071013244e-28
uniprot	fam_integrin	binary	2773	2683	0.0	0.0	0.0	prop_diff			-0.03298814787840565	log_or	-3.9533474008455243	3.887371105088713	1.0	1.0
uniprot	fam_voltage_gated_channel	binary	2773	2683	0.023800937612693834	0.007081625046589639	0.016719312566104195	prop_diff			1.2107782049537987	log_or	0.7032014184509164	1.718354991456681	4.684684966248056e-07	1.0760135781851003e-06
uniprot	fam_ligand_gated_channel	binary	2773	2683	0.0	0.0	0.0	prop_diff			-0.03298814787840565	log_or	-3.9533474008455243	3.887371105088713	1.0	1.0
uniprot	fam_connexin	binary	2773	2683	0.007573025604038947	0.0	0.007573025604038947	prop_diff			3.735812438713611	log_or	0.9314040680083089	6.540220809418913	9.70762074853996e-07	2.1621518939929912e-06
uniprot	fam_claudin	binary	2773	2683	0.008294266137756943	0.0	0.008294266137756943	prop_diff			3.8254868010114293	log_or	1.0237907798140715	6.627182822208788	2.435175714748498e-07	5.682076667746496e-07
uniprot	fam_mhc_hla	binary	2773	2683	0.009376126938333935	0.004099888184867686	0.005276238753466249	prop_diff			0.8071206542443959	log_or	0.11296369521038074	1.5012776132784111	0.020272890283234226	0.030254973316095748
uniprot	fam_tnfrsf	binary	2773	2683	0.009376126938333935	0.0011181513231457323	0.008257975615188203	prop_diff			1.9996937014866245	log_or	0.8837199474267163	3.1156674555465327	1.556622134455215e-05	3.2003280246841485e-05
uniprot	fam_chemokine_ligand	binary	2773	2683	0.000721240533717995	0.0022363026462914647	-0.0015150621125734698	prop_diff			-0.9900166115653919	log_or	-2.4496317198945237	0.46959849676373966	0.17260476921376025	0.22755965089168392
uniprot	fam_chemokine_receptor	binary	2773	2683	0.00865488640461594	0.0003727171077152441	0.008282169296900696	prop_diff			2.768538127999501	log_or	1.1190848964460893	4.4179913595529126	1.5829983262771335e-06	3.473145581533412e-06
uniprot	fam_ras_gtpase	binary	2773	2683	0.0003606202668589975	0.009317927692881103	-0.008957307426022106	prop_diff			-2.875200730336345	log_or	-4.522789356512651	-1.2276121041600392	2.771597248438934e-07	6.416138512134225e-07
uniprot	fam_rho_gtpase	binary	2773	2683	0.0	0.002981736861721953	-0.002981736861721953	prop_diff			-2.869187125800146	log_or	-5.721900552348973	-0.016473699251318585	0.0034014471972528587	0.00540554311347211
uniprot	fam_arf_gtpase	binary	2773	2683	0.0	0.003727171077152441	-0.003727171077152441	prop_diff			-3.0812440228299263	log_or	-5.91882903365031	-0.24365901200954232	0.0008198878462780515	0.0013933354150621221
uniprot	fam_src_kinase	binary	2773	2683	0.0	0.002609019754006709	-0.002609019754006709	prop_diff			-2.743650290764063	log_or	-5.60690608613157	0.11960550460344344	0.006926190499936781	0.010717368457796913
uniprot	fam_g_protein_subunit	binary	2773	2683	0.0003606202668589975	0.012299664554603056	-0.011939044287744059	prop_diff			-3.151081469519518	log_or	-4.787717131203851	-1.5144458078351846	1.1786647359653333e-09	3.0666144457859116e-09
uniprot	schweke_homomer	binary	3087	3214	0.17881438289601556	0.194150591163659	-0.015336208267643425	prop_diff			-0.10103784515395525	log_or	-0.22793420261491465	0.025858512307004144	0.12065541662386021	0.16197576478271644
uniprot	up_length	continuous	3091	919	445.0	473.0	0.012517650140162706	cliffs_delta			-3.382136843635749	mean_diff			0.5639587974342708	0.6527712064790377
uniprot	up_tm_count	continuous	3091	919	4.0	0.0	0.6864328287854555	cliffs_delta			3.1044539783266316	mean_diff			3.7858299854731482e-233	1.2367044619212283e-231
uniprot	up_glyc_count	continuous	3091	919	2.0	0.0	0.5078846973680828	cliffs_delta			1.6149930173915705	mean_diff			7.525688715410234e-127	9.61979340143743e-126
uniprot	up_lipidation_count	continuous	3091	919	0.0	0.0	-0.20984225676777923	cliffs_delta			-0.2856747572456664	mean_diff			9.52178276192022e-72	6.9985103300113626e-71
uniprot	up_topo_extracellular_count	continuous	3091	919	2.0	0.0	0.9331151656904157	cliffs_delta			2.488986770183646	mean_diff			0.0	0.0
go	up_has_signal	binary	1599	2411	0.43277048155096937	0.33844877644131066	0.0943217051096587	prop_diff			0.3995302052302661	log_or	0.26955583498177516	0.5295045754787571	1.9920394238871868e-09	5.09269209237246e-09
go	up_has_tm	binary	1599	2411	0.7235772357723578	0.8473662380754874	-0.12378900230312961	prop_diff			-0.7514012698625357	log_or	-0.9073029594148971	-0.5954995803101744	3.1634596377275836e-21	1.0568831062408064e-20
go	up_multi_pass	binary	1599	2411	0.34834271419637275	0.5275819162173372	-0.17923920202096444	prop_diff			-0.7363083500776215	log_or	-0.8665619206269826	-0.6060547795282605	3.9543511640951916e-29	1.6374355524563188e-28
go	up_has_extracellular_topo	binary	1599	2411	0.6529080675422139	0.7772708419742845	-0.12436277443207067	prop_diff			-0.617743504257213	log_or	-0.7584206744473437	-0.4770663340670823	9.613574454487469e-18	3.006798818743953e-17
go	up_has_glyc	binary	1599	2411	0.651031894934334	0.7005391953546246	-0.04950730042029061	prop_diff			-0.2263078439759861	log_or	-0.36105892100288445	-0.09155676694908776	0.0010180128048772126	0.0017102615121937172
go	up_has_lipidation	binary	1599	2411	0.13070669168230145	0.0941518042306097	0.03655488745169175	prop_diff			0.3692970756886584	log_or	0.169936935101247	0.5686572162760698	0.00034238743011753446	0.0005991780027056853
go	deeptm_TM_NO_SP	binary	964	1381	0.3682572614107884	0.4721216509775525	-0.10386438956676408	prop_diff			-0.42756547091203884	log_or	-0.5956804372413345	-0.25945050458274316	5.609194283709541e-07	1.2588573430615307e-06
go	deeptm_SP_plus_TM	binary	964	1381	0.5643153526970954	0.47356987690079655	0.09074547579629888	prop_diff			0.3641658766557054	log_or	0.19881431378572487	0.5295174395256859	1.535088649027359e-05	3.178282132493265e-05
go	deeptm_SP_only	binary	964	1381	0.06535269709543569	0.0499637943519189	0.015388902743516786	prop_diff			0.28534210515030634	log_or	-0.0653154678178614	0.635999678118474	0.12171425651093942	0.1626545064282554
go	deeptm_BETA	binary	964	1381	0.0	0.000724112961622013	-0.000724112961622013	prop_diff			-0.7400210896436844	log_or	-3.941744441669505	2.461702262382136	1.0	1.0
go	deeptm_GLOB	binary	964	1381	0.002074688796680498	0.003620564808110065	-0.0015458760114295672	prop_diff			-0.43069210194354746	log_or	-1.9279879465746068	1.066603742687512	0.7070958267398246	0.7874476252329865
go	topo_gpi_anchored	binary	1599	2411	0.04252657911194497	0.02986312733305682	0.012663451778888148	prop_diff			0.36693676744099146	log_or	0.0304552838971493	0.7034182509848337	0.035002763307249815	0.05094461590263092
go	topo_intramembrane	binary	1599	2411	0.0	0.0	0.0	prop_diff			0.41055788011945393	log_or	-3.509951625535233	4.331067385774141	1.0	1.0
go	topo_gpcr_7tm	binary	1599	2411	0.05128205128205128	0.3015346329323932	-0.2502525816503419	prop_diff			-2.072411165792058	log_or	-2.310439501221523	-1.834382830362593	5.596219707766342e-96	5.4842953136110154e-95
go	topo_multi_pass_tm	binary	1599	2411	0.2970606629143214	0.226047283284944	0.07101337962937743	prop_diff			0.3693906036675876	log_or	0.22587796033850494	0.5129032469966702	5.589701975533569e-07	1.2588573430615307e-06
go	topo_single_pass_tm	binary	1599	2411	0.37273295809881174	0.31978432185815014	0.052948636240661595	prop_diff			0.2342497538995188	log_or	0.1016241459692965	0.3668753618297411	0.0005882509775917272	0.0010054987640230686
go	topo_signal_only_secreted	binary	1599	2411	0.025015634771732333	0.018664454583160513	0.006351180188571819	prop_diff			0.3006364614540334	log_or	-0.1275828391895963	0.728855762097663	0.18008996021085139	0.23531754800884583
go	topo_inner_leaflet_lipidated	binary	1599	2411	0.03314571607254534	0.01783492326835338	0.015310792804191963	prop_diff			0.6331832460460046	log_or	0.22793731237000037	1.0384291797220089	0.0021723544453348207	0.003528575728886394
go	topo_palmitoylated_only	binary	1599	2411	0.015634771732332707	0.008710078805474907	0.0069246929268578	prop_diff			0.5881903045558421	log_or	0.010802251634724147	1.16557835747696	0.04916383737574833	0.06949119321379812
go	topo_no_tm_no_signal	binary	1599	2411	0.16260162601626016	0.07756117793446703	0.08504044808179313	prop_diff			0.8360597770443892	log_or	0.636484117309379	1.0356354367793994	1.8077666279529776e-16	5.479210191939952e-16
go	fam_gpcr	binary	1811	3645	0.013252346769740474	0.028257887517146776	-0.015005540747406301	prop_diff			-0.7568837981580697	log_or	-1.200900112007104	-0.3128674843090355	0.00038448390745663417	0.0006688654958121328
go	fam_olfactory_receptor	binary	1811	3645	0.0005521811154058532	0.11165980795610425	-0.1111076268406984	prop_diff			-5.023068615155477	log_or	-6.627375935751126	-3.418761294559828	4.754163044618936e-73	3.5839075259435054e-72
go	fam_slc_transporter	binary	1811	3645	0.09000552181115405	0.053497942386831275	0.03650757942432278	prop_diff			0.5599059754607584	log_or	0.3440591335377134	0.7757528173838033	5.302632878671129e-07	1.2085070281622572e-06
go	fam_abc_transporter	binary	1811	3645	0.013804527885146328	0.0032921810699588477	0.01051234681518748	prop_diff			1.4228877804493512	log_or	0.7437805703268265	2.1019949905718756	2.480085185065062e-05	4.960170370130124e-05
go	fam_cd_molecule	binary	1811	3645	0.1424627277747101	0.03566529492455418	0.10679743285015593	prop_diff			1.5001937799918497	log_or	1.2814146719876072	1.7189728879960922	4.8820416542614e-44	2.8143534242212774e-43
go	fam_ig_domain	binary	1811	3645	0.04362230811706239	0.015912208504801097	0.027710099612261296	prop_diff			1.0346203964262937	log_or	0.6921607759559982	1.377080016896589	3.2663878474584045e-09	8.278603682351473e-09
go	fam_rtk	binary	1811	3645	0.00883489784649365	0.010699588477366255	-0.0018646906308726046	prop_diff			-0.17548605272295154	log_or	-0.7527942006233019	0.4018220951773989	0.5674416301328572	0.6542268206237648
go	fam_tetraspanin	binary	1811	3645	0.004417448923246825	0.006858710562414266	-0.0024412616391674405	prop_diff			-0.4017293721828279	log_or	-1.1800577546031175	0.3765990102374618	0.3543996473610769	0.42702252591867457
go	fam_cadherin	binary	1811	3645	0.015461071231363888	0.020027434842249656	-0.004566363610885768	prop_diff			-0.2526934139391099	log_or	-0.6889146209478543	0.18352779306963451	0.2860164859413147	0.35782488028402776
go	fam_integrin	binary	1811	3645	0.0	0.0	0.0	prop_diff			0.699338298911353	log_or	-3.2210665865337393	4.619743184356445	1.0	1.0
go	fam_voltage_gated_channel	binary	1811	3645	0.0447266703478741	0.0010973936899862826	0.043629276657887815	prop_diff			3.640510924053114	log_or	2.6896692066649077	4.59135264144132	2.072707172774758e-34	9.989768996652112e-34
go	fam_ligand_gated_channel	binary	1811	3645	0.0	0.0	0.0	prop_diff			0.699338298911353	log_or	-3.2210665865337393	4.619743184356445	1.0	1.0
go	fam_connexin	binary	1811	3645	0.011595803423522915	0.0	0.011595803423522915	prop_diff			4.47219873550156	log_or	1.6677240238931526	7.276673447109967	8.093039879957091e-11	2.1828933254196192e-10
go	fam_claudin	binary	1811	3645	0.0016565433462175593	0.0054869684499314125	-0.003830425103713853	prop_diff			-1.0721674802294998	log_or	-2.2071471799781945	0.06281221951919491	0.044840873022976555	0.0639961974211413
go	fam_mhc_hla	binary	1811	3645	0.015461071231363888	0.0024691358024691358	0.012991935428894753	prop_diff			1.811056243463759	log_or	1.0745901565809164	2.5475223303466015	1.364683794048546e-07	3.26192711748189e-07
go	fam_tnfrsf	binary	1811	3645	0.007730535615681944	0.00411522633744856	0.003615309278233384	prop_diff			0.6362821947264274	log_or	-0.08203419039093218	1.354598579843787	0.11168982933843777	0.15062756800688396
go	fam_chemokine_ligand	binary	1811	3645	0.0011043622308117063	0.0016460905349794238	-0.0005417283041677175	prop_diff			-0.2567156994729209	log_or	-1.7164533237154502	1.2030219247696083	1.0	1.0
go	fam_chemokine_receptor	binary	1811	3645	0.012147984538928768	0.0008230452674897119	0.011324939271439056	prop_diff			2.571486348578286	log_or	1.4438608864059397	3.6991118107506322	1.9731546532060426e-08	4.8748526726266937e-08
go	fam_ras_gtpase	binary	1811	3645	0.00717835450027609	0.0035665294924554186	0.0036118250078206716	prop_diff			0.7029681323087593	log_or	-0.05354987263982858	1.4594861372573473	0.0926183424198244	0.12724202182910455
go	fam_rho_gtpase	binary	1811	3645	0.0027609055770292656	0.0008230452674897119	0.0019378603095395537	prop_diff			1.1532641112247222	log_or	-0.18809860279880497	2.4946268252482495	0.12593654654904163	0.16745949545210168
go	fam_arf_gtpase	binary	1811	3645	0.0027609055770292656	0.0013717421124828531	0.0013891634645464125	prop_diff			0.7007297632470709	log_or	-0.48253995970258756	1.8839994861967293	0.31555806829957567	0.38494831261810725
go	fam_src_kinase	binary	1811	3645	0.0027609055770292656	0.0005486968449931413	0.0022122087320361242	prop_diff			1.4900108468869122	log_or	-0.006081944723642652	2.9861036384974673	0.04435830617929367	0.063616302520548
go	fam_g_protein_subunit	binary	1811	3645	0.018774157923799006	0.0	0.018774157923799006	prop_diff			4.9523921521663485	log_or	2.1599441661372802	7.744840138195417	4.215758387397e-17	1.304666279889177e-16
go	schweke_homomer	binary	1992	4309	0.2359437751004016	0.16384311905314458	0.07210065604725702	prop_diff			0.45502463168129575	log_or	0.32390738334445346	0.586141880018138	1.7479869447226697e-11	4.802880016340794e-11
go	up_length	continuous	1599	2411	533.0	393.0	0.18309167202956855	cliffs_delta			143.63259129448647	mean_diff			8.224480548452547e-23	2.844702683817704e-22
go	up_tm_count	continuous	1599	2411	1.0	3.0	-0.20806917637501043	cliffs_delta			-0.8361670465442805	mean_diff			1.1392552297299802e-30	5.166391590077836e-30
go	up_glyc_count	continuous	1599	2411	2.0	1.0	0.06547876122286089	cliffs_delta			0.7521042418413209	mean_diff			0.0003201744427004215	0.000563660396131281
go	up_lipidation_count	continuous	1599	2411	0.0	0.0	0.037997618275005474	cliffs_delta			0.07221850861267759	mean_diff			0.00015778051800529905	0.0002935915967946704
go	up_topo_extracellular_count	continuous	1599	2411	1.0	1.0	-0.2021688171448922	cliffs_delta			-0.49210765023452807	mean_diff			1.8029631220760512e-29	7.795164086622927e-29
hpa	up_has_signal	binary	1121	2889	0.37823371989295274	0.3752163378331603	0.0030173820597924617	prop_diff			0.013128002506464589	log_or	-0.1290949709789284	0.15535097599185757	0.884489197132461	0.9666907953789722
hpa	up_has_tm	binary	1121	2889	0.687778768956289	0.8407753547940464	-0.15299658583775744	prop_diff			-0.8741519328220254	log_or	-1.0349723313115846	-0.7133315343324663	9.191687767354657e-26	3.3779452545028364e-25
hpa	up_multi_pass	binary	1121	2889	0.3345227475468332	0.503288335064036	-0.16876558751720283	prop_diff			-0.7002861241491933	log_or	-0.8441405567559187	-0.556431691542468	3.6306914062491384e-22	1.2411898528340077e-21
hpa	up_has_extracellular_topo	binary	1121	2889	0.6226583407671722	0.7684319833852544	-0.14577364261808223	prop_diff			-0.6985748449960223	log_or	-0.8470300027853925	-0.550119687206652	8.940973792068005e-20	2.9207181054088817e-19
hpa	up_has_glyc	binary	1121	2889	0.592328278322926	0.7151263412945656	-0.12279806297163964	prop_diff			-0.546790090896368	log_or	-0.6906722787744481	-0.4029079030182879	1.5724494423587755e-13	4.5323542750341177e-13
hpa	up_has_lipidation	binary	1121	2889	0.13826940231935772	0.09726548978885427	0.04100391253050345	prop_diff			0.39936260785360556	log_or	0.19008004083335647	0.6086451748738546	0.0002355565555792221	0.00042227821548958104
hpa	deeptm_TM_NO_SP	binary	655	1690	0.39541984732824426	0.44260355029585796	-0.047183702967613705	prop_diff			-0.1934546230064766	log_or	-0.3770329350721302	-0.009876310940822947	0.04078387511243477	0.05877676119145011
hpa	deeptm_SP_plus_TM	binary	655	1690	0.5511450381679389	0.4952662721893491	0.05587876597858982	prop_diff			0.2239073170424517	log_or	0.04291202486939388	0.4049026092155095	0.016638801634970977	0.025215503508667355
hpa	deeptm_SP_only	binary	655	1690	0.051908396946564885	0.05798816568047337	-0.006079768733908489	prop_diff			-0.10817274764517647	log_or	-0.5068520951615106	0.29050659987115773	0.618255794610995	0.6991046292908943
hpa	deeptm_BETA	binary	655	1690	0.0	0.000591715976331361	-0.000591715976331361	prop_diff			-0.15182268571751953	log_or	-3.3537597619169346	3.050114390481896	1.0	1.0
hpa	deeptm_GLOB	binary	655	1690	0.0015267175572519084	0.0035502958579881655	-0.002023578300736257	prop_diff			-0.5209845912967741	log_or	-2.2986887646697562	1.256719582076208	0.6809985436557104	0.7612683339725432
hpa	topo_gpi_anchored	binary	1121	2889	0.030330062444246207	0.036690896503980615	-0.006360834059734408	prop_diff			-0.18735801645144243	log_or	-0.5776588296882676	0.20294279678538282	0.3881325345411614	0.4582769684943834
hpa	topo_intramembrane	binary	1121	2889	0.0	0.0	0.0	prop_diff			0.9464164017975697	log_or	-2.9741900456501207	4.86702284924526	1.0	1.0
hpa	topo_gpcr_7tm	binary	1121	2889	0.09812667261373774	0.24195223260643822	-0.14382555999270047	prop_diff			-1.0726548225015755	log_or	-1.2866856903399628	-0.8586239546631882	7.684408007617177e-27	2.9726525713676975e-26
hpa	topo_multi_pass_tm	binary	1121	2889	0.23639607493309545	0.2613361024575978	-0.02494002752450236	prop_diff			-0.1326315525969586	log_or	-0.2933771404619996	0.028114035268082344	0.10620717947616409	0.14389359799996423
hpa	topo_single_pass_tm	binary	1121	2889	0.35057983942908116	0.33714087919695396	0.013438960232127206	prop_diff			0.05990288741528657	log_or	-0.08495429128627621	0.20476006611684935	0.435720896319715	0.5124077740719848
hpa	topo_signal_only_secreted	binary	1121	2889	0.010704727921498661	0.025268258913118725	-0.014563530991620064	prop_diff			-0.8399712459484154	log_or	-1.4436442448469309	-0.2362982470499	0.0031711610520866124	0.005066963854964478
hpa	topo_inner_leaflet_lipidated	binary	1121	2889	0.04103479036574487	0.017307026652821047	0.023727763712923827	prop_diff			0.888321286921699	log_or	0.48383250441368986	1.292810069429708	2.6593084635883393e-05	5.282680326317376e-05
hpa	topo_palmitoylated_only	binary	1121	2889	0.019625334522747548	0.008307372793354102	0.011317961729393446	prop_diff			0.8727295156566693	log_or	0.2962120673465162	1.4492469639668224	0.004377171290384448	0.006918754620285096
hpa	topo_no_tm_no_signal	binary	1121	2889	0.21320249776984834	0.07199723087573555	0.14120526689411278	prop_diff			1.249987205227642	log_or	1.0493613286212509	1.450613081834033	1.1133943073656835e-33	5.279643973637273e-33
hpa	fam_gpcr	binary	1710	3746	0.018128654970760234	0.02562733582487987	-0.007498680854119637	prop_diff			-0.3431874480695599	log_or	-0.7495180750207454	0.06314317888162557	0.09965127119828127	0.13563645246432726
hpa	fam_olfactory_receptor	binary	1710	3746	0.004093567251461989	0.10704751735184197	-0.10295395010037998	prop_diff			-3.3053733117227013	log_or	-4.0300697056968495	-2.580676917748553	6.603360459206665e-58	4.2204086413190423e-57
hpa	fam_slc_transporter	binary	1710	3746	0.05730994152046784	0.06940736785904965	-0.01209742633858181	prop_diff			-0.20143371502424054	log_or	-0.44066640043777355	0.037798970389292474	0.09896260605446612	0.13532561013959554
hpa	fam_abc_transporter	binary	1710	3746	0.00760233918128655	0.006406833956219968	0.001195505225066582	prop_diff			0.1892554730190154	log_or	-0.4775713788501446	0.8560823248881755	0.5980123683805726	0.6841075342563748
hpa	fam_cd_molecule	binary	1710	3746	0.08304093567251462	0.06567004805125468	0.017370887621259948	prop_diff			0.25476607301247983	log_or	0.04008062196568085	0.4694515240592788	0.023047554859292593	0.033711348898666775
hpa	fam_ig_domain	binary	1710	3746	0.026900584795321637	0.024292578750667378	0.002608006044654259	prop_diff			0.10982144503012593	log_or	-0.24789160079534767	0.4675344908555995	0.5762782847094126	0.661819592595966
hpa	fam_rtk	binary	1710	3746	0.0152046783625731	0.007741591030432461	0.007463087332140638	prop_diff			0.684337085134105	log_or	0.1566025806452216	1.2120715896229883	0.012866745146651114	0.019702203505809517
hpa	fam_tetraspanin	binary	1710	3746	0.004093567251461989	0.0069407367859049655	-0.002847169534442977	prop_diff			-0.48106860271361707	log_or	-1.2937598369875865	0.3316226315603523	0.25999791238689596	0.3280660353723065
hpa	fam_cadherin	binary	1710	3746	0.02982456140350877	0.013347570742124934	0.016476990661383837	prop_diff			0.8204785452255018	log_or	0.42802519848920745	1.2129318919617962	5.2777337996874805e-05	0.00010275852563629929
hpa	fam_integrin	binary	1710	3746	0.0	0.0	0.0	prop_diff			0.7840363453867061	log_or	-3.1363808870906205	4.704453577864033	1.0	1.0
hpa	fam_voltage_gated_channel	binary	1710	3746	0.011695906432748537	0.017351841964762412	-0.005655935532013875	prop_diff			-0.38332932183601287	log_or	-0.8826903686824195	0.11603172501039377	0.12644900676995433	0.16745949545210168
hpa	fam_ligand_gated_channel	binary	1710	3746	0.0	0.0	0.0	prop_diff			0.7840363453867061	log_or	-3.1363808870906205	4.704453577864033	1.0	1.0
hpa	fam_connexin	binary	1710	3746	0.004093567251461989	0.0037373198077949813	0.0003562474436670073	prop_diff			0.1251476634280603	log_or	-0.758275007729206	1.0085703345853265	0.8170309372417734	0.9009352009734867
hpa	fam_claudin	binary	1710	3746	0.005847953216374269	0.0034703683929524828	0.002377584823421786	prop_diff			0.5351093777476001	log_or	-0.2734187194505172	1.3436374749457176	0.2588199539796429	0.32798735547420266
hpa	fam_mhc_hla	binary	1710	3746	0.008187134502923977	0.006139882541377469	0.002047251961546508	prop_diff			0.3032450092028309	log_or	-0.353798684695159	0.9602887031008207	0.37976392556951216	0.452026696831727
hpa	fam_tnfrsf	binary	1710	3746	0.007017543859649123	0.004538174052322477	0.002479369807326646	prop_diff			0.4500564311733664	log_or	-0.2780505788363446	1.1781634411830775	0.23591022948117077	0.30155481507593135
hpa	fam_chemokine_ligand	binary	1710	3746	0.0005847953216374269	0.0018686599038974907	-0.0012838645822600637	prop_diff			-0.8266869298817341	log_or	-2.580697907584268	0.9273240478208	0.4485055073271556	0.5253411121680628
hpa	fam_chemokine_receptor	binary	1710	3746	0.005263157894736842	0.004271222637479978	0.0009919352572568636	prop_diff			0.2329634756705689	log_or	-0.567343180478759	1.0332701318198967	0.6665813550698374	0.7479958717195885
hpa	fam_ras_gtpase	binary	1710	3746	0.006432748538011696	0.00400427122263748	0.0024284773153742164	prop_diff			0.48798321887927487	log_or	-0.2769921207900715	1.2529585585486211	0.28812417075428387	0.3589343483125401
hpa	fam_rho_gtpase	binary	1710	3746	0.0023391812865497076	0.0010678056593699946	0.001271375627179713	prop_diff			0.7853093479470218	log_or	-0.5226109151972115	2.093229611091255	0.26826210943956574	0.3370472657061211
hpa	fam_arf_gtpase	binary	1710	3746	0.0023391812865497076	0.001601708489054992	0.0007374727974947157	prop_diff			0.4170500228403805	log_or	-0.7862714052560308	1.620371450936792	0.515742832091608	0.599321710019497
hpa	fam_src_kinase	binary	1710	3746	0.0035087719298245615	0.00026695141484249865	0.003241820514982063	prop_diff			2.253620375603407	log_or	0.47728664921480046	4.029954101992013	0.004827512701305247	0.007549408160551823
hpa	fam_g_protein_subunit	binary	1710	3746	0.005263157894736842	0.006673785371062467	-0.001410627476325625	prop_diff			-0.20477005569888032	log_or	-0.9519781741287908	0.5424380627310302	0.7109287893271683	0.7887285436308962
hpa	schweke_homomer	binary	2048	4253	0.19384765625	0.18316482482953209	0.010682831420467914	prop_diff			0.07030886352009313	log_or	-0.06394639012778663	0.2045641171679729	0.31686221650878216	0.38494831261810725
hpa	up_length	continuous	1121	2889	567.0	404.0	0.22858398261701396	cliffs_delta			133.20444122079846	mean_diff			2.312066069392796e-29	9.710677491449744e-29
hpa	up_tm_count	continuous	1121	2889	1.0	2.0	-0.20542159206736066	cliffs_delta			-0.8989921165798842	mean_diff			2.061128418497426e-25	7.481132778249916e-25
hpa	up_glyc_count	continuous	1121	2889	1.0	1.0	-0.04179562022609373	cliffs_delta			-0.11965902224099612	mean_diff			0.03527420452417499	0.051086778966046534
hpa	up_lipidation_count	continuous	1121	2889	0.0	0.0	0.04231097129627304	cliffs_delta			0.08397350805247625	mean_diff			0.00011512488130518389	0.00021696612245976964
hpa	up_topo_extracellular_count	continuous	1121	2889	1.0	1.0	-0.1944368021802222	cliffs_delta			-0.5023027145631296	mean_diff			2.8960241022824457e-23	1.0258205856277579e-22
surfy	up_has_signal	binary	2542	1468	0.5035405192761605	0.1553133514986376	0.34822716777752294	prop_diff			1.7058903372876615	log_or	1.5447940952177575	1.8669865793575655	1.9619888239709914e-114	2.1363878305461906e-113
surfy	up_has_tm	binary	2542	1468	0.950432730133753	0.5340599455040872	0.41637278462966576	prop_diff			2.81347525567298	log_or	2.607399382769813	3.019551128576147	4.314998429029115e-220	1.057174615112133e-218
surfy	up_multi_pass	binary	2542	1468	0.532258064516129	0.3242506811989101	0.2080073833172189	prop_diff			0.8629200687784322	log_or	0.7287537065273129	0.9970864310295515	1.1846378924565523e-37	6.004888627279765e-37
surfy	up_has_extracellular_topo	binary	2542	1468	0.9040125885129819	0.4223433242506812	0.4816692642623007	prop_diff			2.553741186360975	log_or	2.3861044611107323	2.721377911611218	1.3661250159489303e-238	5.737725066985507e-237
surfy	up_has_glyc	binary	2542	1468	0.912667191188041	0.279291553133515	0.6333756380545259	prop_diff			3.2918430187573726	log_or	3.1132128044412632	3.470473233073482	0.0	0.0
surfy	up_has_lipidation	binary	2542	1468	0.0999213217938631	0.12397820163487738	-0.02405687984101429	prop_diff			-0.2434205654038667	log_or	-0.44543368110655424	-0.041407449701179155	0.020450169485505924	0.030365403175448193
surfy	deeptm_TM_NO_SP	binary	2304	41	0.4344618055555556	0.14634146341463414	0.2881203421409214	prop_diff			1.4341764413120952	log_or	0.5939309666665911	2.2744219159575993	0.00016927524602535483	0.0003110432645715895
surfy	deeptm_SP_plus_TM	binary	2304	41	0.51171875	0.4634146341463415	0.048304115853658514	prop_diff			0.18996408214161617	log_or	-0.4219289786437749	0.8018571429270073	0.6369368403100606	0.7174690844871947
surfy	deeptm_SP_only	binary	2304	41	0.05381944444444445	0.1951219512195122	-0.14130250677506775	prop_diff			-1.491524496043309	log_or	-2.2656340430032658	-0.7174149490833521	0.0016068213966844117	0.0026391368191352907
surfy	deeptm_BETA	binary	2304	41	0.0	0.024390243902439025	-0.024390243902439025	prop_diff			-5.139929326716179	log_or	-8.355638888695218	-1.9242197647371402	0.01748400852878465	0.02636050516647532
surfy	deeptm_GLOB	binary	2304	41	0.0	0.17073170731707318	-0.17073170731707318	prop_diff			-6.909709889225459	log_or	-9.792144807366736	-4.027274971084181	2.9319542831248267e-13	8.28840922344903e-13
surfy	topo_gpi_anchored	binary	2542	1468	0.050747442958300554	0.007493188010899182	0.04325425494740137	prop_diff			1.916978508894488	log_or	1.3103942211009203	2.5235627966880556	2.86690320731199e-15	8.51383376716894e-15
surfy	topo_intramembrane	binary	2542	1468	0.0	0.0	0.0	prop_diff			-0.5489063772840403	log_or	-4.469432739459088	3.371619984891007	1.0	1.0
surfy	topo_gpcr_7tm	binary	2542	1468	0.3064516129032258	0.020435967302452316	0.28601564560077347	prop_diff			3.037226438199961	log_or	2.6688090925553767	3.4056437838445457	2.49979150555215e-133	3.49970810777301e-132
surfy	topo_multi_pass_tm	binary	2542	1468	0.22580645161290322	0.30381471389645776	-0.07800826228355454	prop_diff			-0.4029605254945787	log_or	-0.5478717681435592	-0.2580492828455983	5.8139044066728914e-08	1.4244065796348584e-07
surfy	topo_single_pass_tm	binary	2542	1468	0.41660110149488594	0.2098092643051771	0.20679183718970884	prop_diff			0.9882773203465266	log_or	0.8400267809467881	1.1365278597462651	5.672317221716601e-42	3.03211138760851e-41
surfy	topo_signal_only_secreted	binary	2542	1468	0.0003933910306845004	0.05722070844686648	-0.05682731741618198	prop_diff			-4.638701820530905	log_or	-6.2545036824477585	-3.022899958614051	2.5884489865148835e-36	1.2898372915853828e-35
surfy	topo_inner_leaflet_lipidated	binary	2542	1468	0.0	0.0653950953678474	-0.0653950953678474	prop_diff			-5.879204143443915	log_or	-8.659009758981462	-3.0993985279063674	1.6687525063111002e-43	9.434869939528144e-43
surfy	topo_palmitoylated_only	binary	2542	1468	0.0	0.031335149863760216	-0.031335149863760216	prop_diff			-5.113331455075485	log_or	-7.90080820028586	-2.3258547098651103	5.3440251059432546e-21	1.7653296417385584e-20
surfy	topo_no_tm_no_signal	binary	2542	1468	0.0	0.30449591280653954	-0.30449591280653954	prop_diff			-7.708699431939894	log_or	-10.483056344594635	-4.934342519285153	1.266438110088371e-217	2.8640984951229312e-216
surfy	fam_gpcr	binary	2479	2977	0.050826946349334406	0.0003359086328518643	0.05049103771648254	prop_diff			4.669621731811659	log_or	3.058920647868096	6.2803228157552216	8.211549213293997e-43	4.470732349460065e-42
surfy	fam_olfactory_receptor	binary	2479	2977	0.15974183138362244	0.004030903594222372	0.15571092778940007	prop_diff			3.8099438771829206	log_or	3.24412055839982	4.375767195966021	1.0859729654439295e-124	1.3303168826688136e-123
surfy	fam_slc_transporter	binary	2479	2977	0.11012505042355789	0.028552233792408465	0.08157281663114942	prop_diff			1.4334988762775511	log_or	1.1844080777232298	1.6825896748318725	1.652258126368546e-34	8.096064819205875e-34
surfy	fam_abc_transporter	binary	2479	2977	0.011294876966518758	0.0030231776956667787	0.00827169927085198	prop_diff			1.2899689812875519	log_or	0.5537400141705294	2.0261979484045742	0.00020991525037666983	0.0003786201448511714
surfy	fam_cd_molecule	binary	2479	2977	0.1427995159338443	0.011420893516963387	0.13137862241688092	prop_diff			2.6553413026043393	log_or	2.3013640498551533	3.0093185553535253	3.263290305464444e-87	2.7411638565901328e-86
surfy	fam_ig_domain	binary	2479	2977	0.04881000403388463	0.0053745381256298285	0.0434354659082548	prop_diff			2.2242239548667717	log_or	1.7071472083506833	2.74130070138286	3.267092169778926e-26	1.2158545543227902e-25
surfy	fam_rtk	binary	2479	2977	0.020572811617587738	0.0013436345314074571	0.019229177086180282	prop_diff			2.6399703382542654	log_or	1.6750056285446446	3.6049350479638864	8.750451610137486e-14	2.547161161762793e-13
surfy	fam_tetraspanin	binary	2479	2977	0.010488100040338847	0.0023513604299630502	0.008136739610375797	prop_diff			1.45345642471575	log_or	0.6410289605325279	2.265883888898972	0.0001380397468442448	0.0002584948125618342
surfy	fam_cadherin	binary	2479	2977	0.0391286809197257	0.0013436345314074571	0.03778504638831824	prop_diff			3.2973643348458186	log_or	2.350794588882473	4.243934080809164	8.279888240829479e-29	3.380954365005371e-28
surfy	fam_integrin	binary	2479	2977	0.0	0.0	0.0	prop_diff			0.18302709530026662	log_or	-3.737335076047372	4.103389266647905	1.0	1.0
surfy	fam_voltage_gated_channel	binary	2479	2977	0.008874546187979023	0.02116224386966745	-0.012287697681688426	prop_diff			-0.8669708912239886	log_or	-1.3508269952275058	-0.3831147872204714	0.00024962372074075633	0.00044478408422898397
surfy	fam_ligand_gated_channel	binary	2479	2977	0.0	0.0	0.0	prop_diff			0.18302709530026662	log_or	-3.737335076047372	4.103389266647905	1.0	1.0
surfy	fam_connexin	binary	2479	2977	0.0052440500201694235	0.0026872690628149142	0.0025567809573545093	prop_diff			0.6482169687302349	log_or	-0.21164761397319032	1.5080815514336603	0.18646170542330334	0.24256522740907605
surfy	fam_claudin	binary	2479	2977	0.007260992335619202	0.0016795431642593216	0.00558144917135988	prop_diff			1.4016550692125354	log_or	0.4482507290379658	2.355059409387105	0.002430533030896506	0.003926245665294356
surfy	fam_mhc_hla	binary	2479	2977	0.011294876966518758	0.0030231776956667787	0.00827169927085198	prop_diff			1.2899689812875519	log_or	0.5537400141705294	2.0261979484045742	0.00020991525037666983	0.0003786201448511714
surfy	fam_tnfrsf	binary	2479	2977	0.009681323114158934	0.0016795431642593216	0.008001779949899613	prop_diff			1.6849979683978937	log_or	0.7586451223891733	2.611350814406614	4.6151738690616765e-05	9.106450453047871e-05
surfy	fam_chemokine_ligand	binary	2479	2977	0.0008067769261799112	0.002015451797111186	-0.0012086748709312744	prop_diff			-0.7736945564248641	log_or	-2.2333173827228667	0.6859282698731386	0.30500770636591495	0.37519776431623014
surfy	fam_chemokine_receptor	binary	2479	2977	0.009681323114158934	0.0003359086328518643	0.00934541448130707	prop_diff			2.9856257165566626	log_or	1.3361646536867031	4.635086779426622	7.979962375021475e-08	1.9230401133248472e-07
surfy	fam_ras_gtpase	binary	2479	2977	0.0	0.008733624454148471	-0.008733624454148471	prop_diff			-3.7960353248005663	log_or	-6.594430750367133	-0.9976398992340001	1.7483429535777475e-07	4.1452647447730467e-07
surfy	fam_rho_gtpase	binary	2479	2977	0.0	0.0026872690628149142	-0.0026872690628149142	prop_diff			-2.65287668252949	log_or	-5.505593978654028	0.19984061359504857	0.009628321729610033	0.01482055805500183
surfy	fam_arf_gtpase	binary	2479	2977	0.0	0.003359086328518643	-0.003359086328518643	prop_diff			-2.8648595171687883	log_or	-5.702448382561572	-0.027270651776004406	0.002694330914503381	0.004328597206907071
surfy	fam_src_kinase	binary	2479	2977	0.0	0.0023513604299630502	-0.0023513604299630502	prop_diff			-2.5273768392356026	log_or	-5.390636507560121	0.33588282908891554	0.01833212450990693	0.027498186764860398
surfy	fam_g_protein_subunit	binary	2479	2977	0.0	0.011420893516963387	-0.011420893516963387	prop_diff			-4.062564082058132	log_or	-6.854947505269274	-1.2701806588469902	1.1248714984106406e-09	2.9527876833279313e-09
surfy	schweke_homomer	binary	2730	3571	0.1575091575091575	0.208905068608233	-0.051395911099075486	prop_diff			-0.34488944363708485	log_or	-0.4756535118849718	-0.2141253753891979	2.0599456210943553e-07	4.844992100813924e-07
surfy	up_length	continuous	2542	1468	450.0	463.0	0.043689182496993384	cliffs_delta			-0.47999386867377325	mean_diff			0.02099243952344668	0.031013955878860924
surfy	up_tm_count	continuous	2542	1468	4.0	1.0	0.4463214186945421	cliffs_delta			2.1664306677785947	mean_diff			2.13539568258234e-130	2.8536651394509452e-129
surfy	up_glyc_count	continuous	2542	1468	2.0	0.0	0.6898666436563285	cliffs_delta			3.297509738303852	mean_diff			1.6652199731257865e-304	9.791493441979625e-303
surfy	up_lipidation_count	continuous	2542	1468	0.0	0.0	-0.028966496375871786	cliffs_delta			-0.10551133330617826	mean_diff			0.0045983190766365825	0.007229442826369815
surfy	up_topo_extracellular_count	continuous	2542	1468	1.0	0.0	0.5020904927999794	cliffs_delta			1.3971936319960898	mean_diff			5.479212179786983e-167	8.949379893652071e-166
cspa	up_has_signal	binary	903	3107	0.6799557032115172	0.2877373672352752	0.392218335976242	prop_diff			1.6587189812164616	log_or	1.498870353244399	1.8185676091885241	1.7595591704921283e-99	1.8475371290167345e-98
cspa	up_has_tm	binary	903	3107	0.9213732004429679	0.762149983907306	0.15922321653566185	prop_diff			1.290697931941685	log_or	1.0354333200587078	1.545962543824662	1.0195835074071782e-29	4.5417810784501576e-29
cspa	up_multi_pass	binary	903	3107	0.2901439645625692	0.5043450273575797	-0.2142010627950105	prop_diff			-0.9109330564943658	log_or	-1.0708319261031825	-0.7510341868855493	1.1422294331804739e-30	5.166391590077836e-30
cspa	up_has_extracellular_topo	binary	903	3107	0.8604651162790697	0.6890891535243	0.17137596275476974	prop_diff			1.0202608374787743	log_or	0.81758380094706	1.2229378740104886	1.3342106587622104e-26	5.0289478676421775e-26
cspa	up_has_glyc	binary	903	3107	0.9601328903654485	0.5996137753459929	0.36051911501945555	prop_diff			2.764580654120902	log_or	2.4257207541717207	3.103440554070083	2.941335216253613e-118	3.325971359917547e-117
cspa	up_has_lipidation	binary	903	3107	0.1184939091915836	0.10588992597360798	0.012603983217975623	prop_diff			0.12935385699502838	log_or	-0.10216376355869275	0.3608714775487495	0.30180894996886287	0.3728228205497718
cspa	deeptm_TM_NO_SP	binary	909	1436	0.29262926292629265	0.516016713091922	-0.22338745016562933	prop_diff			-0.9455919336447713	log_or	-1.1219132869950648	-0.7692705802944779	8.428434567396783e-27	3.2181295620969534e-26
cspa	deeptm_SP_plus_TM	binary	909	1436	0.6358635863586358	0.43175487465181056	0.20410871170682526	prop_diff			0.831312044773672	log_or	0.6606508141770598	1.0019732753702844	4.495376167322691e-22	1.5191271186124956e-21
cspa	deeptm_SP_only	binary	909	1436	0.0627062706270627	0.05222841225626741	0.01047785837079529	prop_diff			0.1958213945044681	log_or	-0.1577608780687831	0.5494036670777193	0.31182298117714474	0.3819831519420023
cspa	deeptm_BETA	binary	909	1436	0.0011001100110011	0.0	0.0011001100110011	prop_diff			1.556782279251228	log_or	-1.6449624721235052	4.758527030625961	0.3876332622601279	0.4582769684943834
cspa	deeptm_GLOB	binary	909	1436	0.007700770077007701	0.0	0.007700770077007701	prop_diff			3.1728463893145182	log_or	0.3088728853186469	6.03681989331039	0.0012965308347175383	0.0021535596915647245
cspa	topo_gpi_anchored	binary	903	3107	0.06201550387596899	0.027035725780495654	0.03497977809547334	prop_diff			0.8693686442479293	log_or	0.5240295586269662	1.2147077298688922	2.4400190984337884e-06	5.274747168673043e-06
cspa	topo_intramembrane	binary	903	3107	0.0	0.0	0.0	prop_diff			1.235297713352583	log_or	-2.685402242542711	5.155997669247877	1.0	1.0
cspa	topo_gpcr_7tm	binary	903	3107	0.07641196013289037	0.23817186997103315	-0.16175990983814278	prop_diff			-1.3232417991787633	log_or	-1.5814835100702944	-1.0650000882872321	9.473403142593236e-31	4.42092146654351e-30
cspa	topo_multi_pass_tm	binary	903	3107	0.21373200442967885	0.2661731573865465	-0.05244115295686766	prop_diff			-0.28695054616678173	log_or	-0.4646781082040766	-0.10922298412948686	0.0013178327322306742	0.0021766450745832485
cspa	topo_single_pass_tm	binary	903	3107	0.6267995570321152	0.2578049565497264	0.3689946004823888	prop_diff			1.574913101103744	log_or	1.4179979198663866	1.7318282823411015	3.241672526325577e-90	2.888035523453696e-89
cspa	topo_signal_only_secreted	binary	903	3107	0.013289036544850499	0.023495333118764082	-0.010206296573913583	prop_diff			-0.5466602539378208	log_or	-1.150953049846801	0.05763254197115941	0.06585199382929693	0.09263390519527893
cspa	topo_inner_leaflet_lipidated	binary	903	3107	0.0011074197120708748	0.03057611844222723	-0.029468698730156354	prop_diff			-2.9483042517866456	log_or	-4.562870659554615	-1.3337378440186762	1.0744268726325957e-09	2.8457792842701183e-09
cspa	topo_palmitoylated_only	binary	903	3107	0.0	0.014805278403604764	-0.014805278403604764	prop_diff			-3.31221533226753	log_or	-6.0999243868030035	-0.5245062777320562	1.715132589128268e-05	3.5017290361368806e-05
cspa	topo_no_tm_no_signal	binary	903	3107	0.006644518272425249	0.1419375603476022	-0.13529304207517695	prop_diff			-3.1294669334642005	log_or	-3.907565676988096	-2.3513681899403047	2.4041610714471234e-43	1.3336289717084043e-42
cspa	fam_gpcr	binary	1080	4376	0.024074074074074074	0.023080438756855576	0.0009936353172184977	prop_diff			0.056920268187515236	log_or	-0.3759259885496837	0.4897665249247141	0.8221368645589591	0.9018964111206492
cspa	fam_olfactory_receptor	binary	1080	4376	0.0	0.09323583180987204	-0.09323583180987204	prop_diff			-5.404674802276014	log_or	-8.17904456418086	-2.6303050403711685	2.317200792227345e-41	1.216530415919356e-40
cspa	fam_slc_transporter	binary	1080	4376	0.07777777777777778	0.06261425959780621	0.015163518179971566	prop_diff			0.23690295672493936	log_or	-0.01657114287411479	0.49037705632399353	0.07449805538785667	0.10380297764943061
cspa	fam_abc_transporter	binary	1080	4376	0.009259259259259259	0.006170018281535649	0.0030892409777236096	prop_diff			0.43912431940881	log_or	-0.2750416581725764	1.1532902969901966	0.29834015072002135	0.3700928451969885
cspa	fam_cd_molecule	binary	1080	4376	0.22962962962962963	0.031992687385740404	0.19763694224388922	prop_diff			2.197294870546803	log_or	1.9774703394298114	2.4171194016637942	5.718262294315239e-88	4.944615042731413e-87
cspa	fam_ig_domain	binary	1080	4376	0.0787037037037037	0.011882998171846435	0.06682070553185727	prop_diff			1.9565098885874521	log_or	1.60600792462596	2.3070118525489445	5.9527231777466205e-28	2.3650008300777112e-27
cspa	fam_rtk	binary	1080	4376	0.03518518518518519	0.0038848263254113347	0.03130035885977385	prop_diff			2.2191930575591834	log_or	1.6500990335489907	2.788287081569376	2.191703272636503e-15	6.575109817909509e-15
cspa	fam_tetraspanin	binary	1080	4376	0.016666666666666666	0.0034277879341864715	0.013238878732480195	prop_diff			1.5891221212337794	log_or	0.9108923395488239	2.267351902918735	9.477846687457675e-06	2.0046668533183857e-05
cspa	fam_cadherin	binary	1080	4376	0.03518518518518519	0.014396709323583182	0.020788475861602006	prop_diff			0.9197463002387696	log_or	0.5137228486155756	1.3257697518619636	2.4360073215069594e-05	4.9053846063222336e-05
cspa	fam_integrin	binary	1080	4376	0.0	0.0	0.0	prop_diff			1.3988254212255522	log_or	-2.5217399933632483	5.319390835814353	1.0	1.0
cspa	fam_voltage_gated_channel	binary	1080	4376	0.007407407407407408	0.017595978062157222	-0.010188570654749814	prop_diff			-0.8217054078142514	log_or	-1.533040338842206	-0.11037047678629686	0.013107521177107662	0.019966897544402347
cspa	fam_ligand_gated_channel	binary	1080	4376	0.0	0.0	0.0	prop_diff			1.3988254212255522	log_or	-2.5217399933632483	5.319390835814353	1.0	1.0
cspa	fam_connexin	binary	1080	4376	0.0	0.0047989031078610606	-0.0047989031078610606	prop_diff			-2.3671845983815563	log_or	-5.171880031408155	0.4375108346450425	0.022960538151204572	0.033711348898666775
cspa	fam_claudin	binary	1080	4376	0.000925925925925926	0.005027422303473492	-0.004101496377547566	prop_diff			-1.3133383789242778	log_or	-2.9674983901754417	0.340821632326886	0.06692118800990242	0.09368966321386338
cspa	fam_mhc_hla	binary	1080	4376	0.021296296296296296	0.0031992687385740404	0.018097027557722255	prop_diff			1.899989427313834	log_or	1.2420201376621998	2.5579587169654685	1.8702332812957276e-08	4.659733768652067e-08
cspa	fam_tnfrsf	binary	1080	4376	0.012962962962962963	0.0034277879341864715	0.009535175028776492	prop_diff			1.3417424014631958	log_or	0.6225303652473415	2.06095443767905	0.0005084136440781019	0.0008792565374056587
cspa	fam_chemokine_ligand	binary	1080	4376	0.000925925925925926	0.0015996343692870202	-0.0006737084433610942	prop_diff			-0.21128729732136342	log_or	-1.9656298721446683	1.5430552775019417	1.0	1.0
cspa	fam_chemokine_receptor	binary	1080	4376	0.005555555555555556	0.004341864716636197	0.0012136908389193584	prop_diff			0.3014307726435011	log_or	-0.588781204104672	1.1916427493916744	0.6142848776242096	0.6972963475734271
cspa	fam_ras_gtpase	binary	1080	4376	0.000925925925925926	0.005712979890310786	-0.00478705396438486	prop_diff			-1.4391907017815098	log_or	-3.087268113085485	0.20888670952246557	0.045146100978637874	0.0641205492160364
cspa	fam_rho_gtpase	binary	1080	4376	0.0	0.0018281535648994515	-0.0018281535648994515	prop_diff			-1.4362175402650075	log_or	-4.289213810629947	1.416778730099932	0.36948662507549396	0.4415815763097367
cspa	fam_arf_gtpase	binary	1080	4376	0.0	0.0022851919561243145	-0.0022851919561243145	prop_diff			-1.647984561816576	log_or	-4.485853805984509	1.189884682351357	0.22702880288822086	0.29214503575803336
cspa	fam_src_kinase	binary	1080	4376	0.0	0.0015996343692870202	-0.0015996343692870202	prop_diff			-1.3108255119815517	log_or	-4.174363168380971	1.5527121444178675	0.35770018029568407	0.4292402163548209
cspa	fam_g_protein_subunit	binary	1080	4376	0.0	0.007769652650822669	-0.007769652650822669	prop_diff			-2.84308018242894	log_or	-5.635747503711352	-0.05041286114652754	0.0008340594719093636	0.001409272900812373
cspa	schweke_homomer	binary	1230	5071	0.16910569105691056	0.19088937093275488	-0.021783679875844314	prop_diff			-0.14621978245538483	log_or	-0.3107941689888146	0.018354604078044956	0.07954963222880569	0.11031882960032488
cspa	up_length	continuous	903	3107	583.0	419.0	0.24608241811705867	cliffs_delta			199.23483321517767	mean_diff			1.7884139539195185e-29	7.795164086622927e-29
cspa	up_tm_count	continuous	903	3107	1.0	2.0	-0.06889063063043799	cliffs_delta			-0.8883609012051163	mean_diff			0.0011469549287567791	0.0019159360741732559
cspa	up_glyc_count	continuous	903	3107	4.0	1.0	0.6029203516797172	cliffs_delta			4.2104967135618105	mean_diff			9.079007372585008e-176	1.6682676047124952e-174
cspa	up_lipidation_count	continuous	903	3107	0.0	0.0	0.011226035162981818	cliffs_delta			0.0014656291779966135	mean_diff			0.34094968418331795	0.4125070253082118
cspa	up_topo_extracellular_count	continuous	903	3107	1.0	1.0	-0.03667815431948929	cliffs_delta			-0.378977060693515	mean_diff			0.08106234105620283	0.11188886511982926
sonnet	up_has_signal	binary	3197	813	0.44041288708163906	0.12300123001230012	0.31741165706933894	prop_diff			1.7206137665281076	log_or	1.5004247031277682	1.940802829928447	9.482857157530106e-71	6.799902449545978e-70
sonnet	up_has_tm	binary	3197	813	0.9130434782608695	0.3456334563345633	0.5674100219263062	prop_diff			2.9872000383600885	log_or	2.7975400753294175	3.1768600013907595	1.858586507493639e-240	9.107073886718831e-239
sonnet	up_multi_pass	binary	3197	813	0.5173600250234595	0.21525215252152521	0.30210787250193427	prop_diff			1.3609289159861264	log_or	1.1800508937432843	1.5418069382289685	7.770553558680139e-57	4.860729247344597e-56
sonnet	up_has_extracellular_topo	binary	3197	813	0.846731310603691	0.25953259532595324	0.5871987152777378	prop_diff			2.7552183667482053	log_or	2.5713962390808347	2.939040494415576	6.392843061688144e-225	1.7086326001239224e-223
sonnet	up_has_glyc	binary	3197	813	0.8054426024397873	0.1906519065190652	0.6147906959207221	prop_diff			2.863374130230824	log_or	2.667922021414733	3.0588262390469154	1.6734454529154027e-236	6.1499120394641044e-235
sonnet	up_has_lipidation	binary	3197	813	0.09884266499843604	0.14760147601476015	-0.04875881101632411	prop_diff			-0.4586415424683135	log_or	-0.6842316282240928	-0.23305145671253427	0.00011351052464311	0.0002153038338391893
sonnet	deeptm_TM_NO_SP	binary	2147	198	0.4154634373544481	0.5808080808080808	-0.1653446434536327	prop_diff			-0.6656865630488841	log_or	-0.9600195755039809	-0.37135355059378733	8.56704525682879e-06	1.82515311993309e-05
sonnet	deeptm_SP_plus_TM	binary	2147	198	0.5253842571029343	0.35353535353535354	0.1718489035675808	prop_diff			0.701893200760132	log_or	0.39930637613782727	1.0044800253824366	3.630807979189506e-06	7.791660918844633e-06
sonnet	deeptm_SP_only	binary	2147	198	0.058220773171867725	0.03535353535353535	0.022867237818332373	prop_diff			0.4602008977176277	log_or	-0.2913200252834482	1.2117218207187035	0.2566306765356783	0.3266208610454087
sonnet	deeptm_BETA	binary	2147	198	0.0004657661853749418	0.0	0.0004657661853749418	prop_diff			-1.2821924988692606	log_or	-4.486160276399312	1.921775278660791	1.0	1.0
sonnet	deeptm_GLOB	binary	2147	198	0.0004657661853749418	0.030303030303030304	-0.029837264117655363	prop_diff			-3.8778348027302036	log_or	-5.659358902788352	-2.096310702672056	2.1984530606148047e-06	4.787742220894464e-06
sonnet	topo_gpi_anchored	binary	3197	813	0.04253988113856741	0.004920049200492005	0.0376198319380754	prop_diff			2.082003720048421	log_or	1.1397548496185173	3.024252590478325	1.2862455233840406e-09	3.3171595076746313e-09
sonnet	topo_intramembrane	binary	3197	813	0.0	0.0	0.0	prop_diff			-1.3687786067939054	log_or	-5.289534114298265	2.5519769007104545	1.0	1.0
sonnet	topo_gpcr_7tm	binary	3197	813	0.25242414763841103	0.0024600246002460025	0.24996412303816504	prop_diff			4.697278882111144	log_or	3.4531975436627564	5.941360220559531	4.617903099947409e-86	3.771287531623717e-85
sonnet	topo_multi_pass_tm	binary	3197	813	0.2649358773850485	0.21279212792127922	0.05214374946376926	prop_diff			0.28597901074029525	log_or	0.10075795909429455	0.47120006238629597	0.0021588278024262135	0.0035260854106294822
sonnet	topo_single_pass_tm	binary	3197	813	0.39443228026274635	0.13038130381303814	0.2640509764497082	prop_diff			1.4650119134942183	log_or	1.249303235925469	1.6807205910629677	2.632171579844745e-51	1.579302947906847e-50
sonnet	topo_signal_only_secreted	binary	3197	813	0.0178292148889584	0.03444034440344403	-0.016611129514485633	prop_diff			-0.6839359836700598	log_or	-1.1396961232694063	-0.22817584407071334	0.0058641731091756575	0.00912204705871769
sonnet	topo_inner_leaflet_lipidated	binary	3197	813	0.003753518923991242	0.1033210332103321	-0.09956751428634086	prop_diff			-3.3850280636485754	log_or	-3.9844133813472613	-2.7856427459498896	9.374628991568292e-47	5.512281847042156e-46
sonnet	topo_palmitoylated_only	binary	3197	813	0.003753518923991242	0.041820418204182044	-0.0380668992801908	prop_diff			-2.4229425327877703	log_or	-3.0747193170691203	-1.77116574850642	4.816285802332979e-15	1.4159880258858956e-14
sonnet	topo_no_tm_no_signal	binary	3197	813	0.020331560838285894	0.4698646986469865	-0.4495331378087006	prop_diff			-3.746997686872125	log_or	-4.027752109737843	-3.4662432640064065	1.1427239340219181e-228	3.3596083660244393e-227
sonnet	fam_gpcr	binary	3589	1867	0.03538590136528281	0.0	0.03538590136528281	prop_diff			4.923873311669805	log_or	2.1460150062296184	7.701731617109992	5.804054968085296e-24	2.0809660495330208e-23
sonnet	fam_olfactory_receptor	binary	3589	1867	0.1134020618556701	0.0005356186395286556	0.11286644321614145	prop_diff			5.07097379249583	log_or	3.466679807269835	6.6752677777218254	4.992168669765846e-76	3.8623620760819963e-75
sonnet	fam_slc_transporter	binary	3589	1867	0.08247422680412371	0.03320835565077665	0.04926587115334706	prop_diff			0.955767394332189	log_or	0.6769910826270455	1.2345437060373325	3.1130717740927854e-13	8.716600967459799e-13
sonnet	fam_abc_transporter	binary	3589	1867	0.00780161604903873	0.0048205677557579	0.0029810482932808293	prop_diff			0.448200194987008	log_or	-0.2882219799756386	1.1846223699496545	0.22755514689996476	0.29214503575803336
sonnet	fam_cd_molecule	binary	3589	1867	0.10755084981889106	0.0010712372790573112	0.10647961253983375	prop_diff			4.5001262877354575	log_or	3.2552014176712176	5.745051157799697	6.251718388985637e-70	4.376202872289946e-69
sonnet	fam_ig_domain	binary	3589	1867	0.03705767623293396	0.0021424745581146223	0.03491520167481934	prop_diff			2.7722240045980238	log_or	1.8311406770900474	3.713307332106	1.0067190764770398e-19	3.2524770163104363e-19
sonnet	fam_rtk	binary	3589	1867	0.015045973808860406	0.0005356186395286556	0.01451035516933175	prop_diff			2.9539458808713768	log_or	1.3307701347452359	4.577121626997518	3.5599066646858346e-09	8.94540649074902e-09
sonnet	fam_tetraspanin	binary	3589	1867	0.00919476177208136	0.0	0.00919476177208136	prop_diff			3.5605163422243686	log_or	0.7674871852681928	6.3535454991805445	1.1319419041355387e-06	2.502187367036454e-06
sonnet	fam_cadherin	binary	3589	1867	0.02702702702702703	0.0021424745581146223	0.024884552468912406	prop_diff			2.4476136090157237	log_or	1.5009080746686077	3.3943191433628397	1.858994986513639e-13	5.306257534320484e-13
sonnet	fam_integrin	binary	3589	1867	0.0	0.0	0.0	prop_diff			-0.6534122790095654	log_or	-4.57381115084428	3.266986592825149	1.0	1.0
sonnet	fam_voltage_gated_channel	binary	3589	1867	0.020618556701030927	0.0058918050348152114	0.014726751666215716	prop_diff			1.2299633219942283	log_or	0.6064416260223542	1.8534850179661024	1.3791880361857148e-05	2.8962948759900015e-05
sonnet	fam_ligand_gated_channel	binary	3589	1867	0.0	0.0	0.0	prop_diff			-0.6534122790095654	log_or	-4.57381115084428	3.266986592825149	1.0	1.0
sonnet	fam_connexin	binary	3589	1867	0.003622178879910839	0.004284949116229245	-0.0006627702363184058	prop_diff			-0.1914535122352008	log_or	-1.0514860456821657	0.6685790212117642	0.8181962539453094	0.9009352009734867
sonnet	fam_claudin	binary	3589	1867	0.006408470325996099	0.0	0.006408470325996099	prop_diff			3.2031635169989383	log_or	0.40141289345460907	6.004914140543267	8.293144173745283e-05	0.0001593584566719682
sonnet	fam_mhc_hla	binary	3589	1867	0.007244357759821678	0.0058918050348152114	0.0013525527250064662	prop_diff			0.18274748429818144	log_or	-0.5116339116453157	0.8771288802416786	0.6072584351551842	0.6919921702931169
sonnet	fam_tnfrsf	binary	3589	1867	0.00780161604903873	0.0005356186395286556	0.007265997409510074	prop_diff			2.2983221941026706	log_or	0.6554599115217883	3.941184476683553	0.0001118156452399065	0.00021346623182163968
sonnet	fam_chemokine_ligand	binary	3589	1867	0.0011145165784341043	0.0021424745581146223	-0.001027957979680518	prop_diff			-0.6544414944033163	log_or	-1.962306434502169	0.6534234456955363	0.45767381724169875	0.5339527867819819
sonnet	fam_chemokine_receptor	binary	3589	1867	0.006965728615213151	0.0	0.006965728615213151	prop_diff			3.285402479173615	log_or	0.4859407807634675	6.084864177583762	5.047144343425271e-05	9.89240291311353e-05
sonnet	fam_ras_gtpase	binary	3589	1867	0.0005572582892170521	0.012854847348687734	-0.012297589059470681	prop_diff			-2.9481720280702035	log_or	-4.250705978294496	-1.6456380778459114	8.906439327402496e-10	2.3804483293239397e-09
sonnet	fam_rho_gtpase	binary	3589	1867	0.0	0.004284949116229245	-0.004284949116229245	prop_diff			-3.490918626707629	log_or	-6.343687300382638	-0.6381499530326202	0.00018615189566128108	0.0003399295485988611
sonnet	fam_arf_gtpase	binary	3589	1867	0.0	0.005356186395286556	-0.005356186395286556	prop_diff			-3.7033038571480463	log_or	-6.540944612320098	-0.8656631019759939	2.166696533151288e-05	4.393164005148128e-05
sonnet	fam_src_kinase	binary	3589	1867	0.0	0.003749330476700589	-0.003749330476700589	prop_diff			-3.3652178493320704	log_or	-6.228528588186808	-0.5019071104773327	0.0005453449889560865	0.0009376106827666049
sonnet	fam_g_protein_subunit	binary	3589	1867	0.0	0.01821103374397429	-0.01821103374397429	prop_diff			-4.905892713102417	log_or	-7.698331823444338	-2.113453602760495	1.1985059024767775e-16	3.670424326335131e-16
sonnet	schweke_homomer	binary	4101	2200	0.1860521823945379	0.18772727272727271	-0.0016750903327348021	prop_diff			-0.01144799853481965	log_or	-0.14419533686739097	0.12129933979775168	0.8920977343799712	0.9713953107693021
sonnet	up_length	continuous	3197	813	437.0	533.0	-0.0822784737074771	cliffs_delta			-110.2962001969097	mean_diff			0.00028590332880703163	0.0005063589076461885
sonnet	up_tm_count	continuous	3197	813	2.0	0.0	0.5618801605595036	cliffs_delta			2.601002400389972	mean_diff			9.808206389189878e-144	1.4418063392109122e-142
sonnet	up_glyc_count	continuous	3197	813	2.0	0.0	0.6344058717409196	cliffs_delta			2.934524640836024	mean_diff			3.1223978103312304e-180	6.119899708249211e-179
sonnet	up_lipidation_count	continuous	3197	813	0.0	0.0	-0.05305096529226161	cliffs_delta			-0.13418253043963035	mean_diff			1.4802486619550133e-05	3.086475933438113e-05
sonnet	up_topo_extracellular_count	continuous	3197	813	1.0	0.0	0.5925573675505289	cliffs_delta			1.6117993460197348	mean_diff			4.636154606877926e-162	7.173839233800579e-161
