hgnc_id	hgnc_symbol	uniprot_acc	ensembl_gene	ncbi_gene_id	sample_batch	comparison	published_run_id	reanalysis_run_id	tier_published	tier_reanalysis	tier_match	tier_soft_match	surface_accessibility_published	surface_accessibility_reanalysis	surface_accessibility_match	surface_accessibility_soft_match	confidence_published	confidence_reanalysis	confidence_match	confidence_soft_match	state_dependence_published	state_dependence_reanalysis	state_dependence_match	state_dependence_soft_match	evidence_grade_published	evidence_grade_reanalysis	evidence_grade_match	evidence_grade_soft_match	surface_specificity_published	surface_specificity_reanalysis	surface_specificity_match	surface_specificity_soft_match	expression_breadth_published	expression_breadth_reanalysis	expression_breadth_match	expression_breadth_soft_match	expression_level_published	expression_level_reanalysis	expression_level_match	expression_level_soft_match	surface_call_reason_published	surface_call_reason_reanalysis	surface_call_reason_match	surface_call_reason_soft_match	induction_trigger_published	induction_trigger_reanalysis	induction_trigger_match	induction_trigger_soft_match	subcategory_published	subcategory_reanalysis	subcategory_match	subcategory_soft_match	llm_family_published	llm_family_reanalysis	llm_family_match	llm_family_soft_match	co_receptor_dependency_published	co_receptor_dependency_reanalysis	co_receptor_dependency_match	co_receptor_dependency_soft_match	has_live_cell_surface_evidence_published	has_live_cell_surface_evidence_reanalysis	has_live_cell_surface_evidence_match	has_live_cell_surface_evidence_soft_match	tumor_associated_published	tumor_associated_reanalysis	tumor_associated_match	tumor_associated_soft_match	has_shed_form_published	has_shed_form_reanalysis	has_shed_form_match	has_shed_form_soft_match	has_secreted_form_published	has_secreted_form_reanalysis	has_secreted_form_match	has_secreted_form_soft_match	has_epitope_masking_published	has_epitope_masking_reanalysis	has_epitope_masking_match	has_epitope_masking_soft_match	has_known_ligand_published	has_known_ligand_reanalysis	has_known_ligand_match	has_known_ligand_soft_match	has_restricted_subdomain_published	has_restricted_subdomain_reanalysis	has_restricted_subdomain_match	has_restricted_subdomain_soft_match	overexpression_surface_localization_observed_published	overexpression_surface_localization_observed_reanalysis	overexpression_surface_localization_observed_match	overexpression_surface_localization_observed_soft_match	low_endogenous_expression_published	low_endogenous_expression_reanalysis	low_endogenous_expression_match	low_endogenous_expression_soft_match	primary_compartment_published	primary_compartment_reanalysis	primary_compartment_match	primary_compartment_soft_match	restricted_subdomain_kind_published	restricted_subdomain_kind_reanalysis	restricted_subdomain_kind_match	restricted_subdomain_kind_soft_match	secreted_form_source_published	secreted_form_source_reanalysis	secreted_form_source_match	secreted_form_source_soft_match	n_cited_published	n_cited_reanalysis	cited_jaccard
HGNC:12028	HSP90B1	P14625	ENSG00000166598	7184	1	full_rerun	cu_v3_sonnet_2026_06	deep_dive_concordance_v1	likely	likely	True	True	moderate	high	False	True	moderate	moderate	True	True	high	high	True	True	direct_multi_method	direct_multi_method	True	True	mostly_intracellular	mostly_intracellular	True	True	broad	pan_tissue	False	True	high	high	True	True	cell_state_induced	cell_state_induced	True	True	oncogenic	oncogenic	True	True	other	other	True	True	miscellaneous	miscellaneous	True	True	none	none	True	True	True	True	True	True	True	True	True	True	False	False	True	True	True	True	True	True	True	True	True	True	True	True	True	True	False	False	True	True	False	False	True	True	False	False	True	True	ER	ER	True	True	unknown	unknown	True	True	unknown	unknown	True	True	25	22	0.306
HGNC:28580	RTP1	P59025	ENSG00000175077	132112	1	full_rerun	cu_v3_sonnet_2026_06	deep_dive_concordance_v1	likely	likely	True	True	moderate	moderate	True	True	moderate	moderate	True	True	high	high	True	True	direct_single_method	direct_single_method	True	True	mixed	mixed	True	True	rare	rare	True	True	high	high	True	True	tissue_restricted_surface	tissue_restricted_surface	True	True	infection	none	False	False	single_pass_T2	single_pass_T2	True	True	miscellaneous	miscellaneous	True	True	none	none	True	True	False	False	True	True	False	False	True	True	False	False	True	True	False	False	True	True	True	True	True	True	False	False	True	True	True	True	True	True	True	True	True	True	False	False	True	True	plasma_membrane	plasma_membrane	True	True	ciliary	raft	False	False			True	True	17	13	0.579
HGNC:6752	M6PR	P20645	ENSG00000003056	4074	1	full_rerun	cu_v3_sonnet_2026_06	deep_dive_concordance_v1	likely	likely	True	True	moderate	moderate	True	True	moderate	moderate	True	True	moderate	high	False	True	direct_multi_method	direct_multi_method	True	True	mostly_intracellular	mostly_intracellular	True	True	broad	broad	True	True	moderate	moderate	True	True	dual_localization	dual_localization	True	True	stress_hypoxia	stress_hypoxia	True	True	single_pass_T1	single_pass_T1	True	True	receptor	receptor	True	True	none	none	True	True	False	False	True	True	True	True	True	True	False	False	True	True	True	False	False	False	True	True	True	True	True	True	True	True	False	False	True	True	True	True	True	True	False	False	True	True	Golgi	endosome	False	False	unknown	unknown	True	True	unknown		False	False	22	26	0.6
HGNC:2151	CNGB1	Q14028	ENSG00000070729	1258	1	full_rerun	cu_v3_sonnet_2026_06	deep_dive_concordance_v1	likely	likely	True	True	moderate	moderate	True	True	moderate	moderate	True	True	moderate	moderate	True	True	direct_multi_method	direct_single_method	False	True	surface_dominant	surface_dominant	True	True	rare	rare	True	True	high	high	True	True	tissue_restricted_surface	tissue_restricted_surface	True	True	none	none	True	True	multi_pass	multi_pass	True	True	transporter	transporter	True	True	required	required	True	True	False	False	True	True	False	False	True	True	False	False	True	True	True	True	True	True	True	True	True	True	True	True	True	True	True	True	True	True	True	True	True	True	False	False	True	True	plasma_membrane	plasma_membrane	True	True	other	ciliary	False	False	alternative_splicing	alternative_splicing	True	True	17	17	0.619
HGNC:28788	CAMKV	Q8NCB2	ENSG00000164076	79012	1	full_rerun	cu_v3_sonnet_2026_06	deep_dive_concordance_v1	likely	likely	True	True	moderate	moderate	True	True	low	low	True	True	high	high	True	True	supportive_but_indirect	supportive_but_indirect	True	True	mostly_intracellular	mixed	False	True	rare	rare	True	True	high	moderate	False	True	cell_state_induced	cell_state_induced	True	True	oncogenic	oncogenic	True	True	other	other	True	True	enzyme	enzyme	True	True	none	none	True	True	False	False	True	True	True	True	True	True	False	False	True	True	False	False	True	True	False	True	False	False	False	False	True	True	True	False	False	False	True	True	True	True	False	False	True	True	plasma_membrane	plasma_membrane	True	True	synaptic	unknown	False	False			True	True	4	2	0.5
HGNC:26281	CCDC81	Q6ZN84	ENSG00000149201	60494	1	full_rerun	cu_v3_sonnet_2026_06	deep_dive_concordance_v1	no	low	False	True	no	low	False	True	low	low	True	True	unclear	unclear	True	True	weak	weak	True	True	mostly_intracellular	mostly_intracellular	True	True	restricted	restricted	True	True	low	low	True	True	cytoplasmic	dual_localization	False	False	none	none	True	True	other	other	True	True	miscellaneous	miscellaneous	True	True	unknown	unknown	True	True	False	False	True	True	False	False	True	True	False	False	True	True	False	False	True	True	False	False	True	True	False	False	True	True	False	False	True	True	False	False	True	True	True	True	True	True	plasma_membrane	plasma_membrane	True	True	unknown	unknown	True	True			True	True	0	0	
HGNC:10600	SCNN1B	P51168	ENSG00000168447	6338	1	full_rerun	cu_v3_sonnet_2026_06	deep_dive_concordance_v1	canonical	canonical	True	True	high	high	True	True	high	moderate	False	True	moderate	moderate	True	True	direct_multi_method	direct_multi_method	True	True	mixed	mixed	True	True	restricted	restricted	True	True	high	high	True	True	multipass_with_exposed_loops	multipass_with_exposed_loops	True	True	immune	immune	True	True	multi_pass	multi_pass	True	True	transporter	transporter	True	True	required	required	True	True	True	True	True	True	False	False	True	True	False	False	True	True	False	False	True	True	True	True	True	True	True	True	True	True	True	True	True	True	True	False	False	False	False	False	True	True	plasma_membrane	plasma_membrane	True	True	apical	apical	True	True			True	True	23	22	0.5
HGNC:15301	OR6A2	O95222	ENSG00000184933	8590	1	full_rerun	cu_v3_sonnet_2026_06	deep_dive_concordance_v1	canonical	low	False	False	moderate	low	False	True	moderate	low	False	True	high	high	True	True	direct_single_method	weak	False	False	mixed	mixed	True	True	restricted	rare	False	True	moderate	low	False	True	cell_state_induced	tissue_restricted_surface	False	True	other	none	False	False	GPCR	GPCR	True	True	receptor	receptor	True	True	none	none	True	True	True	False	False	False	False	False	True	True	False	False	True	True	False	False	True	True	True	True	True	True	True	True	True	True	True	True	True	True	False	False	True	True	True	True	True	True	plasma_membrane	plasma_membrane	True	True	ciliary	ciliary	True	True			True	True	4	2	0.5
HGNC:27270	OLFML2A	Q68BL7	ENSG00000185585	169611	1	full_rerun	cu_v3_sonnet_2026_06	deep_dive_concordance_v1	no	no	True	True	no	no	True	True	moderate	low	False	True	unclear	unclear	True	True	weak	weak	True	True	mostly_intracellular	mostly_intracellular	True	True	restricted	rare	False	True	moderate	moderate	True	True	secreted_only	secreted_only	True	True	none	none	True	True	other	other	True	True	miscellaneous	miscellaneous	True	True	none	none	True	True	False	False	True	True	True	False	False	False	False	True	False	False	True	True	True	True	False	True	False	False	False	True	False	False	False	True	False	False	False	False	True	True	True	False	False	False	secreted	secreted	True	True	other	other	True	True	unknown	proteolytic	False	False	4	2	0.5
HGNC:53647	CIROP	A0A1B0GTW7	ENSG00000283654	100128908	1	full_rerun	cu_v3_sonnet_2026_06	deep_dive_concordance_v1	low	low	True	True	low	low	True	True	low	low	True	True	high	high	True	True	weak	weak	True	True	surface_dominant	mixed	False	True	rare	rare	True	True	low	low	True	True	tissue_restricted_surface	tissue_restricted_surface	True	True	none	none	True	True	single_pass_T1	single_pass_T1	True	True	enzyme	enzyme	True	True	none	none	True	True	False	False	True	True	False	False	True	True	False	False	True	True	False	False	True	True	False	False	True	True	False	False	True	True	True	True	True	True	False	False	True	True	True	True	True	True	secreted	secreted	True	True	ciliary	ciliary	True	True			True	True	2	2	1.0
HGNC:27014	LYG1	Q8N1E2	ENSG00000144214	129530	1	full_rerun	cu_v3_sonnet_2026_06	deep_dive_concordance_v1	no	no	True	True	no	no	True	True	low	low	True	True	unclear	unclear	True	True	weak	weak	True	True	mostly_intracellular	mostly_intracellular	True	True	restricted	restricted	True	True	low	low	True	True	secreted_only	secreted_only	True	True	none	none	True	True	other	other	True	True	enzyme	enzyme	True	True	none	none	True	True	False	False	True	True	True	True	True	True	False	False	True	True	True	True	True	True	False	False	True	True	False	False	True	True	False	False	True	True	False	False	True	True	True	True	True	True	secreted	secreted	True	True	unknown	unknown	True	True	unknown	unknown	True	True	2	3	0.667
HGNC:21094	CALHM4	Q5JW98	ENSG00000164451	221301	1	full_rerun	cu_v3_sonnet_2026_06	deep_dive_concordance_v1	likely	likely	True	True	moderate	moderate	True	True	low	low	True	True	moderate	moderate	True	True	supportive_but_indirect	weak	False	True	mixed	mixed	True	True	rare	restricted	False	True	high	high	True	True	multipass_with_exposed_loops	multipass_with_exposed_loops	True	True	none	none	True	True	multi_pass	multi_pass	True	True	transporter	transporter	True	True	modulatory	modulatory	True	True	False	False	True	True	False	False	True	True	False	False	True	True	False	False	True	True	True	True	True	True	False	False	True	True	True	True	True	True	False	False	True	True	False	False	True	True	plasma_membrane	other	False	False	apical	apical	True	True			True	True	4	4	0.6
HGNC:3676	FGF2	P09038	ENSG00000138685	2247	1	full_rerun	cu_v3_sonnet_2026_06	deep_dive_concordance_v1	likely	likely	True	True	moderate	moderate	True	True	moderate	moderate	True	True	high	moderate	False	True	supportive_but_indirect	direct_single_method	False	True	mostly_intracellular	mostly_intracellular	True	True	broad	broad	True	True	moderate	moderate	True	True	stable_surface_attachment	stable_surface_attachment	True	True	oncogenic	stress_hypoxia	False	True	other	other	True	True	miscellaneous	miscellaneous	True	True	modulatory	modulatory	True	True	False	True	False	False	True	True	True	True	False	False	True	True	True	True	True	True	True	True	True	True	True	True	True	True	False	False	True	True	False	False	True	True	False	False	True	True	secreted	secreted	True	True	unknown	unknown	True	True	unknown	unknown	True	True	18	15	0.222
HGNC:9608	PTH1R	Q03431	ENSG00000160801	5745	1	full_rerun	cu_v3_sonnet_2026_06	deep_dive_concordance_v1	canonical	canonical	True	True	high	high	True	True	high	high	True	True	moderate	moderate	True	True	direct_multi_method	direct_multi_method	True	True	surface_dominant	surface_dominant	True	True	broad	restricted	False	True	high	high	True	True	classical_surface_receptor	classical_surface_receptor	True	True	stress_hypoxia	stress_hypoxia	True	True	GPCR	GPCR	True	True	receptor	receptor	True	True	modulatory	modulatory	True	True	True	True	True	True	True	True	True	True	True	True	True	True	False	False	True	True	True	False	False	False	True	True	True	True	True	True	True	True	True	True	True	True	False	False	True	True	plasma_membrane	plasma_membrane	True	True	ciliary	ciliary	True	True			True	True	36	31	0.558
HGNC:15503	LILRA4	P59901	ENSG00000239961	23547	1	full_rerun	cu_v3_sonnet_2026_06	deep_dive_concordance_v1	likely	likely	True	True	high	high	True	True	high	high	True	True	moderate	moderate	True	True	direct_multi_method	direct_multi_method	True	True	surface_dominant	surface_dominant	True	True	rare	rare	True	True	high	high	True	True	tissue_restricted_surface	tissue_restricted_surface	True	True	oncogenic	oncogenic	True	True	single_pass_T1	single_pass_T1	True	True	receptor	receptor	True	True	required	required	True	True	True	True	True	True	True	True	True	True	False	False	True	True	False	False	True	True	True	False	False	False	True	True	True	True	False	False	True	True	True	True	True	True	False	False	True	True	plasma_membrane	plasma_membrane	True	True	unknown	unknown	True	True			True	True	17	21	0.652
HGNC:11346	IL24	Q13007	ENSG00000162892	11009	1	full_rerun	cu_v3_sonnet_2026_06	deep_dive_concordance_v1	no	no	True	True	no	no	True	True	moderate	low	False	True	unclear	unclear	True	True	weak	weak	True	True	mostly_intracellular	mostly_intracellular	True	True	restricted	restricted	True	True	moderate	moderate	True	True	secreted_only	secreted_only	True	True	none	none	True	True	other	other	True	True	miscellaneous	miscellaneous	True	True	none	none	True	True	False	False	True	True	True	True	True	True	False	False	True	True	True	True	True	True	False	False	True	True	False	False	True	True	False	False	True	True	False	False	True	True	True	True	True	True	secreted	secreted	True	True	unknown	unknown	True	True	unknown	unknown	True	True	14	12	0.529
HGNC:14376	ACP4	Q9BZG2	ENSG00000142513	93650	1	full_rerun	cu_v3_sonnet_2026_06	deep_dive_concordance_v1	likely	likely	True	True	moderate	moderate	True	True	moderate	moderate	True	True	high	high	True	True	supportive_but_indirect	supportive_but_indirect	True	True	mostly_intracellular	mixed	False	True	restricted	restricted	True	True	moderate	moderate	True	True	tissue_restricted_surface	tissue_restricted_surface	True	True	oncogenic	oncogenic	True	True	single_pass_T1	single_pass_T2	False	True	enzyme	enzyme	True	True	none	none	True	True	False	False	True	True	True	True	True	True	False	False	True	True	True	True	True	True	False	False	True	True	False	True	False	False	True	True	True	True	False	False	True	True	True	True	True	True	plasma_membrane	plasma_membrane	True	True	apical	apical	True	True	alternative_splicing	alternative_splicing	True	True	6	8	0.75
HGNC:33285	CT47A4	Q5JQC4	ENSG00000230594	728075	1	full_rerun	cu_v3_sonnet_2026_06	deep_dive_concordance_v1	no	no	True	True	no	no	True	True	low	low	True	True	unclear	unclear	True	True	weak	weak	True	True	mostly_intracellular	mostly_intracellular	True	True	rare	rare	True	True	low	low	True	True	cytoplasmic	cytoplasmic	True	True	none	none	True	True	other	other	True	True	miscellaneous	miscellaneous	True	True	unknown	unknown	True	True	False	False	True	True	False	False	True	True	False	False	True	True	False	False	True	True	False	False	True	True	False	False	True	True	False	False	True	True	False	False	True	True	True	True	True	True	plasma_membrane	plasma_membrane	True	True	unknown	unknown	True	True			True	True	0	0	
HGNC:4525	NPFFR2	Q9Y5X5	ENSG00000056291	10886	1	full_rerun	cu_v3_sonnet_2026_06	deep_dive_concordance_v1	canonical	canonical	True	True	high	moderate	False	True	high	moderate	False	True	moderate	moderate	True	True	direct_single_method	supportive_but_indirect	False	True	surface_dominant	surface_dominant	True	True	broad	broad	True	True	moderate	moderate	True	True	classical_surface_receptor	classical_surface_receptor	True	True	oncogenic	oncogenic	True	True	GPCR	GPCR	True	True	receptor	receptor	True	True	none	none	True	True	False	False	True	True	True	True	True	True	False	False	True	True	False	False	True	True	False	False	True	True	True	True	True	True	False	False	True	True	True	False	False	False	False	False	True	True	plasma_membrane	plasma_membrane	True	True	unknown	unknown	True	True			True	True	20	14	0.545
HGNC:11039	SLC5A4	Q9NY91	ENSG00000100191	6527	1	full_rerun	cu_v3_sonnet_2026_06	deep_dive_concordance_v1	likely	canonical	False	True	high	high	True	True	moderate	high	False	True	moderate	moderate	True	True	direct_multi_method	direct_multi_method	True	True	surface_dominant	surface_dominant	True	True	restricted	restricted	True	True	moderate	moderate	True	True	tissue_restricted_surface	multipass_with_exposed_loops	False	True	oncogenic	oncogenic	True	True	multi_pass	multi_pass	True	True	transporter	transporter	True	True	none	none	True	True	False	False	True	True	True	True	True	True	False	False	True	True	False	False	True	True	True	False	False	False	True	True	True	True	True	True	True	True	True	True	True	True	True	True	True	True	plasma_membrane	plasma_membrane	True	True	other	synaptic	False	False			True	True	12	13	0.667
HGNC:29942	TSPAN10	Q9H1Z9	ENSG00000182612	83882	1	full_rerun	cu_v3_sonnet_2026_06	deep_dive_concordance_v1	likely	canonical	False	True	moderate	moderate	True	True	moderate	moderate	True	True	moderate	moderate	True	True	supportive_but_indirect	supportive_but_indirect	True	True	surface_dominant	mixed	False	True	restricted	restricted	True	True	moderate	moderate	True	True	tissue_restricted_surface	multipass_with_exposed_loops	False	True	none	infection	False	False	tetraspanin	tetraspanin	True	True	miscellaneous	miscellaneous	True	True	modulatory	modulatory	True	True	False	False	True	True	True	True	True	True	False	False	True	True	False	False	True	True	True	True	True	True	True	True	True	True	False	False	True	True	False	False	True	True	True	True	True	True	plasma_membrane	plasma_membrane	True	True	unknown	unknown	True	True			True	True	12	13	0.923
HGNC:25237	TMX4	Q9H1E5	ENSG00000125827	56255	1	full_rerun	cu_v3_sonnet_2026_06	deep_dive_concordance_v1	no	no	True	True	no	no	True	True	high	moderate	False	True	unclear	unclear	True	True	weak	weak	True	True	mostly_intracellular	mostly_intracellular	True	True	broad	broad	True	True	moderate	moderate	True	True	endomembrane_resident	endomembrane_resident	True	True	none	stress_hypoxia	False	False	single_pass_T1	single_pass_T1	True	True	enzyme	enzyme	True	True	none	none	True	True	False	False	True	True	True	True	True	True	False	False	True	True	False	False	True	True	False	False	True	True	False	True	False	False	False	True	False	False	False	False	True	True	False	False	True	True	ER	ER	True	True	unknown	other	False	False			True	True	12	11	0.643
HGNC:4076	GABRA2	P47869	ENSG00000151834	2555	1	full_rerun	cu_v3_sonnet_2026_06	deep_dive_concordance_v1	canonical	canonical	True	True	high	high	True	True	high	high	True	True	moderate	moderate	True	True	direct_multi_method	direct_multi_method	True	True	surface_dominant	surface_dominant	True	True	restricted	restricted	True	True	high	moderate	False	True	multipass_with_exposed_loops	multipass_with_exposed_loops	True	True	oncogenic	oncogenic	True	True	multi_pass	multi_pass	True	True	receptor	receptor	True	True	modulatory	required	False	False	False	False	True	True	True	True	True	True	False	False	True	True	False	False	True	True	True	True	True	True	True	True	True	True	True	True	True	True	True	True	True	True	False	True	False	False	plasma_membrane	plasma_membrane	True	True	synaptic	synaptic	True	True			True	True	21	20	0.464
HGNC:15511	VANGL2	Q9ULK5	ENSG00000162738	57216	1	full_rerun	cu_v3_sonnet_2026_06	deep_dive_concordance_v1	canonical	canonical	True	True	moderate	moderate	True	True	moderate	moderate	True	True	moderate	moderate	True	True	supportive_but_indirect	supportive_but_indirect	True	True	mixed	mixed	True	True	broad	broad	True	True	moderate	moderate	True	True	multipass_with_exposed_loops	multipass_with_exposed_loops	True	True	oncogenic	stress_hypoxia	False	True	multi_pass	multi_pass	True	True	miscellaneous	miscellaneous	True	True	modulatory	modulatory	True	True	False	False	True	True	True	True	True	True	False	False	True	True	False	False	True	True	True	True	True	True	True	True	True	True	True	True	True	True	True	True	True	True	False	False	True	True	plasma_membrane	plasma_membrane	True	True	junctional	junctional	True	True			True	True	29	30	0.405
HGNC:17111	ADAMTS19	Q8TE59	ENSG00000145808	171019	1	full_rerun	cu_v3_sonnet_2026_06	deep_dive_concordance_v1	no	no	True	True	no	no	True	True	low	low	True	True	unclear	unclear	True	True	weak	weak	True	True	mostly_intracellular	mostly_intracellular	True	True	restricted	restricted	True	True	low	low	True	True	secreted_only	secreted_only	True	True	none	none	True	True	other	other	True	True	enzyme	enzyme	True	True	none	none	True	True	False	False	True	True	True	True	True	True	False	False	True	True	True	True	True	True	False	False	True	True	False	False	True	True	False	False	True	True	False	False	True	True	True	True	True	True	secreted	secreted	True	True	unknown	unknown	True	True	unknown	unknown	True	True	6	6	0.714
HGNC:54074	SMIM38	A0A286YFK9	ENSG00000284713	107984345	2	full_rerun	cu_v3_sonnet_2026_06	deep_dive_concordance_v1	uncertain	low	False	True	uncertain	low	False	False	low	low	True	True	unclear	unclear	True	True	weak	weak	True	True	mostly_intracellular	mostly_intracellular	True	True	rare	rare	True	True	low	low	True	True	other	other	True	True	none	none	True	True	single_pass_T1	single_pass_T1	True	True	miscellaneous	miscellaneous	True	True	unknown	none	False	False	False	False	True	True	False	False	True	True	False	False	True	True	False	False	True	True	False	False	True	True	False	False	True	True	False	False	True	True	False	False	True	True	True	True	True	True	plasma_membrane	plasma_membrane	True	True	unknown	unknown	True	True			True	True	0	0	
HGNC:20453	KLK15	Q9H2R5	ENSG00000174562	55554	2	full_rerun	cu_v3_sonnet_2026_06	deep_dive_concordance_v1	no	no	True	True	no	no	True	True	low	low	True	True	unclear	unclear	True	True	weak	weak	True	True	mostly_intracellular	mostly_intracellular	True	True	restricted	restricted	True	True	high	moderate	False	True	secreted_only	secreted_only	True	True	oncogenic	none	False	False	other	other	True	True	enzyme	enzyme	True	True	none	none	True	True	False	False	True	True	True	True	True	True	False	False	True	True	True	True	True	True	False	False	True	True	True	True	True	True	False	False	True	True	False	False	True	True	False	True	False	False	secreted	secreted	True	True	unknown	unknown	True	True	unknown	unknown	True	True	2	5	0.4
HGNC:23334	ANXA8L1	Q5VT79	ENSG00000264230	728113	2	full_rerun	cu_v3_sonnet_2026_06	deep_dive_concordance_v1	no	no	True	True	no	no	True	True	low	low	True	True	unclear	unclear	True	True	weak	weak	True	True	mostly_intracellular	mostly_intracellular	True	True	restricted	restricted	True	True	moderate	moderate	True	True	inner_leaflet_anchored	inner_leaflet_anchored	True	True	oncogenic	oncogenic	True	True	other	other	True	True	miscellaneous	miscellaneous	True	True	none	none	True	True	False	False	True	True	True	True	True	True	False	False	True	True	False	False	True	True	False	False	True	True	False	False	True	True	False	False	True	True	False	False	True	True	True	True	True	True	plasma_membrane	plasma_membrane	True	True	unknown	unknown	True	True			True	True	4	4	1.0
HGNC:23694	GPR161	Q8N6U8	ENSG00000143147	23432	2	full_rerun	cu_v3_sonnet_2026_06	deep_dive_concordance_v1	likely	likely	True	True	moderate	moderate	True	True	moderate	moderate	True	True	high	high	True	True	supportive_but_indirect	supportive_but_indirect	True	True	mixed	surface_dominant	False	True	restricted	restricted	True	True	moderate	moderate	True	True	tissue_restricted_surface	tissue_restricted_surface	True	True	oncogenic	oncogenic	True	True	GPCR	GPCR	True	True	receptor	receptor	True	True	modulatory	modulatory	True	True	False	False	True	True	True	True	True	True	False	False	True	True	False	False	True	True	True	True	True	True	False	False	True	True	True	True	True	True	True	True	True	True	True	True	True	True	plasma_membrane	plasma_membrane	True	True	ciliary	ciliary	True	True			True	True	27	22	0.633
HGNC:1765	CDH6	P55285	ENSG00000113361	1004	2	full_rerun	cu_v3_sonnet_2026_06	deep_dive_concordance_v1	canonical	canonical	True	True	high	high	True	True	high	high	True	True	moderate	moderate	True	True	direct_multi_method	direct_multi_method	True	True	surface_dominant	surface_dominant	True	True	restricted	broad	False	True	high	high	True	True	classical_surface_receptor	classical_surface_receptor	True	True	oncogenic	oncogenic	True	True	single_pass_T1	single_pass_T1	True	True	miscellaneous	miscellaneous	True	True	none	none	True	True	True	True	True	True	True	True	True	True	True	False	False	False	True	False	False	False	False	True	False	False	True	True	True	True	True	True	True	True	False	False	True	True	False	False	True	True	plasma_membrane	plasma_membrane	True	True	junctional	junctional	True	True	proteolytic		False	False	28	28	0.806
HGNC:30053	PLET1	Q6UQ28	ENSG00000188771	349633	2	full_rerun	cu_v3_sonnet_2026_06	deep_dive_concordance_v1	likely	likely	True	True	moderate	moderate	True	True	moderate	moderate	True	True	high	high	True	True	direct_single_method	direct_single_method	True	True	mixed	surface_dominant	False	True	restricted	restricted	True	True	moderate	moderate	True	True	tissue_restricted_surface	tissue_restricted_surface	True	True	immune	oncogenic	False	True	GPI_anchored	GPI_anchored	True	True	miscellaneous	miscellaneous	True	True	none	none	True	True	True	True	True	True	True	True	True	True	True	True	True	True	True	True	True	True	False	False	True	True	False	False	True	True	True	True	True	True	True	True	True	True	True	True	True	True	plasma_membrane	plasma_membrane	True	True	apical	apical	True	True	proteolytic	proteolytic	True	True	9	8	0.889
HGNC:7995	NRDC	O43847	ENSG00000078618	4898	2	full_rerun	cu_v3_sonnet_2026_06	deep_dive_concordance_v1	likely	likely	True	True	moderate	moderate	True	True	moderate	moderate	True	True	moderate	moderate	True	True	direct_single_method	direct_single_method	True	True	mostly_intracellular	mostly_intracellular	True	True	broad	broad	True	True	moderate	moderate	True	True	dual_localization	dual_localization	True	True	oncogenic	oncogenic	True	True	other	other	True	True	enzyme	enzyme	True	True	none	none	True	True	False	False	True	True	True	True	True	True	False	True	False	False	True	True	True	True	False	False	True	True	True	True	True	True	False	False	True	True	False	False	True	True	False	False	True	True	plasma_membrane	plasma_membrane	True	True	unknown	unknown	True	True	unknown	proteolytic	False	False	17	15	0.778
HGNC:17993	TRPM4	Q8TD43	ENSG00000130529	54795	2	full_rerun	cu_v3_sonnet_2026_06	deep_dive_concordance_v1	canonical	canonical	True	True	high	high	True	True	high	high	True	True	moderate	moderate	True	True	direct_multi_method	direct_multi_method	True	True	surface_dominant	surface_dominant	True	True	pan_tissue	broad	False	True	high	high	True	True	multipass_with_exposed_loops	multipass_with_exposed_loops	True	True	oncogenic	oncogenic	True	True	multi_pass	multi_pass	True	True	transporter	transporter	True	True	modulatory	modulatory	True	True	True	True	True	True	True	True	True	True	False	False	True	True	False	False	True	True	False	False	True	True	False	True	False	False	True	True	True	True	True	True	True	True	False	False	True	True	plasma_membrane	plasma_membrane	True	True	basolateral	ciliary	False	False			True	True	34	40	0.682
HGNC:4082	GABRB2	P47870	ENSG00000145864	2561	2	full_rerun	cu_v3_sonnet_2026_06	deep_dive_concordance_v1	canonical	canonical	True	True	high	high	True	True	high	moderate	False	True	moderate	moderate	True	True	direct_multi_method	direct_multi_method	True	True	surface_dominant	surface_dominant	True	True	restricted	restricted	True	True	high	high	True	True	multipass_with_exposed_loops	multipass_with_exposed_loops	True	True	oncogenic	stress_hypoxia	False	True	multi_pass	multi_pass	True	True	receptor	receptor	True	True	required	required	True	True	True	True	True	True	True	True	True	True	False	False	True	True	False	False	True	True	True	True	True	True	True	True	True	True	True	True	True	True	True	True	True	True	False	False	True	True	plasma_membrane	plasma_membrane	True	True	synaptic	synaptic	True	True			True	True	19	19	0.462
HGNC:7590	MYLK	Q15746	ENSG00000065534	4638	2	full_rerun	cu_v3_sonnet_2026_06	deep_dive_concordance_v1	no	no	True	True	no	no	True	True	high	high	True	True	unclear	unclear	True	True	weak	weak	True	True	mostly_intracellular	mostly_intracellular	True	True	broad	broad	True	True	moderate	moderate	True	True	cytoplasmic	cytoplasmic	True	True	none	none	True	True	other	other	True	True	enzyme	enzyme	True	True	none	none	True	True	False	False	True	True	True	True	True	True	False	False	True	True	False	False	True	True	False	False	True	True	True	True	True	True	False	False	True	True	False	False	True	True	False	False	True	True	cytosol	cytosol	True	True	unknown	unknown	True	True			True	True	20	13	0.375
HGNC:10920	SLC15A1	P46059	ENSG00000088386	6564	2	full_rerun	cu_v3_sonnet_2026_06	deep_dive_concordance_v1	canonical	likely	False	True	high	high	True	True	high	high	True	True	moderate	moderate	True	True	direct_multi_method	direct_multi_method	True	True	surface_dominant	mixed	False	True	restricted	restricted	True	True	high	high	True	True	multipass_with_exposed_loops	tissue_restricted_surface	False	True	oncogenic	oncogenic	True	True	multi_pass	multi_pass	True	True	transporter	transporter	True	True	none	none	True	True	False	False	True	True	True	True	True	True	False	False	True	True	False	False	True	True	True	True	True	True	True	True	True	True	True	True	True	True	True	True	True	True	False	False	True	True	plasma_membrane	plasma_membrane	True	True	apical	apical	True	True			True	True	26	25	0.308
HGNC:9594	PTGER2	P43116	ENSG00000125384	5732	2	full_rerun	cu_v3_sonnet_2026_06	deep_dive_concordance_v1	canonical	canonical	True	True	high	high	True	True	high	moderate	False	True	moderate	moderate	True	True	direct_multi_method	direct_single_method	False	True	mixed	surface_dominant	False	True	broad	broad	True	True	moderate	moderate	True	True	classical_surface_receptor	classical_surface_receptor	True	True	oncogenic	oncogenic	True	True	GPCR	GPCR	True	True	receptor	receptor	True	True	modulatory	none	False	False	False	False	True	True	True	True	True	True	False	False	True	True	False	False	True	True	False	False	True	True	True	True	True	True	True	False	False	False	True	True	True	True	False	False	True	True	plasma_membrane	plasma_membrane	True	True	apical	unknown	False	False			True	True	30	24	0.385
HGNC:1183	ANO2	Q9NQ90	ENSG00000047617	57101	2	full_rerun	cu_v3_sonnet_2026_06	deep_dive_concordance_v1	likely	likely	True	True	moderate	moderate	True	True	moderate	moderate	True	True	high	high	True	True	direct_multi_method	direct_multi_method	True	True	surface_dominant	surface_dominant	True	True	restricted	restricted	True	True	high	high	True	True	tissue_restricted_surface	tissue_restricted_surface	True	True	none	other	False	False	multi_pass	multi_pass	True	True	transporter	transporter	True	True	modulatory	none	False	False	False	False	True	True	True	False	False	False	False	False	True	True	False	False	True	True	True	True	True	True	False	True	False	False	True	True	True	True	True	True	True	True	False	False	True	True	plasma_membrane	plasma_membrane	True	True	ciliary	ciliary	True	True			True	True	23	21	0.692
HGNC:6158	ITGB4	P16144	ENSG00000132470	3691	2	full_rerun	cu_v3_sonnet_2026_06	deep_dive_concordance_v1	canonical	canonical	True	True	high	high	True	True	high	high	True	True	moderate	moderate	True	True	direct_multi_method	direct_multi_method	True	True	surface_dominant	surface_dominant	True	True	broad	broad	True	True	high	high	True	True	classical_surface_receptor	classical_surface_receptor	True	True	oncogenic	oncogenic	True	True	single_pass_T1	single_pass_T1	True	True	receptor	receptor	True	True	modulatory	required	False	False	True	True	True	True	True	True	True	True	False	False	True	True	True	True	True	True	True	True	True	True	True	True	True	True	True	True	True	True	False	False	True	True	False	False	True	True	plasma_membrane	plasma_membrane	True	True	basolateral	junctional	False	False	proteolytic	proteolytic	True	True	40	28	0.308
HGNC:15299	OR5W2	Q8NH69	ENSG00000187612	390148	2	full_rerun	cu_v3_sonnet_2026_06	deep_dive_concordance_v1	low	low	True	True	low	low	True	True	low	low	True	True	high	moderate	False	True	weak	weak	True	True	surface_dominant	surface_dominant	True	True	rare	rare	True	True	low	low	True	True	tissue_restricted_surface	tissue_restricted_surface	True	True	none	none	True	True	GPCR	GPCR	True	True	receptor	receptor	True	True	unknown	none	False	False	False	False	True	True	False	False	True	True	False	False	True	True	False	False	True	True	False	False	True	True	False	False	True	True	False	False	True	True	False	True	False	False	True	True	True	True	plasma_membrane	plasma_membrane	True	True	unknown	unknown	True	True			True	True	0	1	0.0
HGNC:14912	TAS2R5	Q9NYW4	ENSG00000127366	54429	2	full_rerun	cu_v3_sonnet_2026_06	deep_dive_concordance_v1	likely	likely	True	True	moderate	moderate	True	True	moderate	moderate	True	True	moderate	high	False	True	supportive_but_indirect	supportive_but_indirect	True	True	mixed	mixed	True	True	broad	broad	True	True	moderate	moderate	True	True	tissue_restricted_surface	tissue_restricted_surface	True	True	immune	oncogenic	False	True	GPCR	GPCR	True	True	receptor	receptor	True	True	none	none	True	True	False	False	True	True	True	True	True	True	False	False	True	True	False	False	True	True	True	True	True	True	True	True	True	True	True	True	True	True	False	False	True	True	False	False	True	True	plasma_membrane	other	False	False	apical	apical	True	True			True	True	19	17	0.714
HGNC:13448	SLC38A2	Q96QD8	ENSG00000134294	54407	2	full_rerun	cu_v3_sonnet_2026_06	deep_dive_concordance_v1	canonical	canonical	True	True	high	high	True	True	high	high	True	True	moderate	moderate	True	True	direct_multi_method	direct_multi_method	True	True	mixed	mixed	True	True	pan_tissue	broad	False	True	high	high	True	True	multipass_with_exposed_loops	multipass_with_exposed_loops	True	True	oncogenic	oncogenic	True	True	multi_pass	multi_pass	True	True	transporter	transporter	True	True	none	none	True	True	True	True	True	True	True	True	True	True	False	False	True	True	False	False	True	True	True	True	True	True	True	True	True	True	True	True	True	True	False	False	True	True	False	False	True	True	plasma_membrane	plasma_membrane	True	True	apical	other	False	False			True	True	32	32	0.524
HGNC:1818	CEACAM6	P40199	ENSG00000086548	4680	2	full_rerun	cu_v3_sonnet_2026_06	deep_dive_concordance_v1	canonical	canonical	True	True	high	high	True	True	high	high	True	True	moderate	high	False	True	direct_multi_method	direct_multi_method	True	True	surface_dominant	surface_dominant	True	True	broad	broad	True	True	high	high	True	True	gpi_anchored	gpi_anchored	True	True	oncogenic	oncogenic	True	True	GPI_anchored	GPI_anchored	True	True	miscellaneous	miscellaneous	True	True	none	none	True	True	True	True	True	True	True	True	True	True	False	True	False	False	True	True	True	True	True	True	True	True	True	True	True	True	True	True	True	True	False	False	True	True	False	False	True	True	plasma_membrane	plasma_membrane	True	True	apical	apical	True	True	proteolytic	proteolytic	True	True	36	32	0.478
HGNC:26649	C16orf54	Q6UWD8	ENSG00000185905	283897	2	full_rerun	cu_v3_sonnet_2026_06	deep_dive_concordance_v1	likely	low	False	False	moderate	moderate	True	True	low	low	True	True	high	high	True	True	direct_single_method	weak	False	False	surface_dominant	surface_dominant	True	True	rare	rare	True	True	high	high	True	True	tissue_restricted_surface	cell_state_induced	False	True	none	oncogenic	False	False	single_pass_T1	single_pass_T1	True	True	miscellaneous	miscellaneous	True	True	none	none	True	True	True	False	False	False	True	True	True	True	False	False	True	True	False	False	True	True	False	False	True	True	False	False	True	True	False	False	True	True	False	False	True	True	False	False	True	True	plasma_membrane	plasma_membrane	True	True	unknown	unknown	True	True			True	True	1	1	1.0
HGNC:42951	FNDC10	F2Z333	ENSG00000228594	643988	2	full_rerun	cu_v3_sonnet_2026_06	deep_dive_concordance_v1	low	low	True	True	low	low	True	True	low	low	True	True	unclear	unclear	True	True	weak	weak	True	True	mixed	mixed	True	True	rare	rare	True	True	low	low	True	True	tissue_restricted_surface	other	False	False	none	none	True	True	single_pass_T1	single_pass_T1	True	True	miscellaneous	miscellaneous	True	True	none	none	True	True	False	False	True	True	False	False	True	True	False	False	True	True	False	False	True	True	False	False	True	True	False	False	True	True	False	False	True	True	False	False	True	True	True	True	True	True	plasma_membrane	plasma_membrane	True	True	unknown	unknown	True	True			True	True	0	1	0.0
HGNC:6266	KCNJ5	P48544	ENSG00000120457	3762	2	full_rerun	cu_v3_sonnet_2026_06	deep_dive_concordance_v1	canonical	likely	False	True	high	high	True	True	high	high	True	True	moderate	moderate	True	True	direct_multi_method	direct_multi_method	True	True	surface_dominant	surface_dominant	True	True	restricted	restricted	True	True	high	high	True	True	multipass_with_exposed_loops	tissue_restricted_surface	False	True	oncogenic	other	False	True	multi_pass	multi_pass	True	True	transporter	transporter	True	True	modulatory	modulatory	True	True	False	True	False	False	True	True	True	True	False	False	True	True	False	False	True	True	True	True	True	True	True	True	True	True	False	False	True	True	True	True	True	True	False	False	True	True	plasma_membrane	plasma_membrane	True	True	unknown	unknown	True	True			True	True	16	20	0.44
HGNC:21750	SOFU1	Q96L11	ENSG00000165131	135927	2	full_rerun	cu_v3_sonnet_2026_06	deep_dive_concordance_v1	low	likely	False	False	low	moderate	False	True	low	low	True	True	high	high	True	True	weak	supportive_but_indirect	False	True	mixed	mixed	True	True	rare	rare	True	True	high	moderate	False	True	tissue_restricted_surface	tissue_restricted_surface	True	True	other	other	True	True	other	other	True	True	miscellaneous	miscellaneous	True	True	unknown	none	False	False	False	False	True	True	False	False	True	True	False	False	True	True	True	True	True	True	False	False	True	True	True	True	True	True	True	True	True	True	False	False	True	True	False	False	True	True	plasma_membrane	plasma_membrane	True	True	other	other	True	True	unknown	unknown	True	True	3	3	1.0
HGNC:439	ALPP	P05187	ENSG00000163283	250	2	full_rerun	cu_v3_sonnet_2026_06	deep_dive_concordance_v1	canonical	canonical	True	True	high	high	True	True	high	high	True	True	high	high	True	True	direct_multi_method	direct_multi_method	True	True	surface_dominant	surface_dominant	True	True	restricted	restricted	True	True	high	high	True	True	gpi_anchored	cell_state_induced	False	True	oncogenic	oncogenic	True	True	GPI_anchored	GPI_anchored	True	True	enzyme	enzyme	True	True	none	none	True	True	True	False	False	False	True	True	True	True	True	True	True	True	True	True	True	True	True	False	False	False	False	False	True	True	False	True	False	False	False	False	True	True	False	False	True	True	plasma_membrane	plasma_membrane	True	True	unknown	raft	False	False	proteolytic	proteolytic	True	True	12	5	0.417
HGNC:5258	HSP90AB1	P08238	ENSG00000096384	3326	2	full_rerun	cu_v3_sonnet_2026_06	deep_dive_concordance_v1	likely	low	False	False	moderate	low	False	True	low	low	True	True	high	high	True	True	direct_single_method	weak	False	False	mostly_intracellular	mostly_intracellular	True	True	pan_tissue	pan_tissue	True	True	high	high	True	True	cell_state_induced	cell_state_induced	True	True	oncogenic	oncogenic	True	True	other	other	True	True	miscellaneous	miscellaneous	True	True	none	none	True	True	False	False	True	True	True	True	True	True	False	False	True	True	True	True	True	True	True	True	True	True	False	False	True	True	False	False	True	True	False	False	True	True	False	False	True	True	cytosol	cytosol	True	True	unknown	unknown	True	True	unknown	unknown	True	True	10	8	0.385
HGNC:10377	RPLP2	P05387	ENSG00000177600	6181	2	full_rerun	cu_v3_sonnet_2026_06	deep_dive_concordance_v1	no	no	True	True	no	no	True	True	low	low	True	True	unclear	unclear	True	True	weak	weak	True	True	mostly_intracellular	mostly_intracellular	True	True	pan_tissue	pan_tissue	True	True	moderate	high	False	True	cytoplasmic	cytoplasmic	True	True	none	none	True	True	other	other	True	True	miscellaneous	miscellaneous	True	True	none	none	True	True	False	False	True	True	False	False	True	True	False	False	True	True	False	False	True	True	False	False	True	True	False	False	True	True	False	False	True	True	False	False	True	True	False	False	True	True	cytosol	plasma_membrane	False	False	unknown	unknown	True	True			True	True	1	0	0.0
HGNC:12028	HSP90B1	P14625	ENSG00000166598	7184	1	fixed_evidence_replay	cu_v3_sonnet_2026_06	cu_v3_sonnet_2026_06+replay	likely	likely	True	True	moderate	moderate	True	True	moderate	moderate	True	True	high	high	True	True	direct_multi_method	direct_multi_method	True	True	mostly_intracellular	mostly_intracellular	True	True	broad	broad	True	True	high	high	True	True	cell_state_induced	cell_state_induced	True	True	oncogenic	oncogenic	True	True	other	other	True	True	miscellaneous	miscellaneous	True	True	none	none	True	True	True	True	True	True	True	True	True	True	False	False	True	True	True	True	True	True	True	True	True	True	True	True	True	True	False	False	True	True	False	False	True	True	False	False	True	True	ER	ER	True	True	unknown	unknown	True	True	unknown	unknown	True	True	25	25	1.0
HGNC:28580	RTP1	P59025	ENSG00000175077	132112	1	fixed_evidence_replay	cu_v3_sonnet_2026_06	cu_v3_sonnet_2026_06+replay	likely	likely	True	True	moderate	moderate	True	True	moderate	moderate	True	True	high	high	True	True	direct_single_method	direct_single_method	True	True	mixed	mixed	True	True	rare	rare	True	True	high	high	True	True	tissue_restricted_surface	tissue_restricted_surface	True	True	infection	infection	True	True	single_pass_T2	single_pass_T2	True	True	miscellaneous	miscellaneous	True	True	none	none	True	True	False	False	True	True	False	False	True	True	False	False	True	True	False	False	True	True	True	True	True	True	False	False	True	True	True	True	True	True	True	True	True	True	False	False	True	True	plasma_membrane	plasma_membrane	True	True	ciliary	ciliary	True	True			True	True	17	17	1.0
HGNC:6752	M6PR	P20645	ENSG00000003056	4074	1	fixed_evidence_replay	cu_v3_sonnet_2026_06	cu_v3_sonnet_2026_06+replay	likely	likely	True	True	moderate	moderate	True	True	moderate	moderate	True	True	moderate	moderate	True	True	direct_multi_method	direct_multi_method	True	True	mostly_intracellular	mostly_intracellular	True	True	broad	broad	True	True	moderate	moderate	True	True	dual_localization	dual_localization	True	True	stress_hypoxia	oncogenic	False	True	single_pass_T1	single_pass_T1	True	True	receptor	receptor	True	True	none	none	True	True	False	True	False	False	True	True	True	True	False	False	True	True	True	True	True	True	True	True	True	True	True	True	True	True	False	False	True	True	True	True	True	True	False	False	True	True	Golgi	Golgi	True	True	unknown	unknown	True	True	unknown	unknown	True	True	22	24	0.769
HGNC:2151	CNGB1	Q14028	ENSG00000070729	1258	1	fixed_evidence_replay	cu_v3_sonnet_2026_06	cu_v3_sonnet_2026_06+replay	likely	likely	True	True	moderate	moderate	True	True	moderate	moderate	True	True	moderate	high	False	True	direct_multi_method	direct_multi_method	True	True	surface_dominant	surface_dominant	True	True	rare	rare	True	True	high	high	True	True	tissue_restricted_surface	tissue_restricted_surface	True	True	none	none	True	True	multi_pass	multi_pass	True	True	transporter	transporter	True	True	required	required	True	True	False	False	True	True	False	False	True	True	False	False	True	True	True	True	True	True	True	True	True	True	True	True	True	True	True	True	True	True	True	True	True	True	False	False	True	True	plasma_membrane	plasma_membrane	True	True	other	other	True	True	alternative_splicing	alternative_splicing	True	True	17	17	1.0
HGNC:28788	CAMKV	Q8NCB2	ENSG00000164076	79012	1	fixed_evidence_replay	cu_v3_sonnet_2026_06	cu_v3_sonnet_2026_06+replay	likely	likely	True	True	moderate	moderate	True	True	low	low	True	True	high	high	True	True	supportive_but_indirect	supportive_but_indirect	True	True	mostly_intracellular	mostly_intracellular	True	True	rare	rare	True	True	high	high	True	True	cell_state_induced	tissue_restricted_surface	False	True	oncogenic	oncogenic	True	True	other	other	True	True	enzyme	enzyme	True	True	none	none	True	True	False	False	True	True	True	True	True	True	False	False	True	True	False	False	True	True	False	False	True	True	False	False	True	True	True	True	True	True	True	True	True	True	False	False	True	True	plasma_membrane	plasma_membrane	True	True	synaptic	other	False	False			True	True	4	4	1.0
HGNC:26281	CCDC81	Q6ZN84	ENSG00000149201	60494	1	fixed_evidence_replay	cu_v3_sonnet_2026_06	cu_v3_sonnet_2026_06+replay	no	low	False	True	no	low	False	True	low	low	True	True	unclear	unclear	True	True	weak	weak	True	True	mostly_intracellular	mostly_intracellular	True	True	restricted	restricted	True	True	low	low	True	True	cytoplasmic	dual_localization	False	False	none	none	True	True	other	other	True	True	miscellaneous	miscellaneous	True	True	unknown	unknown	True	True	False	False	True	True	False	False	True	True	False	False	True	True	False	False	True	True	False	False	True	True	False	False	True	True	False	False	True	True	False	False	True	True	True	True	True	True	plasma_membrane	plasma_membrane	True	True	unknown	unknown	True	True			True	True	0	0	
HGNC:10600	SCNN1B	P51168	ENSG00000168447	6338	1	fixed_evidence_replay	cu_v3_sonnet_2026_06	cu_v3_sonnet_2026_06+replay	canonical	canonical	True	True	high	high	True	True	high	high	True	True	moderate	moderate	True	True	direct_multi_method	direct_multi_method	True	True	mixed	mixed	True	True	restricted	restricted	True	True	high	high	True	True	multipass_with_exposed_loops	multipass_with_exposed_loops	True	True	immune	immune	True	True	multi_pass	multi_pass	True	True	transporter	transporter	True	True	required	required	True	True	True	True	True	True	False	False	True	True	False	False	True	True	False	False	True	True	True	True	True	True	True	True	True	True	True	True	True	True	True	True	True	True	False	False	True	True	plasma_membrane	plasma_membrane	True	True	apical	apical	True	True			True	True	23	23	1.0
HGNC:15301	OR6A2	O95222	ENSG00000184933	8590	1	fixed_evidence_replay	cu_v3_sonnet_2026_06	cu_v3_sonnet_2026_06+replay	canonical	canonical	True	True	moderate	moderate	True	True	moderate	moderate	True	True	high	high	True	True	direct_single_method	direct_single_method	True	True	mixed	mixed	True	True	restricted	restricted	True	True	moderate	moderate	True	True	cell_state_induced	cell_state_induced	True	True	other	other	True	True	GPCR	GPCR	True	True	receptor	receptor	True	True	none	none	True	True	True	True	True	True	False	False	True	True	False	False	True	True	False	False	True	True	True	True	True	True	True	True	True	True	True	True	True	True	False	False	True	True	True	True	True	True	plasma_membrane	plasma_membrane	True	True	ciliary	ciliary	True	True			True	True	4	4	1.0
HGNC:27270	OLFML2A	Q68BL7	ENSG00000185585	169611	1	fixed_evidence_replay	cu_v3_sonnet_2026_06	cu_v3_sonnet_2026_06+replay	no	no	True	True	no	no	True	True	moderate	low	False	True	unclear	unclear	True	True	weak	weak	True	True	mostly_intracellular	mostly_intracellular	True	True	restricted	restricted	True	True	moderate	moderate	True	True	secreted_only	secreted_only	True	True	none	oncogenic	False	False	other	other	True	True	miscellaneous	miscellaneous	True	True	none	none	True	True	False	False	True	True	True	True	True	True	False	False	True	True	True	True	True	True	False	False	True	True	False	True	False	False	False	False	True	True	False	False	True	True	True	True	True	True	secreted	secreted	True	True	other	unknown	False	False	unknown	unknown	True	True	4	4	1.0
HGNC:53647	CIROP	A0A1B0GTW7	ENSG00000283654	100128908	1	fixed_evidence_replay	cu_v3_sonnet_2026_06	cu_v3_sonnet_2026_06+replay	low	low	True	True	low	low	True	True	low	low	True	True	high	high	True	True	weak	weak	True	True	surface_dominant	mixed	False	True	rare	rare	True	True	low	low	True	True	tissue_restricted_surface	tissue_restricted_surface	True	True	none	none	True	True	single_pass_T1	single_pass_T1	True	True	enzyme	enzyme	True	True	none	none	True	True	False	False	True	True	False	False	True	True	False	False	True	True	False	False	True	True	False	False	True	True	False	False	True	True	True	True	True	True	False	False	True	True	True	True	True	True	secreted	secreted	True	True	ciliary	ciliary	True	True			True	True	2	2	1.0
HGNC:27014	LYG1	Q8N1E2	ENSG00000144214	129530	1	fixed_evidence_replay	cu_v3_sonnet_2026_06	cu_v3_sonnet_2026_06+replay	no	no	True	True	no	no	True	True	low	low	True	True	unclear	unclear	True	True	weak	weak	True	True	mostly_intracellular	mostly_intracellular	True	True	restricted	rare	False	True	low	low	True	True	secreted_only	secreted_only	True	True	none	none	True	True	other	other	True	True	enzyme	enzyme	True	True	none	none	True	True	False	False	True	True	True	True	True	True	False	False	True	True	True	True	True	True	False	False	True	True	False	False	True	True	False	False	True	True	False	False	True	True	True	True	True	True	secreted	secreted	True	True	unknown	unknown	True	True	unknown	unknown	True	True	2	2	1.0
HGNC:21094	CALHM4	Q5JW98	ENSG00000164451	221301	1	fixed_evidence_replay	cu_v3_sonnet_2026_06	cu_v3_sonnet_2026_06+replay	likely	likely	True	True	moderate	moderate	True	True	low	low	True	True	moderate	moderate	True	True	supportive_but_indirect	supportive_but_indirect	True	True	mixed	mixed	True	True	rare	rare	True	True	high	high	True	True	multipass_with_exposed_loops	tissue_restricted_surface	False	True	none	none	True	True	multi_pass	multi_pass	True	True	transporter	transporter	True	True	modulatory	modulatory	True	True	False	False	True	True	False	False	True	True	False	False	True	True	False	False	True	True	True	True	True	True	False	False	True	True	True	True	True	True	False	False	True	True	False	False	True	True	plasma_membrane	plasma_membrane	True	True	apical	apical	True	True			True	True	4	4	1.0
HGNC:3676	FGF2	P09038	ENSG00000138685	2247	1	fixed_evidence_replay	cu_v3_sonnet_2026_06	cu_v3_sonnet_2026_06+replay	likely	likely	True	True	moderate	moderate	True	True	moderate	moderate	True	True	high	high	True	True	supportive_but_indirect	supportive_but_indirect	True	True	mostly_intracellular	mostly_intracellular	True	True	broad	broad	True	True	moderate	moderate	True	True	stable_surface_attachment	stable_surface_attachment	True	True	oncogenic	oncogenic	True	True	other	other	True	True	miscellaneous	miscellaneous	True	True	modulatory	modulatory	True	True	False	False	True	True	True	True	True	True	False	False	True	True	True	True	True	True	True	True	True	True	True	True	True	True	False	False	True	True	False	False	True	True	False	False	True	True	secreted	secreted	True	True	unknown	unknown	True	True	unknown	unknown	True	True	18	18	1.0
HGNC:9608	PTH1R	Q03431	ENSG00000160801	5745	1	fixed_evidence_replay	cu_v3_sonnet_2026_06	cu_v3_sonnet_2026_06+replay	canonical	canonical	True	True	high	high	True	True	high	high	True	True	moderate	moderate	True	True	direct_multi_method	direct_multi_method	True	True	surface_dominant	surface_dominant	True	True	broad	broad	True	True	high	high	True	True	classical_surface_receptor	classical_surface_receptor	True	True	stress_hypoxia	immune	False	True	GPCR	GPCR	True	True	receptor	receptor	True	True	modulatory	modulatory	True	True	True	True	True	True	True	True	True	True	True	True	True	True	False	False	True	True	True	True	True	True	True	True	True	True	True	True	True	True	True	True	True	True	False	False	True	True	plasma_membrane	plasma_membrane	True	True	ciliary	ciliary	True	True			True	True	36	36	1.0
HGNC:15503	LILRA4	P59901	ENSG00000239961	23547	1	fixed_evidence_replay	cu_v3_sonnet_2026_06	cu_v3_sonnet_2026_06+replay	likely	likely	True	True	high	high	True	True	high	high	True	True	moderate	high	False	True	direct_multi_method	direct_multi_method	True	True	surface_dominant	surface_dominant	True	True	rare	rare	True	True	high	high	True	True	tissue_restricted_surface	tissue_restricted_surface	True	True	oncogenic	oncogenic	True	True	single_pass_T1	single_pass_T1	True	True	receptor	receptor	True	True	required	required	True	True	True	True	True	True	True	True	True	True	False	False	True	True	False	False	True	True	True	False	False	False	True	True	True	True	False	False	True	True	True	True	True	True	False	False	True	True	plasma_membrane	plasma_membrane	True	True	unknown	unknown	True	True			True	True	17	17	1.0
HGNC:11346	IL24	Q13007	ENSG00000162892	11009	1	fixed_evidence_replay	cu_v3_sonnet_2026_06	cu_v3_sonnet_2026_06+replay	no	no	True	True	no	no	True	True	moderate	moderate	True	True	unclear	unclear	True	True	weak	weak	True	True	mostly_intracellular	mostly_intracellular	True	True	restricted	restricted	True	True	moderate	moderate	True	True	secreted_only	secreted_only	True	True	none	immune	False	False	other	other	True	True	miscellaneous	miscellaneous	True	True	none	none	True	True	False	False	True	True	True	True	True	True	False	False	True	True	True	True	True	True	False	False	True	True	False	True	False	False	False	False	True	True	False	False	True	True	True	True	True	True	secreted	secreted	True	True	unknown	unknown	True	True	unknown	unknown	True	True	14	14	1.0
HGNC:14376	ACP4	Q9BZG2	ENSG00000142513	93650	1	fixed_evidence_replay	cu_v3_sonnet_2026_06	cu_v3_sonnet_2026_06+replay	likely	likely	True	True	moderate	moderate	True	True	moderate	moderate	True	True	high	high	True	True	supportive_but_indirect	supportive_but_indirect	True	True	mostly_intracellular	mixed	False	True	restricted	restricted	True	True	moderate	moderate	True	True	tissue_restricted_surface	tissue_restricted_surface	True	True	oncogenic	oncogenic	True	True	single_pass_T1	single_pass_T1	True	True	enzyme	enzyme	True	True	none	none	True	True	False	False	True	True	True	True	True	True	False	False	True	True	True	True	True	True	False	False	True	True	False	True	False	False	True	True	True	True	False	False	True	True	True	True	True	True	plasma_membrane	plasma_membrane	True	True	apical	apical	True	True	alternative_splicing	alternative_splicing	True	True	6	7	0.625
HGNC:33285	CT47A4	Q5JQC4	ENSG00000230594	728075	1	fixed_evidence_replay	cu_v3_sonnet_2026_06	cu_v3_sonnet_2026_06+replay	no	no	True	True	no	no	True	True	low	low	True	True	unclear	unclear	True	True	weak	weak	True	True	mostly_intracellular	mostly_intracellular	True	True	rare	rare	True	True	low	low	True	True	cytoplasmic	cytoplasmic	True	True	none	none	True	True	other	other	True	True	miscellaneous	miscellaneous	True	True	unknown	unknown	True	True	False	False	True	True	False	False	True	True	False	False	True	True	False	False	True	True	False	False	True	True	False	False	True	True	False	False	True	True	False	False	True	True	True	True	True	True	plasma_membrane	plasma_membrane	True	True	unknown	unknown	True	True			True	True	0	0	
HGNC:4525	NPFFR2	Q9Y5X5	ENSG00000056291	10886	1	fixed_evidence_replay	cu_v3_sonnet_2026_06	cu_v3_sonnet_2026_06+replay	canonical	canonical	True	True	high	high	True	True	high	high	True	True	moderate	moderate	True	True	direct_single_method	direct_multi_method	False	True	surface_dominant	surface_dominant	True	True	broad	broad	True	True	moderate	moderate	True	True	classical_surface_receptor	classical_surface_receptor	True	True	oncogenic	oncogenic	True	True	GPCR	GPCR	True	True	receptor	receptor	True	True	none	none	True	True	False	False	True	True	True	True	True	True	False	False	True	True	False	False	True	True	False	False	True	True	True	True	True	True	False	False	True	True	True	True	True	True	False	False	True	True	plasma_membrane	plasma_membrane	True	True	unknown	unknown	True	True			True	True	20	20	1.0
HGNC:11039	SLC5A4	Q9NY91	ENSG00000100191	6527	1	fixed_evidence_replay	cu_v3_sonnet_2026_06	cu_v3_sonnet_2026_06+replay	likely	likely	True	True	high	high	True	True	moderate	moderate	True	True	moderate	moderate	True	True	direct_multi_method	direct_multi_method	True	True	surface_dominant	surface_dominant	True	True	restricted	restricted	True	True	moderate	moderate	True	True	tissue_restricted_surface	tissue_restricted_surface	True	True	oncogenic	oncogenic	True	True	multi_pass	multi_pass	True	True	transporter	transporter	True	True	none	none	True	True	False	False	True	True	True	True	True	True	False	False	True	True	False	False	True	True	True	False	False	False	True	True	True	True	True	True	True	True	True	True	True	True	True	True	True	True	plasma_membrane	plasma_membrane	True	True	other	other	True	True			True	True	12	12	1.0
HGNC:29942	TSPAN10	Q9H1Z9	ENSG00000182612	83882	1	fixed_evidence_replay	cu_v3_sonnet_2026_06	cu_v3_sonnet_2026_06+replay	likely	canonical	False	True	moderate	moderate	True	True	moderate	moderate	True	True	moderate	moderate	True	True	supportive_but_indirect	supportive_but_indirect	True	True	surface_dominant	surface_dominant	True	True	restricted	restricted	True	True	moderate	moderate	True	True	tissue_restricted_surface	multipass_with_exposed_loops	False	True	none	other	False	False	tetraspanin	tetraspanin	True	True	miscellaneous	miscellaneous	True	True	modulatory	modulatory	True	True	False	False	True	True	True	True	True	True	False	False	True	True	False	False	True	True	True	True	True	True	True	True	True	True	False	True	False	False	False	False	True	True	True	True	True	True	plasma_membrane	plasma_membrane	True	True	unknown	other	False	False			True	True	12	12	1.0
HGNC:25237	TMX4	Q9H1E5	ENSG00000125827	56255	1	fixed_evidence_replay	cu_v3_sonnet_2026_06	cu_v3_sonnet_2026_06+replay	no	no	True	True	no	no	True	True	high	high	True	True	unclear	unclear	True	True	weak	weak	True	True	mostly_intracellular	mostly_intracellular	True	True	broad	broad	True	True	moderate	moderate	True	True	endomembrane_resident	endomembrane_resident	True	True	none	none	True	True	single_pass_T1	single_pass_T1	True	True	enzyme	enzyme	True	True	none	none	True	True	False	False	True	True	True	True	True	True	False	False	True	True	False	False	True	True	False	False	True	True	False	False	True	True	False	True	False	False	False	False	True	True	False	False	True	True	ER	ER	True	True	unknown	other	False	False			True	True	12	12	1.0
HGNC:4076	GABRA2	P47869	ENSG00000151834	2555	1	fixed_evidence_replay	cu_v3_sonnet_2026_06	cu_v3_sonnet_2026_06+replay	canonical	canonical	True	True	high	high	True	True	high	high	True	True	moderate	moderate	True	True	direct_multi_method	direct_multi_method	True	True	surface_dominant	surface_dominant	True	True	restricted	restricted	True	True	high	moderate	False	True	multipass_with_exposed_loops	multipass_with_exposed_loops	True	True	oncogenic	oncogenic	True	True	multi_pass	multi_pass	True	True	receptor	receptor	True	True	modulatory	modulatory	True	True	False	False	True	True	True	True	True	True	False	False	True	True	False	False	True	True	True	True	True	True	True	True	True	True	True	True	True	True	True	True	True	True	False	True	False	False	plasma_membrane	plasma_membrane	True	True	synaptic	synaptic	True	True			True	True	21	21	1.0
HGNC:15511	VANGL2	Q9ULK5	ENSG00000162738	57216	1	fixed_evidence_replay	cu_v3_sonnet_2026_06	cu_v3_sonnet_2026_06+replay	canonical	canonical	True	True	moderate	moderate	True	True	moderate	moderate	True	True	moderate	moderate	True	True	supportive_but_indirect	supportive_but_indirect	True	True	mixed	mixed	True	True	broad	broad	True	True	moderate	moderate	True	True	multipass_with_exposed_loops	multipass_with_exposed_loops	True	True	oncogenic	oncogenic	True	True	multi_pass	multi_pass	True	True	miscellaneous	miscellaneous	True	True	modulatory	modulatory	True	True	False	False	True	True	True	True	True	True	False	False	True	True	False	False	True	True	True	True	True	True	True	True	True	True	True	True	True	True	True	True	True	True	False	False	True	True	plasma_membrane	plasma_membrane	True	True	junctional	junctional	True	True			True	True	29	29	1.0
HGNC:17111	ADAMTS19	Q8TE59	ENSG00000145808	171019	1	fixed_evidence_replay	cu_v3_sonnet_2026_06	cu_v3_sonnet_2026_06+replay	no	no	True	True	no	no	True	True	low	low	True	True	unclear	unclear	True	True	weak	weak	True	True	mostly_intracellular	mostly_intracellular	True	True	restricted	restricted	True	True	low	moderate	False	True	secreted_only	secreted_only	True	True	none	none	True	True	other	other	True	True	enzyme	enzyme	True	True	none	none	True	True	False	False	True	True	True	True	True	True	False	False	True	True	True	True	True	True	False	False	True	True	False	False	True	True	False	False	True	True	False	False	True	True	True	True	True	True	secreted	secreted	True	True	unknown	unknown	True	True	unknown	unknown	True	True	6	6	1.0
HGNC:54074	SMIM38	A0A286YFK9	ENSG00000284713	107984345	2	fixed_evidence_replay	cu_v3_sonnet_2026_06	cu_v3_sonnet_2026_06+replay	uncertain	uncertain	True	True	uncertain	uncertain	True	True	low	low	True	True	unclear	unclear	True	True	weak	weak	True	True	mostly_intracellular	mostly_intracellular	True	True	rare	rare	True	True	low	low	True	True	other	other	True	True	none	none	True	True	single_pass_T1	single_pass_T1	True	True	miscellaneous	miscellaneous	True	True	unknown	unknown	True	True	False	False	True	True	False	False	True	True	False	False	True	True	False	False	True	True	False	False	True	True	False	False	True	True	False	False	True	True	False	False	True	True	True	True	True	True	plasma_membrane	plasma_membrane	True	True	unknown	unknown	True	True			True	True	0	0	
HGNC:20453	KLK15	Q9H2R5	ENSG00000174562	55554	2	fixed_evidence_replay	cu_v3_sonnet_2026_06	cu_v3_sonnet_2026_06+replay	no	no	True	True	no	no	True	True	low	low	True	True	unclear	unclear	True	True	weak	weak	True	True	mostly_intracellular	mostly_intracellular	True	True	restricted	restricted	True	True	high	high	True	True	secreted_only	secreted_only	True	True	oncogenic	oncogenic	True	True	other	other	True	True	enzyme	enzyme	True	True	none	none	True	True	False	False	True	True	True	True	True	True	False	False	True	True	True	True	True	True	False	False	True	True	True	True	True	True	False	False	True	True	False	False	True	True	False	False	True	True	secreted	secreted	True	True	unknown	unknown	True	True	unknown	unknown	True	True	2	2	1.0
HGNC:23334	ANXA8L1	Q5VT79	ENSG00000264230	728113	2	fixed_evidence_replay	cu_v3_sonnet_2026_06	cu_v3_sonnet_2026_06+replay	no	no	True	True	no	no	True	True	low	low	True	True	unclear	unclear	True	True	weak	weak	True	True	mostly_intracellular	mostly_intracellular	True	True	restricted	restricted	True	True	moderate	moderate	True	True	inner_leaflet_anchored	inner_leaflet_anchored	True	True	oncogenic	oncogenic	True	True	other	other	True	True	miscellaneous	miscellaneous	True	True	none	none	True	True	False	False	True	True	True	True	True	True	False	False	True	True	False	False	True	True	False	False	True	True	False	True	False	False	False	False	True	True	False	False	True	True	True	True	True	True	plasma_membrane	plasma_membrane	True	True	unknown	unknown	True	True			True	True	4	4	1.0
HGNC:23694	GPR161	Q8N6U8	ENSG00000143147	23432	2	fixed_evidence_replay	cu_v3_sonnet_2026_06	cu_v3_sonnet_2026_06+replay	likely	likely	True	True	moderate	moderate	True	True	moderate	moderate	True	True	high	high	True	True	supportive_but_indirect	supportive_but_indirect	True	True	mixed	mixed	True	True	restricted	restricted	True	True	moderate	moderate	True	True	tissue_restricted_surface	tissue_restricted_surface	True	True	oncogenic	oncogenic	True	True	GPCR	GPCR	True	True	receptor	receptor	True	True	modulatory	modulatory	True	True	False	False	True	True	True	True	True	True	False	False	True	True	False	False	True	True	True	True	True	True	False	False	True	True	True	True	True	True	True	True	True	True	True	True	True	True	plasma_membrane	plasma_membrane	True	True	ciliary	ciliary	True	True			True	True	27	27	1.0
HGNC:1765	CDH6	P55285	ENSG00000113361	1004	2	fixed_evidence_replay	cu_v3_sonnet_2026_06	cu_v3_sonnet_2026_06+replay	canonical	canonical	True	True	high	high	True	True	high	high	True	True	moderate	moderate	True	True	direct_multi_method	direct_multi_method	True	True	surface_dominant	surface_dominant	True	True	restricted	restricted	True	True	high	high	True	True	classical_surface_receptor	classical_surface_receptor	True	True	oncogenic	oncogenic	True	True	single_pass_T1	single_pass_T1	True	True	miscellaneous	miscellaneous	True	True	none	none	True	True	True	True	True	True	True	True	True	True	True	True	True	True	True	False	False	False	False	False	True	True	True	True	True	True	True	True	True	True	False	True	False	False	False	False	True	True	plasma_membrane	plasma_membrane	True	True	junctional	junctional	True	True	proteolytic		False	False	28	28	1.0
HGNC:30053	PLET1	Q6UQ28	ENSG00000188771	349633	2	fixed_evidence_replay	cu_v3_sonnet_2026_06	cu_v3_sonnet_2026_06+replay	likely	likely	True	True	moderate	moderate	True	True	moderate	moderate	True	True	high	high	True	True	direct_single_method	direct_single_method	True	True	mixed	mixed	True	True	restricted	restricted	True	True	moderate	moderate	True	True	tissue_restricted_surface	tissue_restricted_surface	True	True	immune	immune	True	True	GPI_anchored	GPI_anchored	True	True	miscellaneous	miscellaneous	True	True	none	none	True	True	True	True	True	True	True	True	True	True	True	True	True	True	True	True	True	True	False	False	True	True	False	False	True	True	True	True	True	True	True	True	True	True	True	True	True	True	plasma_membrane	plasma_membrane	True	True	apical	apical	True	True	proteolytic	proteolytic	True	True	9	9	1.0
HGNC:7995	NRDC	O43847	ENSG00000078618	4898	2	fixed_evidence_replay	cu_v3_sonnet_2026_06	cu_v3_sonnet_2026_06+replay	likely	canonical	False	True	moderate	moderate	True	True	moderate	moderate	True	True	moderate	moderate	True	True	direct_single_method	supportive_but_indirect	False	True	mostly_intracellular	mixed	False	True	broad	broad	True	True	moderate	moderate	True	True	dual_localization	dual_localization	True	True	oncogenic	oncogenic	True	True	other	other	True	True	enzyme	enzyme	True	True	none	none	True	True	False	False	True	True	True	True	True	True	False	False	True	True	True	True	True	True	False	False	True	True	True	True	True	True	False	False	True	True	False	False	True	True	False	False	True	True	plasma_membrane	plasma_membrane	True	True	unknown	unknown	True	True	unknown	unknown	True	True	17	17	1.0
HGNC:17993	TRPM4	Q8TD43	ENSG00000130529	54795	2	fixed_evidence_replay	cu_v3_sonnet_2026_06	cu_v3_sonnet_2026_06+replay	canonical	canonical	True	True	high	high	True	True	high	high	True	True	moderate	moderate	True	True	direct_multi_method	direct_multi_method	True	True	surface_dominant	surface_dominant	True	True	pan_tissue	pan_tissue	True	True	high	high	True	True	multipass_with_exposed_loops	multipass_with_exposed_loops	True	True	oncogenic	oncogenic	True	True	multi_pass	multi_pass	True	True	transporter	transporter	True	True	modulatory	none	False	False	True	True	True	True	True	True	True	True	False	False	True	True	False	False	True	True	False	False	True	True	False	True	False	False	True	True	True	True	True	True	True	True	False	False	True	True	plasma_membrane	plasma_membrane	True	True	basolateral	basolateral	True	True			True	True	34	34	1.0
HGNC:4082	GABRB2	P47870	ENSG00000145864	2561	2	fixed_evidence_replay	cu_v3_sonnet_2026_06	cu_v3_sonnet_2026_06+replay	canonical	canonical	True	True	high	high	True	True	high	high	True	True	moderate	moderate	True	True	direct_multi_method	direct_multi_method	True	True	surface_dominant	surface_dominant	True	True	restricted	restricted	True	True	high	high	True	True	multipass_with_exposed_loops	multipass_with_exposed_loops	True	True	oncogenic	oncogenic	True	True	multi_pass	multi_pass	True	True	receptor	receptor	True	True	required	required	True	True	True	True	True	True	True	True	True	True	False	False	True	True	False	False	True	True	True	True	True	True	True	True	True	True	True	True	True	True	True	True	True	True	False	False	True	True	plasma_membrane	plasma_membrane	True	True	synaptic	synaptic	True	True			True	True	19	19	1.0
HGNC:7590	MYLK	Q15746	ENSG00000065534	4638	2	fixed_evidence_replay	cu_v3_sonnet_2026_06	cu_v3_sonnet_2026_06+replay	no	no	True	True	no	no	True	True	high	high	True	True	unclear	unclear	True	True	weak	weak	True	True	mostly_intracellular	mostly_intracellular	True	True	broad	broad	True	True	moderate	moderate	True	True	cytoplasmic	cytoplasmic	True	True	none	none	True	True	other	other	True	True	enzyme	enzyme	True	True	none	none	True	True	False	False	True	True	True	True	True	True	False	False	True	True	False	False	True	True	False	False	True	True	True	True	True	True	False	False	True	True	False	False	True	True	False	False	True	True	cytosol	cytosol	True	True	unknown	unknown	True	True			True	True	20	20	1.0
HGNC:10920	SLC15A1	P46059	ENSG00000088386	6564	2	fixed_evidence_replay	cu_v3_sonnet_2026_06	cu_v3_sonnet_2026_06+replay	canonical	canonical	True	True	high	high	True	True	high	high	True	True	moderate	moderate	True	True	direct_multi_method	direct_multi_method	True	True	surface_dominant	surface_dominant	True	True	restricted	restricted	True	True	high	high	True	True	multipass_with_exposed_loops	multipass_with_exposed_loops	True	True	oncogenic	oncogenic	True	True	multi_pass	multi_pass	True	True	transporter	transporter	True	True	none	none	True	True	False	False	True	True	True	True	True	True	False	False	True	True	False	False	True	True	True	True	True	True	True	True	True	True	True	True	True	True	True	True	True	True	False	False	True	True	plasma_membrane	plasma_membrane	True	True	apical	apical	True	True			True	True	26	26	1.0
HGNC:9594	PTGER2	P43116	ENSG00000125384	5732	2	fixed_evidence_replay	cu_v3_sonnet_2026_06	cu_v3_sonnet_2026_06+replay	canonical	canonical	True	True	high	high	True	True	high	high	True	True	moderate	moderate	True	True	direct_multi_method	direct_multi_method	True	True	mixed	surface_dominant	False	True	broad	broad	True	True	moderate	moderate	True	True	classical_surface_receptor	classical_surface_receptor	True	True	oncogenic	oncogenic	True	True	GPCR	GPCR	True	True	receptor	receptor	True	True	modulatory	modulatory	True	True	False	False	True	True	True	True	True	True	False	False	True	True	False	False	True	True	False	False	True	True	True	True	True	True	True	True	True	True	True	True	True	True	False	False	True	True	plasma_membrane	plasma_membrane	True	True	apical	apical	True	True			True	True	30	30	1.0
HGNC:1183	ANO2	Q9NQ90	ENSG00000047617	57101	2	fixed_evidence_replay	cu_v3_sonnet_2026_06	cu_v3_sonnet_2026_06+replay	likely	likely	True	True	moderate	high	False	True	moderate	moderate	True	True	high	moderate	False	True	direct_multi_method	direct_multi_method	True	True	surface_dominant	surface_dominant	True	True	restricted	restricted	True	True	high	high	True	True	tissue_restricted_surface	tissue_restricted_surface	True	True	none	oncogenic	False	False	multi_pass	multi_pass	True	True	transporter	transporter	True	True	modulatory	modulatory	True	True	False	False	True	True	True	True	True	True	False	False	True	True	False	False	True	True	True	True	True	True	False	False	True	True	True	True	True	True	True	True	True	True	False	False	True	True	plasma_membrane	plasma_membrane	True	True	ciliary	ciliary	True	True			True	True	23	23	1.0
HGNC:6158	ITGB4	P16144	ENSG00000132470	3691	2	fixed_evidence_replay	cu_v3_sonnet_2026_06	cu_v3_sonnet_2026_06+replay	canonical	canonical	True	True	high	high	True	True	high	high	True	True	moderate	moderate	True	True	direct_multi_method	direct_multi_method	True	True	surface_dominant	surface_dominant	True	True	broad	broad	True	True	high	high	True	True	classical_surface_receptor	classical_surface_receptor	True	True	oncogenic	oncogenic	True	True	single_pass_T1	single_pass_T1	True	True	receptor	receptor	True	True	modulatory	none	False	False	True	True	True	True	True	True	True	True	False	False	True	True	True	False	False	False	True	False	False	False	True	True	True	True	True	True	True	True	False	False	True	True	False	False	True	True	plasma_membrane	plasma_membrane	True	True	basolateral	other	False	False	proteolytic		False	False	40	40	1.0
HGNC:15299	OR5W2	Q8NH69	ENSG00000187612	390148	2	fixed_evidence_replay	cu_v3_sonnet_2026_06	cu_v3_sonnet_2026_06+replay	low	low	True	True	low	low	True	True	low	low	True	True	high	moderate	False	True	weak	weak	True	True	surface_dominant	surface_dominant	True	True	rare	rare	True	True	low	low	True	True	tissue_restricted_surface	tissue_restricted_surface	True	True	none	none	True	True	GPCR	GPCR	True	True	receptor	receptor	True	True	unknown	unknown	True	True	False	False	True	True	False	False	True	True	False	False	True	True	False	False	True	True	False	False	True	True	False	False	True	True	False	False	True	True	False	False	True	True	True	True	True	True	plasma_membrane	plasma_membrane	True	True	unknown	unknown	True	True			True	True	0	0	
HGNC:14912	TAS2R5	Q9NYW4	ENSG00000127366	54429	2	fixed_evidence_replay	cu_v3_sonnet_2026_06	cu_v3_sonnet_2026_06+replay	likely	likely	True	True	moderate	moderate	True	True	moderate	moderate	True	True	moderate	high	False	True	supportive_but_indirect	supportive_but_indirect	True	True	mixed	mixed	True	True	broad	broad	True	True	moderate	moderate	True	True	tissue_restricted_surface	tissue_restricted_surface	True	True	immune	none	False	False	GPCR	GPCR	True	True	receptor	receptor	True	True	none	none	True	True	False	False	True	True	True	True	True	True	False	False	True	True	False	False	True	True	True	True	True	True	True	True	True	True	True	True	True	True	False	True	False	False	False	False	True	True	plasma_membrane	plasma_membrane	True	True	apical	apical	True	True			True	True	19	19	1.0
HGNC:13448	SLC38A2	Q96QD8	ENSG00000134294	54407	2	fixed_evidence_replay	cu_v3_sonnet_2026_06	cu_v3_sonnet_2026_06+replay	canonical	canonical	True	True	high	high	True	True	high	moderate	False	True	moderate	high	False	True	direct_multi_method	direct_multi_method	True	True	mixed	mixed	True	True	pan_tissue	pan_tissue	True	True	high	high	True	True	multipass_with_exposed_loops	cell_state_induced	False	True	oncogenic	oncogenic	True	True	multi_pass	multi_pass	True	True	transporter	transporter	True	True	none	none	True	True	True	True	True	True	True	True	True	True	False	False	True	True	False	False	True	True	True	True	True	True	True	True	True	True	True	True	True	True	False	False	True	True	False	False	True	True	plasma_membrane	plasma_membrane	True	True	apical	apical	True	True			True	True	32	32	1.0
HGNC:1818	CEACAM6	P40199	ENSG00000086548	4680	2	fixed_evidence_replay	cu_v3_sonnet_2026_06	cu_v3_sonnet_2026_06+replay	canonical	canonical	True	True	high	high	True	True	high	high	True	True	moderate	high	False	True	direct_multi_method	direct_multi_method	True	True	surface_dominant	surface_dominant	True	True	broad	broad	True	True	high	high	True	True	gpi_anchored	gpi_anchored	True	True	oncogenic	oncogenic	True	True	GPI_anchored	GPI_anchored	True	True	miscellaneous	miscellaneous	True	True	none	none	True	True	True	True	True	True	True	True	True	True	False	False	True	True	True	True	True	True	True	True	True	True	True	True	True	True	True	True	True	True	False	False	True	True	False	False	True	True	plasma_membrane	plasma_membrane	True	True	apical	apical	True	True	proteolytic	proteolytic	True	True	36	36	1.0
HGNC:26649	C16orf54	Q6UWD8	ENSG00000185905	283897	2	fixed_evidence_replay	cu_v3_sonnet_2026_06	cu_v3_sonnet_2026_06+replay	likely	low	False	False	moderate	moderate	True	True	low	low	True	True	high	high	True	True	direct_single_method	weak	False	False	surface_dominant	surface_dominant	True	True	rare	rare	True	True	high	high	True	True	tissue_restricted_surface	cell_state_induced	False	True	none	oncogenic	False	False	single_pass_T1	single_pass_T1	True	True	miscellaneous	miscellaneous	True	True	none	none	True	True	True	False	False	False	True	True	True	True	False	False	True	True	False	False	True	True	False	False	True	True	False	False	True	True	False	False	True	True	False	False	True	True	False	False	True	True	plasma_membrane	plasma_membrane	True	True	unknown	unknown	True	True			True	True	1	1	1.0
HGNC:42951	FNDC10	F2Z333	ENSG00000228594	643988	2	fixed_evidence_replay	cu_v3_sonnet_2026_06	cu_v3_sonnet_2026_06+replay	low	low	True	True	low	low	True	True	low	low	True	True	unclear	unclear	True	True	weak	weak	True	True	mixed	mixed	True	True	rare	rare	True	True	low	low	True	True	tissue_restricted_surface	tissue_restricted_surface	True	True	none	none	True	True	single_pass_T1	single_pass_T1	True	True	miscellaneous	miscellaneous	True	True	none	none	True	True	False	False	True	True	False	False	True	True	False	False	True	True	False	False	True	True	False	False	True	True	False	False	True	True	False	False	True	True	False	False	True	True	True	True	True	True	plasma_membrane	plasma_membrane	True	True	unknown	unknown	True	True			True	True	0	0	
HGNC:6266	KCNJ5	P48544	ENSG00000120457	3762	2	fixed_evidence_replay	cu_v3_sonnet_2026_06	cu_v3_sonnet_2026_06+replay	canonical	likely	False	True	high	moderate	False	True	high	moderate	False	True	moderate	moderate	True	True	direct_multi_method	direct_single_method	False	True	surface_dominant	surface_dominant	True	True	restricted	restricted	True	True	high	high	True	True	multipass_with_exposed_loops	tissue_restricted_surface	False	True	oncogenic	oncogenic	True	True	multi_pass	multi_pass	True	True	transporter	transporter	True	True	modulatory	modulatory	True	True	False	False	True	True	True	True	True	True	False	False	True	True	False	False	True	True	True	True	True	True	True	True	True	True	False	False	True	True	True	True	True	True	False	False	True	True	plasma_membrane	plasma_membrane	True	True	unknown	unknown	True	True			True	True	16	16	1.0
HGNC:21750	SOFU1	Q96L11	ENSG00000165131	135927	2	fixed_evidence_replay	cu_v3_sonnet_2026_06	cu_v3_sonnet_2026_06+replay	low	low	True	True	low	low	True	True	low	low	True	True	high	high	True	True	weak	weak	True	True	mixed	mixed	True	True	rare	rare	True	True	high	high	True	True	tissue_restricted_surface	tissue_restricted_surface	True	True	other	other	True	True	other	other	True	True	miscellaneous	miscellaneous	True	True	unknown	none	False	False	False	False	True	True	False	False	True	True	False	False	True	True	True	True	True	True	False	False	True	True	True	True	True	True	True	True	True	True	False	False	True	True	False	False	True	True	plasma_membrane	plasma_membrane	True	True	other	other	True	True	unknown	unknown	True	True	3	3	1.0
HGNC:439	ALPP	P05187	ENSG00000163283	250	2	fixed_evidence_replay	cu_v3_sonnet_2026_06	cu_v3_sonnet_2026_06+replay	canonical	canonical	True	True	high	high	True	True	high	high	True	True	high	high	True	True	direct_multi_method	direct_multi_method	True	True	surface_dominant	surface_dominant	True	True	restricted	restricted	True	True	high	high	True	True	gpi_anchored	gpi_anchored	True	True	oncogenic	oncogenic	True	True	GPI_anchored	GPI_anchored	True	True	enzyme	enzyme	True	True	none	none	True	True	True	True	True	True	True	True	True	True	True	True	True	True	True	True	True	True	True	True	True	True	False	False	True	True	False	False	True	True	False	False	True	True	False	False	True	True	plasma_membrane	plasma_membrane	True	True	unknown	unknown	True	True	proteolytic	proteolytic	True	True	12	12	1.0
HGNC:5258	HSP90AB1	P08238	ENSG00000096384	3326	2	fixed_evidence_replay	cu_v3_sonnet_2026_06	cu_v3_sonnet_2026_06+replay	likely	likely	True	True	moderate	moderate	True	True	low	moderate	False	True	high	high	True	True	direct_single_method	supportive_but_indirect	False	True	mostly_intracellular	mostly_intracellular	True	True	pan_tissue	pan_tissue	True	True	high	moderate	False	True	cell_state_induced	cell_state_induced	True	True	oncogenic	oncogenic	True	True	other	other	True	True	miscellaneous	miscellaneous	True	True	none	none	True	True	False	False	True	True	True	True	True	True	False	False	True	True	True	True	True	True	True	False	False	False	False	False	True	True	False	False	True	True	False	False	True	True	False	False	True	True	cytosol	cytosol	True	True	unknown	unknown	True	True	unknown	unknown	True	True	10	10	1.0
HGNC:10377	RPLP2	P05387	ENSG00000177600	6181	2	fixed_evidence_replay	cu_v3_sonnet_2026_06	cu_v3_sonnet_2026_06+replay	no	no	True	True	no	no	True	True	low	low	True	True	unclear	unclear	True	True	weak	weak	True	True	mostly_intracellular	mostly_intracellular	True	True	pan_tissue	pan_tissue	True	True	moderate	high	False	True	cytoplasmic	cytoplasmic	True	True	none	none	True	True	other	other	True	True	miscellaneous	miscellaneous	True	True	none	none	True	True	False	False	True	True	False	False	True	True	False	False	True	True	False	False	True	True	False	False	True	True	False	False	True	True	False	False	True	True	False	False	True	True	False	False	True	True	cytosol	cytosol	True	True	unknown	unknown	True	True			True	True	1	1	1.0
