gene_symbol	hgnc_id	triage_verdict	triage_reason	triage_confidence
ACAA2	HGNC:83	contextual	cell_state_induced	low
AGGF1	HGNC:24684	contextual	dual_localization	low
AGK	HGNC:21869	contextual	cell_state_induced	medium
AK1	HGNC:361	contextual	dual_localization	low
ALDOC	HGNC:418	contextual	cell_state_induced	low
AMPD2	HGNC:469	contextual	tissue_restricted_surface	medium
ANKRD26	HGNC:29186	contextual	cell_state_induced	low
APBA1	HGNC:578	contextual	cell_state_induced	medium
APOL6	HGNC:14870	contextual	cell_state_induced	medium
ARC	HGNC:648	contextual	dual_localization	medium
ARID3A	HGNC:3031	contextual	dual_localization	medium
ATP5F1A	HGNC:823	contextual	cell_state_induced	medium
ATP6V1A	HGNC:851	contextual	other	medium
BAG6	HGNC:13919	contextual	cell_state_induced	medium
BAIAP3	HGNC:948	yes	multipass_with_exposed_loops	medium
BLCAP	HGNC:1055	yes	classical_surface_receptor	medium
C1orf115	HGNC:25873	contextual	dual_localization	medium
C1orf56	HGNC:26045	contextual	tissue_restricted_surface	medium
C2CD4A	HGNC:33627	contextual	dual_localization	medium
C2CD4B	HGNC:33628	contextual	dual_localization	low
C9orf85	HGNC:28784	contextual	dual_localization	low
CBX3	HGNC:1553	contextual	tissue_restricted_surface	medium
CCDC188	HGNC:51899	contextual	tissue_restricted_surface	low
CCDC54	HGNC:30703	contextual	cell_state_induced	low
CCNY	HGNC:23354	contextual	dual_localization	medium
CCT5	HGNC:1618	contextual	dual_localization	low
CCT7	HGNC:1622	contextual	cell_state_induced	low
CDC37	HGNC:1735	contextual	cell_state_induced	medium
CENPF	HGNC:1857	contextual	cell_state_induced	medium
CHAT	HGNC:1912	contextual	tissue_restricted_surface	medium
CHMP2B	HGNC:24537	contextual	cell_state_induced	medium
CHMP5	HGNC:26942	contextual	cell_state_induced	medium
CHMP6	HGNC:25675	contextual	cell_state_induced	medium
CIRBP	HGNC:1982	contextual	cell_state_induced	medium
CKAP5	HGNC:28959	contextual	dual_localization	medium
CRLF3	HGNC:17177	yes	classical_surface_receptor	medium
CSE1L	HGNC:2431	contextual	cell_state_induced	medium
CT47A2	HGNC:33283	contextual	cell_state_induced	low
CYB5B	HGNC:24374	contextual	cell_state_induced	medium
CYB5R3	HGNC:2873	contextual	dual_localization	medium
DARS2	HGNC:25538	contextual	cell_state_induced	low
DBI	HGNC:2690	contextual	cell_state_induced	medium
DCLK1	HGNC:2700	contextual	cell_state_induced	medium
DEK	HGNC:2768	contextual	cell_state_induced	medium
DIRAS3	HGNC:687	contextual	other	medium
DLST	HGNC:2911	contextual	tissue_restricted_surface	medium
DPP9	HGNC:18648	contextual	cell_state_induced	medium
DUT	HGNC:3078	contextual	cell_state_induced	low
EIF3A	HGNC:3271	contextual	cell_state_induced	medium
EN1	HGNC:3342	contextual	dual_localization	low
EPM2A	HGNC:3413	contextual	dual_localization	low
ESR2	HGNC:3468	contextual	cell_state_induced	medium
FAM149A	HGNC:24527	contextual	tissue_restricted_surface	low
FAM153A	HGNC:29940	contextual	tissue_restricted_surface	low
FEZ1	HGNC:3659	contextual	dual_localization	low
FLII	HGNC:3750	contextual	lysosomal_exocytosis	low
FNDC11	HGNC:28764	yes	classical_surface_receptor	low
FOXR2	HGNC:30469	contextual	cell_state_induced	low
GCSAM	HGNC:20253	contextual	tissue_restricted_surface	low
GGTLC2	HGNC:18596	contextual	dual_localization	low
GMFB	HGNC:4373	contextual	cell_state_induced	medium
GOT2	HGNC:4433	contextual	cell_state_induced	medium
H2BC12	HGNC:13954	contextual	cell_state_induced	medium
H2BC26	HGNC:20514	contextual	cell_state_induced	medium
H2BC4	HGNC:4757	contextual	cell_state_induced	medium
H4C3	HGNC:4787	contextual	cell_state_induced	medium
HARS1	HGNC:4816	contextual	cell_state_induced	medium
HDAC3	HGNC:4854	contextual	dual_localization	medium
HMGB3	HGNC:5004	contextual	cell_state_induced	medium
HMGN2	HGNC:4986	contextual	cell_state_induced	medium
HSPA1L	HGNC:5234	contextual	cell_state_induced	medium
IDO2	HGNC:27269	contextual	cell_state_induced	medium
JMJD6	HGNC:19355	contextual	dual_localization	medium
JOSD1	HGNC:28953	contextual	dual_localization	medium
KANK2	HGNC:29300	contextual	dual_localization	medium
LAP3	HGNC:18449	contextual	dual_localization	medium
LPXN	HGNC:14061	contextual	cell_state_induced	medium
LSM4	HGNC:17259	contextual	cell_state_induced	medium
LYSMD2	HGNC:28571	contextual	dual_localization	low
MAP1B	HGNC:6836	contextual	dual_localization	medium
MDFIC	HGNC:28870	contextual	dual_localization	medium
MEST	HGNC:7028	contextual	dual_localization	medium
MGRN1	HGNC:20254	contextual	dual_localization	medium
MPPED1	HGNC:1306	yes	gpi_anchored	medium
MTMR6	HGNC:7453	contextual	dual_localization	medium
NCOA4	HGNC:7671	contextual	cell_state_induced	medium
NDRG2	HGNC:14460	contextual	dual_localization	medium
NECAB2	HGNC:23746	contextual	dual_localization	medium
NET1	HGNC:14592	contextual	other	medium
NIPSNAP1	HGNC:7827	contextual	dual_localization	medium
NUDCD1	HGNC:24306	contextual	cell_state_induced	medium
PAK6	HGNC:16061	contextual	other	low
PBOV1	HGNC:21079	contextual	cell_state_induced	low
PCMT1	HGNC:8728	contextual	cell_state_induced	medium
PDCD5	HGNC:8764	contextual	dual_localization	low
PDZD7	HGNC:26257	contextual	tissue_restricted_surface	medium
PEPD	HGNC:8840	contextual	cell_state_induced	medium
PEX5	HGNC:9719	contextual	cell_state_induced	low
PFKL	HGNC:8876	contextual	cell_state_induced	low
PFKP	HGNC:8878	contextual	cell_state_induced	medium
PHLPP1	HGNC:20610	contextual	dual_localization	medium
PLCXD2	HGNC:26462	contextual	tissue_restricted_surface	low
PREP	HGNC:9358	contextual	cell_state_induced	medium
PRR15L	HGNC:28149	contextual	cell_state_induced	low
PRSS33	HGNC:30405	contextual	cell_state_induced	medium
PSMB4	HGNC:9541	contextual	dual_localization	low
PTOV1	HGNC:9632	contextual	dual_localization	low
PYCARD	HGNC:16608	contextual	cell_state_induced	medium
RGS14	HGNC:9996	contextual	cell_state_induced	medium
RNF11	HGNC:10056	contextual	dual_localization	medium
RNF144A	HGNC:20457	contextual	dual_localization	medium
RRM2	HGNC:10452	contextual	cell_state_induced	medium
RTL5	HGNC:29430	contextual	tissue_restricted_surface	medium
RTL6	HGNC:13343	contextual	tissue_restricted_surface	low
RXRB	HGNC:10478	contextual	cell_state_induced	medium
SGSM2	HGNC:29026	contextual	dual_localization	medium
SH3TC2	HGNC:29427	contextual	dual_localization	low
SIRT2	HGNC:10886	contextual	cell_state_induced	medium
SNRNP200	HGNC:30859	contextual	cell_state_induced	medium
SOD2	HGNC:11180	contextual	cell_state_induced	medium
SPAG1	HGNC:11212	contextual	tissue_restricted_surface	medium
SPAG9	HGNC:14524	contextual	cell_state_induced	medium
SPATA31A3	HGNC:32003	contextual	tissue_restricted_surface	low
SPATA31C2	HGNC:24508	contextual	tissue_restricted_surface	low
SPATA31E1	HGNC:26672	contextual	tissue_restricted_surface	low
SPHK2	HGNC:18859	contextual	dual_localization	medium
SQSTM1	HGNC:11280	contextual	cell_state_induced	medium
SRRM2	HGNC:16639	contextual	cell_state_induced	medium
SSB	HGNC:11316	contextual	cell_state_induced	medium
SYNJ2BP	HGNC:18955	contextual	dual_localization	medium
SYT12	HGNC:18381	yes	classical_surface_receptor	medium
TAF15	HGNC:11547	contextual	cell_state_induced	medium
TAX1BP3	HGNC:30684	contextual	cell_state_induced	low
TBC1D3D	HGNC:28944	contextual	dual_localization	low
TCP11X1	HGNC:48369	contextual	tissue_restricted_surface	low
TFAM	HGNC:11741	contextual	cell_state_induced	medium
TK1	HGNC:11830	contextual	cell_state_induced	medium
TNFAIP8	HGNC:17260	contextual	cell_state_induced	medium
TOMM40	HGNC:18001	contextual	cell_state_induced	medium
TSPO	HGNC:1158	contextual	cell_state_induced	medium
USP12	HGNC:20485	contextual	dual_localization	medium
VDAC2	HGNC:12672	contextual	dual_localization	medium
WWOX	HGNC:12799	contextual	dual_localization	low
XDH	HGNC:12805	contextual	dual_localization	medium
XRCC6	HGNC:4055	contextual	dual_localization	medium
YWHAB	HGNC:12849	contextual	cell_state_induced	low
ZZEF1	HGNC:29027	contextual	tissue_restricted_surface	low
